x,y,time,value
-84.4088483403684,42.283646764745,2026-03-19,237
-84.4088483403684,42.283646764745,2019-04-23,183
-84.4088483403684,42.283646764745,1996-02-13,90.0
-84.4088483403684,42.283646764745,2020-12-07,75.7
-84.4088483403684,42.283646764745,1988-10-12,69.0
-84.4088483403684,42.283646764745,1988-03-23,152
-84.4088483403684,42.283646764745,2016-06-19,50.7
-84.4088483403684,42.283646764745,2005-07-08,62.3
-84.4088483403684,42.283646764745,2012-06-28,50.9
-84.4088483403684,42.283646764745,1995-11-04,175
-84.4088483403684,42.283646764745,2015-03-23,192
-84.4088483403684,42.283646764745,2023-06-30,53.5
-84.4088483403684,42.283646764745,1991-11-19,118
-84.4088483403684,42.283646764745,2016-04-27,129
-84.4088483403684,42.283646764745,2013-05-15,176
-84.4088483403684,42.283646764745,2007-06-05,223
-84.4088483403684,42.283646764745,2015-11-18,68.3
-84.4088483403684,42.283646764745,2017-08-28,33.0
-84.4088483403684,42.283646764745,1993-03-30,391
-84.4088483403684,42.283646764745,1983-11-30,276
-84.4088483403684,42.283646764745,2006-08-15,67.6
-84.4088483403684,42.283646764745,1980-07-01,75.0
-84.4088483403684,42.283646764745,2012-02-25,263
-84.4088483403684,42.283646764745,2005-09-18,46.0
-84.4088483403684,42.283646764745,2000-10-23,89.0
-84.4088483403684,42.283646764745,1998-05-05,430
-84.4088483403684,42.283646764745,2014-02-13,87.1
-84.4088483403684,42.283646764745,2013-01-19,190
-84.4088483403684,42.283646764745,1993-03-04,169
-84.4088483403684,42.283646764745,1996-01-02,86.0
-84.4088483403684,42.283646764745,1994-01-31,179
-84.4088483403684,42.283646764745,1989-02-25,86.0
-84.4088483403684,42.283646764745,2022-10-25,64.7
-84.4088483403684,42.283646764745,2005-07-10,58.7
-84.4088483403684,42.283646764745,1995-07-23,147
-84.4088483403684,42.283646764745,2014-05-06,165
-84.4088483403684,42.283646764745,1992-11-24,360
-84.4088483403684,42.283646764745,2004-06-03,158
-84.4088483403684,42.283646764745,2003-12-24,128
-84.4088483403684,42.283646764745,1981-04-10,124
-84.4088483403684,42.283646764745,2013-12-27,183
-84.4088483403684,42.283646764745,2002-06-24,67.0
-84.4088483403684,42.283646764745,1992-09-10,271
-84.4088483403684,42.283646764745,1986-09-12,122
-84.4088483403684,42.283646764745,2021-08-02,64.9
-84.4088483403684,42.283646764745,2006-08-03,136
-84.4088483403684,42.283646764745,1992-09-27,247
-84.4088483403684,42.283646764745,2014-10-12,123
-84.4088483403684,42.283646764745,2010-11-03,53.6
-84.4088483403684,42.283646764745,1987-09-29,99.0
-84.4088483403684,42.283646764745,2009-09-24,76.3
-84.4088483403684,42.283646764745,2003-08-18,55.6
-84.4088483403684,42.283646764745,1994-07-01,230
-84.4088483403684,42.283646764745,1997-03-14,296
-84.4088483403684,42.283646764745,1980-07-29,58.0
-84.4088483403684,42.283646764745,2011-10-19,124
-84.4088483403684,42.283646764745,1980-07-27,40.0
-84.4088483403684,42.283646764745,1986-07-02,98.0
-84.4088483403684,42.283646764745,1999-07-06,89.0
-84.4088483403684,42.283646764745,2005-05-20,104
-84.4088483403684,42.283646764745,1994-06-09,66.0
-84.4088483403684,42.283646764745,2016-11-26,71.9
-84.4088483403684,42.283646764745,1986-11-29,162
-84.4088483403684,42.283646764745,2010-09-18,65.1
-84.4088483403684,42.283646764745,2001-09-18,57.0
-84.4088483403684,42.283646764745,2014-05-26,197
-84.4088483403684,42.283646764745,1984-05-10,101
-84.4088483403684,42.283646764745,2007-11-05,66.2
-84.4088483403684,42.283646764745,1994-11-08,164
-84.4088483403684,42.283646764745,1994-08-14,165
-84.4088483403684,42.283646764745,2018-02-08,97.5
-84.4088483403684,42.283646764745,2019-01-02,202
-84.4088483403684,42.283646764745,2000-05-13,180
-84.4088483403684,42.283646764745,1997-06-23,231
-84.4088483403684,42.283646764745,2004-04-26,80.4
-84.4088483403684,42.283646764745,1980-09-13,109
-84.4088483403684,42.283646764745,2010-12-08,89.2
-84.4088483403684,42.283646764745,1997-01-14,108
-84.4088483403684,42.283646764745,1996-02-20,97.0
-84.4088483403684,42.283646764745,2007-11-18,57.3
-84.4088483403684,42.283646764745,1993-02-13,159
-84.4088483403684,42.283646764745,2026-03-10,378
-84.4088483403684,42.283646764745,2011-03-07,296
-84.4088483403684,42.283646764745,2010-03-09,151
-84.4088483403684,42.283646764745,1999-12-30,60.0
-84.4088483403684,42.283646764745,1995-04-10,258
-84.4088483403684,42.283646764745,1992-08-15,103
-84.4088483403684,42.283646764745,2015-03-04,68.5
-84.4088483403684,42.283646764745,2015-09-29,45.9
-84.4088483403684,42.283646764745,1984-04-15,212
-84.4088483403684,42.283646764745,2004-12-08,241
-84.4088483403684,42.283646764745,2026-02-25,138
-84.4088483403684,42.283646764745,1984-10-09,109
-84.4088483403684,42.283646764745,2011-05-25,414
-84.4088483403684,42.283646764745,2026-03-23,191
-84.4088483403684,42.283646764745,2010-01-01,176
-84.4088483403684,42.283646764745,2019-01-28,79.3
-84.4088483403684,42.283646764745,2017-06-12,66.5
-84.4088483403684,42.283646764745,2007-08-10,88.2
-84.4088483403684,42.283646764745,1999-02-15,188
-84.4088483403684,42.283646764745,1995-04-13,222
-84.4088483403684,42.283646764745,2004-06-12,240
-84.4088483403684,42.283646764745,1991-06-19,99.0
-84.4088483403684,42.283646764745,2000-12-31,119
-84.4088483403684,42.283646764745,1981-12-04,111
-84.4088483403684,42.283646764745,2013-06-29,256
-84.4088483403684,42.283646764745,1993-12-31,83.0
-84.4088483403684,42.283646764745,1989-03-16,153
-84.4088483403684,42.283646764745,2000-01-19,66.0
-84.4088483403684,42.283646764745,1992-12-27,139
-84.4088483403684,42.283646764745,2019-12-05,235
-84.4088483403684,42.283646764745,1998-12-08,107
-84.4088483403684,42.283646764745,2000-08-19,76.0
-84.4088483403684,42.283646764745,2006-02-17,255
-84.4088483403684,42.283646764745,1981-03-14,106
-84.4088483403684,42.283646764745,2020-01-04,318
-84.4088483403684,42.283646764745,1980-09-05,167
-84.4088483403684,42.283646764745,2008-09-04,67.5
-84.4088483403684,42.283646764745,1982-04-16,363
-84.4088483403684,42.283646764745,1995-07-30,59.0
-84.4088483403684,42.283646764745,2023-12-30,122
-84.4088483403684,42.283646764745,1992-09-14,251
-84.4088483403684,42.283646764745,2008-10-24,99.2
-84.4088483403684,42.283646764745,1983-01-25,142
-84.4088483403684,42.283646764745,1990-10-28,140
-84.4088483403684,42.283646764745,1989-04-16,199
-84.4088483403684,42.283646764745,1992-12-02,254
-84.4088483403684,42.283646764745,1994-10-20,94.0
-84.4088483403684,42.283646764745,2008-02-24,275
-84.4088483403684,42.283646764745,2009-06-15,265
-84.4088483403684,42.283646764745,2018-01-06,80.3
-84.4088483403684,42.283646764745,2018-12-07,167
-84.4088483403684,42.283646764745,2021-06-05,56.5
-84.4088483403684,42.283646764745,2011-10-10,83.9
-84.4088483403684,42.283646764745,1988-06-07,47.0
-84.4088483403684,42.283646764745,1984-09-12,47.0
-84.4088483403684,42.283646764745,2023-02-22,138
-84.4088483403684,42.283646764745,1995-09-06,92.0
-84.4088483403684,42.283646764745,1986-10-10,246
-84.4088483403684,42.283646764745,1984-02-11,108
-84.4088483403684,42.283646764745,1987-02-08,116
-84.4088483403684,42.283646764745,1984-11-20,86.0
-84.4088483403684,42.283646764745,1988-10-18,148
-84.4088483403684,42.283646764745,1988-11-17,298
-84.4088483403684,42.283646764745,1984-12-13,144
-84.4088483403684,42.283646764745,2001-06-02,249
-84.4088483403684,42.283646764745,2017-12-06,84.3
-84.4088483403684,42.283646764745,1985-12-15,96.0
-84.4088483403684,42.283646764745,2017-01-21,388
-84.4088483403684,42.283646764745,1999-09-21,34.0
-84.4088483403684,42.283646764745,2023-08-30,74.1
-84.4088483403684,42.283646764745,2025-01-13,121
-84.4088483403684,42.283646764745,1987-07-16,38.0
-84.4088483403684,42.283646764745,1989-03-04,156
-84.4088483403684,42.283646764745,1997-02-15,107
-84.4088483403684,42.283646764745,2014-03-02,154
-84.4088483403684,42.283646764745,1992-11-02,264
-84.4088483403684,42.283646764745,2021-11-27,228
-84.4088483403684,42.283646764745,1998-02-11,164
-84.4088483403684,42.283646764745,2009-11-23,104
-84.4088483403684,42.283646764745,2000-03-18,89.0
-84.4088483403684,42.283646764745,1981-05-29,232
-84.4088483403684,42.283646764745,2025-05-06,361
-84.4088483403684,42.283646764745,1991-07-07,102
-84.4088483403684,42.283646764745,2001-12-01,306
-84.4088483403684,42.283646764745,2004-03-26,232
-84.4088483403684,42.283646764745,2013-11-17,108
-84.4088483403684,42.283646764745,1997-04-24,115
-84.4088483403684,42.283646764745,1985-12-07,190
-84.4088483403684,42.283646764745,1989-04-10,312
-84.4088483403684,42.283646764745,2002-01-17,166
-84.4088483403684,42.283646764745,1999-12-16,95.0
-84.4088483403684,42.283646764745,2013-05-09,150
-84.4088483403684,42.283646764745,1982-02-09,83.0
-84.4088483403684,42.283646764745,1979-05-25,143
-84.4088483403684,42.283646764745,1995-11-25,152
-84.4088483403684,42.283646764745,1985-02-04,74.0
-84.4088483403684,42.283646764745,2016-09-24,37.6
-84.4088483403684,42.283646764745,2005-09-27,54.8
-84.4088483403684,42.283646764745,2024-03-20,157
-84.4088483403684,42.283646764745,1996-07-02,89.0
-84.4088483403684,42.283646764745,1990-02-04,139
-84.4088483403684,42.283646764745,1981-04-12,199
-84.4088483403684,42.283646764745,2000-05-26,148
-84.4088483403684,42.283646764745,2020-08-22,53.2
-84.4088483403684,42.283646764745,1987-02-02,86.0
-84.4088483403684,42.283646764745,2016-06-21,47.8
-84.4088483403684,42.283646764745,1987-11-15,49.0
-84.4088483403684,42.283646764745,2024-07-18,513
-84.4088483403684,42.283646764745,1982-05-27,189
-84.4088483403684,42.283646764745,2019-03-08,100
-84.4088483403684,42.283646764745,1979-09-10,43.0
-84.4088483403684,42.283646764745,2025-03-30,205
-84.4088483403684,42.283646764745,2019-03-06,101
-84.4088483403684,42.283646764745,2007-05-28,149
-84.4088483403684,42.283646764745,2015-05-05,88.4
-84.4088483403684,42.283646764745,2012-09-02,31.6
-84.4088483403684,42.283646764745,2014-03-03,149
-84.4088483403684,42.283646764745,1987-12-13,171
-84.4088483403684,42.283646764745,2013-03-04,101
-84.4088483403684,42.283646764745,1999-10-16,51.0
-84.4088483403684,42.283646764745,1992-02-27,193
-84.4088483403684,42.283646764745,2009-07-28,110
-84.4088483403684,42.283646764745,2010-01-03,151
-84.4088483403684,42.283646764745,1998-03-21,390
-84.4088483403684,42.283646764745,1988-07-22,40.0
-84.4088483403684,42.283646764745,1980-04-05,318
-84.4088483403684,42.283646764745,2021-10-26,410
-84.4088483403684,42.283646764745,2015-01-25,78.8
-84.4088483403684,42.283646764745,2022-02-11,126
-84.4088483403684,42.283646764745,1993-03-28,359
-84.4088483403684,42.283646764745,2018-10-21,75.0
-84.4088483403684,42.283646764745,2004-08-10,83.1
-84.4088483403684,42.283646764745,2017-02-23,198
-84.4088483403684,42.283646764745,1995-06-15,67.0
-84.4088483403684,42.283646764745,2023-04-21,165
-84.4088483403684,42.283646764745,1999-07-15,74.0
-84.4088483403684,42.283646764745,1986-12-05,168
-84.4088483403684,42.283646764745,2017-02-25,210
-84.4088483403684,42.283646764745,2005-08-29,59.5
-84.4088483403684,42.283646764745,2003-11-18,123
-84.4088483403684,42.283646764745,1982-06-09,198
-84.4088483403684,42.283646764745,2002-09-14,37.0
-84.4088483403684,42.283646764745,1997-03-17,303
-84.4088483403684,42.283646764745,2017-05-30,257
-84.4088483403684,42.283646764745,2020-10-30,69.7
-84.4088483403684,42.283646764745,2009-07-22,75.3
-84.4088483403684,42.283646764745,1995-05-10,199
-84.4088483403684,42.283646764745,1991-01-23,250
-84.4088483403684,42.283646764745,2022-03-26,480
-84.4088483403684,42.283646764745,2021-10-03,153
-84.4088483403684,42.283646764745,2010-07-08,139
-84.4088483403684,42.283646764745,2009-10-12,140
-84.4088483403684,42.283646764745,2024-12-12,88.2
-84.4088483403684,42.283646764745,2008-04-09,386
-84.4088483403684,42.283646764745,1979-03-19,199
-84.4088483403684,42.283646764745,2009-10-23,225
-84.4088483403684,42.283646764745,2012-05-17,86.6
-84.4088483403684,42.283646764745,2018-08-11,45.4
-84.4088483403684,42.283646764745,2025-08-07,65.8
-84.4088483403684,42.283646764745,1996-06-27,135
-84.4088483403684,42.283646764745,1999-08-11,66.0
-84.4088483403684,42.283646764745,2006-02-11,206
-84.4088483403684,42.283646764745,1980-07-04,60.0
-84.4088483403684,42.283646764745,2011-01-20,73.6
-84.4088483403684,42.283646764745,2013-12-23,171
-84.4088483403684,42.283646764745,1999-01-14,72.0
-84.4088483403684,42.283646764745,1981-09-01,94.0
-84.4088483403684,42.283646764745,1984-02-03,100
-84.4088483403684,42.283646764745,2021-01-12,107
-84.4088483403684,42.283646764745,2014-06-08,184
-84.4088483403684,42.283646764745,2010-02-16,96.6
-84.4088483403684,42.283646764745,1981-01-05,70.0
-84.4088483403684,42.283646764745,1993-05-21,94.0
-84.4088483403684,42.283646764745,2011-03-19,327
-84.4088483403684,42.283646764745,2015-10-09,42.7
-84.4088483403684,42.283646764745,1985-01-09,206
-84.4088483403684,42.283646764745,2004-08-09,83.3
-84.4088483403684,42.283646764745,1994-12-10,207
-84.4088483403684,42.283646764745,1983-04-20,329
-84.4088483403684,42.283646764745,2026-01-11,146
-84.4088483403684,42.283646764745,2020-04-10,257
-84.4088483403684,42.283646764745,2001-08-19,52.0
-84.4088483403684,42.283646764745,2021-12-22,255
-84.4088483403684,42.283646764745,2000-09-17,102
-84.4088483403684,42.283646764745,2013-01-16,211
-84.4088483403684,42.283646764745,2011-04-16,188
-84.4088483403684,42.283646764745,2015-03-28,186
-84.4088483403684,42.283646764745,2004-08-04,129
-84.4088483403684,42.283646764745,1983-11-29,268
-84.4088483403684,42.283646764745,1986-03-19,407
-84.4088483403684,42.283646764745,2007-01-28,204
-84.4088483403684,42.283646764745,2008-10-08,96.2
-84.4088483403684,42.283646764745,1992-03-10,180
-84.4088483403684,42.283646764745,2007-01-06,385
-84.4088483403684,42.283646764745,1989-02-07,145
-84.4088483403684,42.283646764745,2016-12-11,138
-84.4088483403684,42.283646764745,2017-06-21,61.9
-84.4088483403684,42.283646764745,2019-10-01,110
-84.4088483403684,42.283646764745,2019-07-08,106
-84.4088483403684,42.283646764745,2001-08-24,58.0
-84.4088483403684,42.283646764745,2015-03-12,130
-84.4088483403684,42.283646764745,1994-03-31,289
-84.4088483403684,42.283646764745,2017-09-16,28.7
-84.4088483403684,42.283646764745,2014-03-01,159
-84.4088483403684,42.283646764745,1985-09-22,49.0
-84.4088483403684,42.283646764745,2014-05-25,220
-84.4088483403684,42.283646764745,1986-10-01,272
-84.4088483403684,42.283646764745,1991-07-26,56.0
-84.4088483403684,42.283646764745,2000-04-10,84.0
-84.4088483403684,42.283646764745,1982-09-27,147
-84.4088483403684,42.283646764745,1997-04-11,209
-84.4088483403684,42.283646764745,1994-12-01,149
-84.4088483403684,42.283646764745,1987-08-23,50.0
-84.4088483403684,42.283646764745,2001-02-25,421
-84.4088483403684,42.283646764745,1980-03-27,306
-84.4088483403684,42.283646764745,2012-02-13,166
-84.4088483403684,42.283646764745,2008-10-29,134
-84.4088483403684,42.283646764745,1982-09-05,35.0
-84.4088483403684,42.283646764745,1992-08-02,251
-84.4088483403684,42.283646764745,1998-12-03,84.0
-84.4088483403684,42.283646764745,1998-12-19,133
-84.4088483403684,42.283646764745,1990-01-02,98.0
-84.4088483403684,42.283646764745,2004-10-10,45.9
-84.4088483403684,42.283646764745,1981-11-29,166
-84.4088483403684,42.283646764745,2017-09-11,30.5
-84.4088483403684,42.283646764745,2015-06-14,326
-84.4088483403684,42.283646764745,2017-11-10,86.2
-84.4088483403684,42.283646764745,1996-09-01,52.0
-84.4088483403684,42.283646764745,2024-01-23,126
-84.4088483403684,42.283646764745,1991-04-25,333
-84.4088483403684,42.283646764745,1979-12-01,153
-84.4088483403684,42.283646764745,2016-09-11,44.4
-84.4088483403684,42.283646764745,2011-10-13,84.0
-84.4088483403684,42.283646764745,2013-06-04,132
-84.4088483403684,42.283646764745,2006-11-10,199
-84.4088483403684,42.283646764745,2000-05-16,113
-84.4088483403684,42.283646764745,2026-01-16,114
-84.4088483403684,42.283646764745,2014-09-12,56.5
-84.4088483403684,42.283646764745,2002-02-24,310
-84.4088483403684,42.283646764745,1995-03-26,186
-84.4088483403684,42.283646764745,1982-02-25,157
-84.4088483403684,42.283646764745,2008-12-13,160
-84.4088483403684,42.283646764745,2024-03-16,171
-84.4088483403684,42.283646764745,1993-11-20,137
-84.4088483403684,42.283646764745,2025-04-29,158
-84.4088483403684,42.283646764745,2018-03-19,165
-84.4088483403684,42.283646764745,1982-01-30,140
-84.4088483403684,42.283646764745,2001-11-09,189
-84.4088483403684,42.283646764745,2022-12-04,68.8
-84.4088483403684,42.283646764745,2022-03-22,389
-84.4088483403684,42.283646764745,1984-05-17,155
-84.4088483403684,42.283646764745,2009-07-02,149
-84.4088483403684,42.283646764745,1983-12-24,96.0
-84.4088483403684,42.283646764745,2015-04-14,108
-84.4088483403684,42.283646764745,1993-09-23,122
-84.4088483403684,42.283646764745,2002-05-30,149
-84.4088483403684,42.283646764745,1993-12-19,142
-84.4088483403684,42.283646764745,1987-01-05,102
-84.4088483403684,42.283646764745,2009-07-11,85.7
-84.4088483403684,42.283646764745,1982-08-15,48.0
-84.4088483403684,42.283646764745,2000-09-14,165
-84.4088483403684,42.283646764745,1985-11-24,234
-84.4088483403684,42.283646764745,2009-09-21,96.1
-84.4088483403684,42.283646764745,1980-03-11,138
-84.4088483403684,42.283646764745,1983-02-24,185
-84.4088483403684,42.283646764745,2008-09-08,72.3
-84.4088483403684,42.283646764745,1979-08-02,121
-84.4088483403684,42.283646764745,2005-10-01,47.8
-84.4088483403684,42.283646764745,1987-06-07,90.0
-84.4088483403684,42.283646764745,2016-01-07,149
-84.4088483403684,42.283646764745,2006-12-21,181
-84.4088483403684,42.283646764745,2024-12-30,194
-84.4088483403684,42.283646764745,2005-10-29,40.5
-84.4088483403684,42.283646764745,2024-06-06,160
-84.4088483403684,42.283646764745,2006-02-27,189
-84.4088483403684,42.283646764745,2005-09-01,53.7
-84.4088483403684,42.283646764745,2009-03-11,582
-84.4088483403684,42.283646764745,1985-07-26,86.0
-84.4088483403684,42.283646764745,2015-09-07,67.4
-84.4088483403684,42.283646764745,2020-04-26,172
-84.4088483403684,42.283646764745,1984-11-28,145
-84.4088483403684,42.283646764745,1982-04-17,364
-84.4088483403684,42.283646764745,1994-06-30,232
-84.4088483403684,42.283646764745,2006-04-28,98.5
-84.4088483403684,42.283646764745,1988-02-02,196
-84.4088483403684,42.283646764745,1992-10-12,95.0
-84.4088483403684,42.283646764745,1996-06-29,132
-84.4088483403684,42.283646764745,1980-02-02,51.0
-84.4088483403684,42.283646764745,1999-08-13,61.0
-84.4088483403684,42.283646764745,2005-12-10,64.8
-84.4088483403684,42.283646764745,2013-02-19,199
-84.4088483403684,42.283646764745,2018-11-03,95.2
-84.4088483403684,42.283646764745,1990-08-23,99.0
-84.4088483403684,42.283646764745,1980-06-28,66.0
-84.4088483403684,42.283646764745,1992-04-06,158
-84.4088483403684,42.283646764745,1979-10-08,39.0
-84.4088483403684,42.283646764745,2009-04-04,346
-84.4088483403684,42.283646764745,2018-02-24,628
-84.4088483403684,42.283646764745,2023-01-09,138
-84.4088483403684,42.283646764745,2013-08-28,255
-84.4088483403684,42.283646764745,2009-08-31,127
-84.4088483403684,42.283646764745,2017-12-27,90.3
-84.4088483403684,42.283646764745,2018-09-07,101
-84.4088483403684,42.283646764745,1987-06-29,42.0
-84.4088483403684,42.283646764745,1988-06-30,37.0
-84.4088483403684,42.283646764745,2025-04-25,109
-84.4088483403684,42.283646764745,1988-09-07,40.0
-84.4088483403684,42.283646764745,2014-01-25,144
-84.4088483403684,42.283646764745,1983-02-06,156
-84.4088483403684,42.283646764745,2010-12-20,79.2
-84.4088483403684,42.283646764745,1990-12-04,209
-84.4088483403684,42.283646764745,2013-03-02,103
-84.4088483403684,42.283646764745,2007-02-12,141
-84.4088483403684,42.283646764745,2022-05-18,164
-84.4088483403684,42.283646764745,1980-07-10,69.0
-84.4088483403684,42.283646764745,1981-09-24,206
-84.4088483403684,42.283646764745,1998-07-18,71.0
-84.4088483403684,42.283646764745,2013-09-09,158
-84.4088483403684,42.283646764745,1983-04-18,339
-84.4088483403684,42.283646764745,2020-09-28,60.0
-84.4088483403684,42.283646764745,1991-05-21,150
-84.4088483403684,42.283646764745,2020-03-09,213
-84.4088483403684,42.283646764745,1993-05-29,115
-84.4088483403684,42.283646764745,2008-09-16,355
-84.4088483403684,42.283646764745,1979-04-19,189
-84.4088483403684,42.283646764745,2007-12-25,174
-84.4088483403684,42.283646764745,1988-08-04,40.0
-84.4088483403684,42.283646764745,2004-02-14,72.8
-84.4088483403684,42.283646764745,1988-11-26,247
-84.4088483403684,42.283646764745,1985-10-28,188
-84.4088483403684,42.283646764745,2016-10-23,85.0
-84.4088483403684,42.283646764745,1991-11-28,164
-84.4088483403684,42.283646764745,2007-08-30,157
-84.4088483403684,42.283646764745,2014-10-18,116
-84.4088483403684,42.283646764745,2007-08-11,64.1
-84.4088483403684,42.283646764745,1994-06-19,143
-84.4088483403684,42.283646764745,2004-12-19,170
-84.4088483403684,42.283646764745,1985-09-26,63.0
-84.4088483403684,42.283646764745,2001-08-30,74.0
-84.4088483403684,42.283646764745,2018-03-22,131
-84.4088483403684,42.283646764745,2000-10-03,68.0
-84.4088483403684,42.283646764745,2024-06-22,115
-84.4088483403684,42.283646764745,1984-11-01,77.0
-84.4088483403684,42.283646764745,1980-06-13,215
-84.4088483403684,42.283646764745,1989-07-18,73.0
-84.4088483403684,42.283646764745,1999-09-28,32.0
-84.4088483403684,42.283646764745,1987-04-11,159
-84.4088483403684,42.283646764745,1995-06-26,187
-84.4088483403684,42.283646764745,1992-08-29,164
-84.4088483403684,42.283646764745,2007-12-29,173
-84.4088483403684,42.283646764745,2023-06-12,57.5
-84.4088483403684,42.283646764745,1986-10-05,300
-84.4088483403684,42.283646764745,2004-11-29,194
-84.4088483403684,42.283646764745,1981-03-20,159
-84.4088483403684,42.283646764745,2018-09-11,60.4
-84.4088483403684,42.283646764745,2008-06-23,92.0
-84.4088483403684,42.283646764745,2017-01-07,86.2
-84.4088483403684,42.283646764745,1995-05-19,105
-84.4088483403684,42.283646764745,1990-02-19,197
-84.4088483403684,42.283646764745,2018-04-14,227
-84.4088483403684,42.283646764745,2012-08-28,38.8
-84.4088483403684,42.283646764745,2008-02-27,239
-84.4088483403684,42.283646764745,1997-12-23,139
-84.4088483403684,42.283646764745,2019-04-15,202
-84.4088483403684,42.283646764745,2025-07-18,80.4
-84.4088483403684,42.283646764745,2003-07-18,42.5
-84.4088483403684,42.283646764745,2015-12-28,106
-84.4088483403684,42.283646764745,1998-05-20,117
-84.4088483403684,42.283646764745,1985-11-12,203
-84.4088483403684,42.283646764745,2026-01-13,140
-84.4088483403684,42.283646764745,1991-10-30,236
-84.4088483403684,42.283646764745,2016-10-12,73.1
-84.4088483403684,42.283646764745,2009-04-13,309
-84.4088483403684,42.283646764745,1988-05-06,108
-84.4088483403684,42.283646764745,1989-03-14,135
-84.4088483403684,42.283646764745,2013-04-23,493
-84.4088483403684,42.283646764745,2009-08-22,114
-84.4088483403684,42.283646764745,1991-05-07,195
-84.4088483403684,42.283646764745,2025-10-21,67.6
-84.4088483403684,42.283646764745,2017-09-29,29.2
-84.4088483403684,42.283646764745,1990-10-02,99.0
-84.4088483403684,42.283646764745,2025-03-01,154
-84.4088483403684,42.283646764745,2025-07-28,141
-84.4088483403684,42.283646764745,2006-03-10,224
-84.4088483403684,42.283646764745,1986-07-21,79.0
-84.4088483403684,42.283646764745,2002-10-03,48.5
-84.4088483403684,42.283646764745,1984-01-18,77.0
-84.4088483403684,42.283646764745,1995-01-09,88.0
-84.4088483403684,42.283646764745,2021-03-19,81.3
-84.4088483403684,42.283646764745,2021-11-22,183
-84.4088483403684,42.283646764745,1986-09-27,242
-84.4088483403684,42.283646764745,2019-08-07,71.8
-84.4088483403684,42.283646764745,1999-06-02,98.0
-84.4088483403684,42.283646764745,2007-04-25,239
-84.4088483403684,42.283646764745,1997-05-30,170
-84.4088483403684,42.283646764745,1991-12-23,106
-84.4088483403684,42.283646764745,2012-11-04,55.9
-84.4088483403684,42.283646764745,2005-01-28,132
-84.4088483403684,42.283646764745,2025-04-17,168
-84.4088483403684,42.283646764745,2004-07-19,130
-84.4088483403684,42.283646764745,2004-05-06,95.6
-84.4088483403684,42.283646764745,1991-07-09,73.0
-84.4088483403684,42.283646764745,2024-04-16,196
-84.4088483403684,42.283646764745,2020-05-18,559
-84.4088483403684,42.283646764745,1979-03-20,195
-84.4088483403684,42.283646764745,1983-01-16,129
-84.4088483403684,42.283646764745,1979-08-03,175
-84.4088483403684,42.283646764745,2020-07-15,82.5
-84.4088483403684,42.283646764745,1996-07-30,62.0
-84.4088483403684,42.283646764745,2010-08-14,100
-84.4088483403684,42.283646764745,1997-08-24,114
-84.4088483403684,42.283646764745,2006-04-17,158
-84.4088483403684,42.283646764745,2002-11-14,118
-84.4088483403684,42.283646764745,1988-06-29,37.0
-84.4088483403684,42.283646764745,2010-12-17,86.5
-84.4088483403684,42.283646764745,1980-04-24,207
-84.4088483403684,42.283646764745,2005-06-07,67.5
-84.4088483403684,42.283646764745,1986-08-17,44.0
-84.4088483403684,42.283646764745,2010-05-17,339
-84.4088483403684,42.283646764745,2025-03-16,252
-84.4088483403684,42.283646764745,2012-01-11,169
-84.4088483403684,42.283646764745,1980-10-30,79.0
-84.4088483403684,42.283646764745,2015-08-01,66.9
-84.4088483403684,42.283646764745,1984-07-15,43.0
-84.4088483403684,42.283646764745,2014-12-19,71.4
-84.4088483403684,42.283646764745,2011-09-04,96.8
-84.4088483403684,42.283646764745,1982-11-04,231
-84.4088483403684,42.283646764745,1987-07-30,32.0
-84.4088483403684,42.283646764745,1990-06-05,157
-84.4088483403684,42.283646764745,1994-09-08,64.0
-84.4088483403684,42.283646764745,2014-08-30,45.4
-84.4088483403684,42.283646764745,2016-01-25,75.7
-84.4088483403684,42.283646764745,1999-11-13,49.0
-84.4088483403684,42.283646764745,2024-06-16,74.3
-84.4088483403684,42.283646764745,1995-02-06,104
-84.4088483403684,42.283646764745,2007-04-23,142
-84.4088483403684,42.283646764745,2024-01-15,139
-84.4088483403684,42.283646764745,1998-10-27,67.0
-84.4088483403684,42.283646764745,1981-02-04,135
-84.4088483403684,42.283646764745,2024-07-05,175
-84.4088483403684,42.283646764745,2016-02-28,111
-84.4088483403684,42.283646764745,1984-05-06,160
-84.4088483403684,42.283646764745,2016-11-11,118
-84.4088483403684,42.283646764745,1980-02-05,54.0
-84.4088483403684,42.283646764745,1997-10-03,129
-84.4088483403684,42.283646764745,2021-05-02,77.3
-84.4088483403684,42.283646764745,2013-11-29,76.0
-84.4088483403684,42.283646764745,2017-11-18,257
-84.4088483403684,42.283646764745,1994-05-08,228
-84.4088483403684,42.283646764745,1997-07-14,73.0
-84.4088483403684,42.283646764745,2020-11-29,109
-84.4088483403684,42.283646764745,1999-08-01,66.0
-84.4088483403684,42.283646764745,2012-10-20,68.1
-84.4088483403684,42.283646764745,2009-06-10,222
-84.4088483403684,42.283646764745,1985-09-09,94.0
-84.4088483403684,42.283646764745,2010-07-20,111
-84.4088483403684,42.283646764745,1987-01-18,117
-84.4088483403684,42.283646764745,1994-03-08,225
-84.4088483403684,42.283646764745,2024-12-01,91.0
-84.4088483403684,42.283646764745,2007-11-13,61.2
-84.4088483403684,42.283646764745,2007-04-06,158
-84.4088483403684,42.283646764745,1980-03-24,323
-84.4088483403684,42.283646764745,1987-11-02,98.0
-84.4088483403684,42.283646764745,2007-01-16,386
-84.4088483403684,42.283646764745,2015-02-13,68.8
-84.4088483403684,42.283646764745,2025-12-05,69.6
-84.4088483403684,42.283646764745,1992-05-24,110
-84.4088483403684,42.283646764745,1994-06-17,154
-84.4088483403684,42.283646764745,2014-09-28,63.9
-84.4088483403684,42.283646764745,2004-06-23,137
-84.4088483403684,42.283646764745,1994-08-04,107
-84.4088483403684,42.283646764745,1991-12-18,189
-84.4088483403684,42.283646764745,2019-06-02,204
-84.4088483403684,42.283646764745,2023-11-30,97.3
-84.4088483403684,42.283646764745,2014-10-19,65.6
-84.4088483403684,42.283646764745,2001-12-21,282
-84.4088483403684,42.283646764745,1987-06-22,90.0
-84.4088483403684,42.283646764745,2008-05-25,119
-84.4088483403684,42.283646764745,1991-03-16,192
-84.4088483403684,42.283646764745,1981-08-30,145
-84.4088483403684,42.283646764745,2007-10-20,97.7
-84.4088483403684,42.283646764745,2006-08-26,59.7
-84.4088483403684,42.283646764745,2015-10-10,39.4
-84.4088483403684,42.283646764745,1997-07-23,86.0
-84.4088483403684,42.283646764745,2002-05-09,198
-84.4088483403684,42.283646764745,1979-11-02,105
-84.4088483403684,42.283646764745,2003-12-04,75.5
-84.4088483403684,42.283646764745,2021-08-30,53.5
-84.4088483403684,42.283646764745,1984-09-30,46.0
-84.4088483403684,42.283646764745,1993-09-17,141
-84.4088483403684,42.283646764745,1986-08-02,54.0
-84.4088483403684,42.283646764745,2004-08-24,71.4
-84.4088483403684,42.283646764745,1981-06-05,171
-84.4088483403684,42.283646764745,2022-12-05,68.0
-84.4088483403684,42.283646764745,2005-12-31,149
-84.4088483403684,42.283646764745,1991-08-18,106
-84.4088483403684,42.283646764745,2006-10-16,120
-84.4088483403684,42.283646764745,1989-07-13,80.0
-84.4088483403684,42.283646764745,2022-06-30,83.6
-84.4088483403684,42.283646764745,1982-11-19,167
-84.4088483403684,42.283646764745,2012-11-22,49.8
-84.4088483403684,42.283646764745,2004-07-09,96.8
-84.4088483403684,42.283646764745,2025-02-13,91.5
-84.4088483403684,42.283646764745,2017-07-04,59.0
-84.4088483403684,42.283646764745,2025-05-29,148
-84.4088483403684,42.283646764745,2019-01-11,157
-84.4088483403684,42.283646764745,2022-10-31,81.6
-84.4088483403684,42.283646764745,2010-05-08,256
-84.4088483403684,42.283646764745,1980-04-19,280
-84.4088483403684,42.283646764745,2015-08-21,59.7
-84.4088483403684,42.283646764745,1983-07-28,99.0
-84.4088483403684,42.283646764745,1988-03-15,198
-84.4088483403684,42.283646764745,2002-11-29,57.8
-84.4088483403684,42.283646764745,2017-10-12,54.3
-84.4088483403684,42.283646764745,1979-05-28,92.0
-84.4088483403684,42.283646764745,2017-12-29,88.9
-84.4088483403684,42.283646764745,1995-06-01,173
-84.4088483403684,42.283646764745,1988-01-17,110
-84.4088483403684,42.283646764745,2004-06-17,281
-84.4088483403684,42.283646764745,2000-03-11,133
-84.4088483403684,42.283646764745,1980-11-02,133
-84.4088483403684,42.283646764745,2023-11-29,99.0
-84.4088483403684,42.283646764745,2003-10-11,55.9
-84.4088483403684,42.283646764745,1979-02-26,69.0
-84.4088483403684,42.283646764745,1999-11-02,52.0
-84.4088483403684,42.283646764745,2014-12-17,120
-84.4088483403684,42.283646764745,2024-02-09,269
-84.4088483403684,42.283646764745,2001-02-16,412
-84.4088483403684,42.283646764745,2008-08-03,57.4
-84.4088483403684,42.283646764745,1997-07-20,60.0
-84.4088483403684,42.283646764745,1986-08-10,65.0
-84.4088483403684,42.283646764745,1995-03-28,187
-84.4088483403684,42.283646764745,2022-03-30,351
-84.4088483403684,42.283646764745,2019-08-11,57.4
-84.4088483403684,42.283646764745,2011-10-23,180
-84.4088483403684,42.283646764745,1988-09-11,33.0
-84.4088483403684,42.283646764745,1986-09-02,46.0
-84.4088483403684,42.283646764745,1990-10-20,303
-84.4088483403684,42.283646764745,2025-01-30,85.5
-84.4088483403684,42.283646764745,2005-11-22,59.5
-84.4088483403684,42.283646764745,2013-01-02,46.7
-84.4088483403684,42.283646764745,2003-04-01,189
-84.4088483403684,42.283646764745,1992-04-04,172
-84.4088483403684,42.283646764745,2021-10-13,351
-84.4088483403684,42.283646764745,1980-01-24,132
-84.4088483403684,42.283646764745,2019-07-02,132
-84.4088483403684,42.283646764745,2013-03-13,256
-84.4088483403684,42.283646764745,2015-12-09,124
-84.4088483403684,42.283646764745,2025-07-20,71.9
-84.4088483403684,42.283646764745,2020-02-10,208
-84.4088483403684,42.283646764745,2014-03-30,360
-84.4088483403684,42.283646764745,1990-08-25,93.0
-84.4088483403684,42.283646764745,1987-05-07,87.0
-84.4088483403684,42.283646764745,1998-10-28,67.0
-84.4088483403684,42.283646764745,2015-12-20,54.6
-84.4088483403684,42.283646764745,2007-06-22,76.1
-84.4088483403684,42.283646764745,2000-10-28,93.0
-84.4088483403684,42.283646764745,2004-07-01,83.2
-84.4088483403684,42.283646764745,2021-06-12,54.0
-84.4088483403684,42.283646764745,2008-05-29,80.9
-84.4088483403684,42.283646764745,2014-02-15,128
-84.4088483403684,42.283646764745,1996-10-06,87.0
-84.4088483403684,42.283646764745,2022-08-05,107
-84.4088483403684,42.283646764745,1979-04-16,202
-84.4088483403684,42.283646764745,1996-09-20,61.0
-84.4088483403684,42.283646764745,1991-03-04,211
-84.4088483403684,42.283646764745,2011-04-29,447
-84.4088483403684,42.283646764745,2025-12-23,100
-84.4088483403684,42.283646764745,2017-09-26,31.1
-84.4088483403684,42.283646764745,2022-04-19,218
-84.4088483403684,42.283646764745,1994-03-10,238
-84.4088483403684,42.283646764745,2024-06-23,122
-84.4088483403684,42.283646764745,1996-03-31,187
-84.4088483403684,42.283646764745,2023-03-08,342
-84.4088483403684,42.283646764745,1997-11-19,103
-84.4088483403684,42.283646764745,1999-04-16,200
-84.4088483403684,42.283646764745,2010-02-26,110
-84.4088483403684,42.283646764745,2026-02-16,91.2
-84.4088483403684,42.283646764745,2016-03-02,251
-84.4088483403684,42.283646764745,2002-01-25,159
-84.4088483403684,42.283646764745,2015-11-20,64.4
-84.4088483403684,42.283646764745,1982-01-27,81.0
-84.4088483403684,42.283646764745,2024-10-26,83.7
-84.4088483403684,42.283646764745,2004-04-28,77.0
-84.4088483403684,42.283646764745,1997-01-20,100
-84.4088483403684,42.283646764745,1990-05-20,312
-84.4088483403684,42.283646764745,1983-11-20,202
-84.4088483403684,42.283646764745,1993-05-25,115
-84.4088483403684,42.283646764745,2007-02-04,156
-84.4088483403684,42.283646764745,2025-12-19,110
-84.4088483403684,42.283646764745,2008-07-20,110
-84.4088483403684,42.283646764745,2023-09-18,73.7
-84.4088483403684,42.283646764745,1986-10-20,158
-84.4088483403684,42.283646764745,2002-05-20,276
-84.4088483403684,42.283646764745,1990-09-23,103
-84.4088483403684,42.283646764745,2011-11-10,242
-84.4088483403684,42.283646764745,2009-02-03,91.4
-84.4088483403684,42.283646764745,2015-08-11,65.3
-84.4088483403684,42.283646764745,2002-08-15,56.0
-84.4088483403684,42.283646764745,1985-08-06,110
-84.4088483403684,42.283646764745,2015-05-24,61.2
-84.4088483403684,42.283646764745,2015-09-01,51.0
-84.4088483403684,42.283646764745,2002-05-23,197
-84.4088483403684,42.283646764745,2025-04-02,265
-84.4088483403684,42.283646764745,1985-04-26,202
-84.4088483403684,42.283646764745,2004-07-30,85.8
-84.4088483403684,42.283646764745,1996-08-13,55.0
-84.4088483403684,42.283646764745,1992-10-27,249
-84.4088483403684,42.283646764745,1988-02-16,136
-84.4088483403684,42.283646764745,2013-10-14,115
-84.4088483403684,42.283646764745,2004-11-14,112
-84.4088483403684,42.283646764745,2015-02-15,67.1
-84.4088483403684,42.283646764745,2002-02-19,164
-84.4088483403684,42.283646764745,2024-01-12,162
-84.4088483403684,42.283646764745,2015-11-16,66.5
-84.4088483403684,42.283646764745,2002-10-21,48.2
-84.4088483403684,42.283646764745,1992-07-12,99.0
-84.4088483403684,42.283646764745,2003-09-18,40.5
-84.4088483403684,42.283646764745,1990-09-11,82.0
-84.4088483403684,42.283646764745,1998-03-15,361
-84.4088483403684,42.283646764745,1988-06-15,45.0
-84.4088483403684,42.283646764745,1983-11-18,97.0
-84.4088483403684,42.283646764745,2004-11-21,108
-84.4088483403684,42.283646764745,2006-11-25,158
-84.4088483403684,42.283646764745,1987-01-26,112
-84.4088483403684,42.283646764745,1986-04-04,226
-84.4088483403684,42.283646764745,2015-01-05,71.3
-84.4088483403684,42.283646764745,2025-02-05,113
-84.4088483403684,42.283646764745,1985-03-21,246
-84.4088483403684,42.283646764745,2001-09-14,94.0
-84.4088483403684,42.283646764745,2019-03-03,107
-84.4088483403684,42.283646764745,2019-12-27,96.9
-84.4088483403684,42.283646764745,1982-01-02,90.0
-84.4088483403684,42.283646764745,2015-03-15,183
-84.4088483403684,42.283646764745,1997-09-07,66.0
-84.4088483403684,42.283646764745,1986-02-11,156
-84.4088483403684,42.283646764745,2020-02-20,130
-84.4088483403684,42.283646764745,2015-02-11,75.2
-84.4088483403684,42.283646764745,1991-08-19,147
-84.4088483403684,42.283646764745,1989-01-17,160
-84.4088483403684,42.283646764745,1979-11-19,51.0
-84.4088483403684,42.283646764745,2017-04-18,208
-84.4088483403684,42.283646764745,2024-03-21,139
-84.4088483403684,42.283646764745,1997-08-02,63.0
-84.4088483403684,42.283646764745,1979-07-02,116
-84.4088483403684,42.283646764745,2020-03-04,207
-84.4088483403684,42.283646764745,1999-10-13,63.0
-84.4088483403684,42.283646764745,1997-05-21,187
-84.4088483403684,42.283646764745,1990-09-08,88.0
-84.4088483403684,42.283646764745,2010-11-01,55.2
-84.4088483403684,42.283646764745,1986-03-25,319
-84.4088483403684,42.283646764745,1992-02-03,130
-84.4088483403684,42.283646764745,2025-09-21,45.4
-84.4088483403684,42.283646764745,2017-01-02,93.1
-84.4088483403684,42.283646764745,1995-05-11,184
-84.4088483403684,42.283646764745,2001-08-29,83.0
-84.4088483403684,42.283646764745,2019-01-30,77.8
-84.4088483403684,42.283646764745,1989-02-28,84.0
-84.4088483403684,42.283646764745,2006-04-16,165
-84.4088483403684,42.283646764745,1983-02-27,170
-84.4088483403684,42.283646764745,2014-10-06,70.4
-84.4088483403684,42.283646764745,2015-08-26,53.1
-84.4088483403684,42.283646764745,1981-01-24,67.0
-84.4088483403684,42.283646764745,2026-08-19,64.7
-84.4088483403684,42.283646764745,1979-08-16,55.0
-84.4088483403684,42.283646764745,1981-11-30,169
-84.4088483403684,42.283646764745,1995-10-04,82.0
-84.4088483403684,42.283646764745,1986-05-22,186
-84.4088483403684,42.283646764745,2009-02-27,246
-84.4088483403684,42.283646764745,2011-03-08,311
-84.4088483403684,42.283646764745,1995-04-27,201
-84.4088483403684,42.283646764745,1992-09-23,233
-84.4088483403684,42.283646764745,2005-05-15,144
-84.4088483403684,42.283646764745,1997-11-30,110
-84.4088483403684,42.283646764745,2026-07-02,67.2
-84.4088483403684,42.283646764745,2015-11-23,70.0
-84.4088483403684,42.283646764745,1998-02-27,354
-84.4088483403684,42.283646764745,1996-11-23,82.0
-84.4088483403684,42.283646764745,2011-08-25,85.3
-84.4088483403684,42.283646764745,2009-01-19,162
-84.4088483403684,42.283646764745,1983-07-04,123
-84.4088483403684,42.283646764745,2021-01-31,73.8
-84.4088483403684,42.283646764745,2004-05-25,335
-84.4088483403684,42.283646764745,2022-08-20,70.0
-84.4088483403684,42.283646764745,2021-08-13,245
-84.4088483403684,42.283646764745,1995-05-01,174
-84.4088483403684,42.283646764745,2013-07-30,59.2
-84.4088483403684,42.283646764745,2022-11-19,73.2
-84.4088483403684,42.283646764745,1980-08-03,163
-84.4088483403684,42.283646764745,2014-05-17,247
-84.4088483403684,42.283646764745,2007-08-21,157
-84.4088483403684,42.283646764745,2001-11-19,106
-84.4088483403684,42.283646764745,1981-08-16,75.0
-84.4088483403684,42.283646764745,2021-07-12,62.8
-84.4088483403684,42.283646764745,2014-07-23,65.6
-84.4088483403684,42.283646764745,2013-10-16,54.5
-84.4088483403684,42.283646764745,2010-03-16,388
-84.4088483403684,42.283646764745,1980-09-16,87.0
-84.4088483403684,42.283646764745,2022-01-25,112
-84.4088483403684,42.283646764745,2000-10-08,183
-84.4088483403684,42.283646764745,1980-11-10,68.0
-84.4088483403684,42.283646764745,2000-12-12,86.0
-84.4088483403684,42.283646764745,2007-07-09,54.5
-84.4088483403684,42.283646764745,2024-10-13,116
-84.4088483403684,42.283646764745,1992-07-09,77.0
-84.4088483403684,42.283646764745,1985-05-08,155
-84.4088483403684,42.283646764745,1979-03-14,276
-84.4088483403684,42.283646764745,2002-01-10,153
-84.4088483403684,42.283646764745,1990-08-06,63.0
-84.4088483403684,42.283646764745,2012-07-21,34.4
-84.4088483403684,42.283646764745,2006-06-20,76.4
-84.4088483403684,42.283646764745,2014-09-21,89.5
-84.4088483403684,42.283646764745,2001-09-20,79.0
-84.4088483403684,42.283646764745,1985-01-18,98.0
-84.4088483403684,42.283646764745,1987-12-20,186
-84.4088483403684,42.283646764745,1988-01-02,141
-84.4088483403684,42.283646764745,2001-06-03,220
-84.4088483403684,42.283646764745,1980-07-09,127
-84.4088483403684,42.283646764745,2004-01-09,104
-84.4088483403684,42.283646764745,2001-03-01,439
-84.4088483403684,42.283646764745,2018-10-09,113
-84.4088483403684,42.283646764745,1993-05-12,237
-84.4088483403684,42.283646764745,1996-01-14,87.0
-84.4088483403684,42.283646764745,1985-06-12,94.0
-84.4088483403684,42.283646764745,2008-11-25,119
-84.4088483403684,42.283646764745,1981-09-15,85.0
-84.4088483403684,42.283646764745,1998-11-05,69.0
-84.4088483403684,42.283646764745,2005-09-22,82.4
-84.4088483403684,42.283646764745,2026-06-14,91.2
-84.4088483403684,42.283646764745,1989-10-17,81.0
-84.4088483403684,42.283646764745,1987-07-15,38.0
-84.4088483403684,42.283646764745,1994-06-26,136
-84.4088483403684,42.283646764745,2023-09-01,67.8
-84.4088483403684,42.283646764745,2018-02-17,110
-84.4088483403684,42.283646764745,2021-02-22,70.7
-84.4088483403684,42.283646764745,1999-06-29,119
-84.4088483403684,42.283646764745,1988-12-31,161
-84.4088483403684,42.283646764745,2004-01-10,92.1
-84.4088483403684,42.283646764745,2001-08-28,110
-84.4088483403684,42.283646764745,1991-01-30,150
-84.4088483403684,42.283646764745,2024-07-22,332
-84.4088483403684,42.283646764745,2001-10-06,117
-84.4088483403684,42.283646764745,1997-05-22,141
-84.4088483403684,42.283646764745,1998-08-31,64.0
-84.4088483403684,42.283646764745,1988-01-11,85.0
-84.4088483403684,42.283646764745,1988-09-09,42.0
-84.4088483403684,42.283646764745,1996-03-15,161
-84.4088483403684,42.283646764745,2004-09-07,73.6
-84.4088483403684,42.283646764745,2013-02-08,133
-84.4088483403684,42.283646764745,2022-11-25,69.7
-84.4088483403684,42.283646764745,1990-08-05,64.0
-84.4088483403684,42.283646764745,2020-11-25,162
-84.4088483403684,42.283646764745,1979-01-28,55.0
-84.4088483403684,42.283646764745,2000-03-02,141
-84.4088483403684,42.283646764745,2009-11-02,259
-84.4088483403684,42.283646764745,1998-05-21,115
-84.4088483403684,42.283646764745,2022-03-01,269
-84.4088483403684,42.283646764745,1986-12-09,179
-84.4088483403684,42.283646764745,2010-06-17,267
-84.4088483403684,42.283646764745,2015-11-21,66.1
-84.4088483403684,42.283646764745,2026-08-22,88.5
-84.4088483403684,42.283646764745,2025-07-25,90.3
-84.4088483403684,42.283646764745,2026-09-04,290
-84.4088483403684,42.283646764745,2017-03-20,160
-84.4088483403684,42.283646764745,2025-08-25,52.0
-84.4088483403684,42.283646764745,1995-01-28,263
-84.4088483403684,42.283646764745,2010-01-26,132
-84.4088483403684,42.283646764745,2018-05-06,157
-84.4088483403684,42.283646764745,2021-07-31,69.2
-84.4088483403684,42.283646764745,1990-03-10,342
-84.4088483403684,42.283646764745,1987-09-07,55.0
-84.4088483403684,42.283646764745,1991-06-18,104
-84.4088483403684,42.283646764745,1995-06-23,59.0
-84.4088483403684,42.283646764745,1991-10-03,124
-84.4088483403684,42.283646764745,1996-02-15,93.0
-84.4088483403684,42.283646764745,1989-01-12,189
-84.4088483403684,42.283646764745,1990-11-29,239
-84.4088483403684,42.283646764745,2023-07-29,147
-84.4088483403684,42.283646764745,2011-08-18,123
-84.4088483403684,42.283646764745,2019-07-10,92.2
-84.4088483403684,42.283646764745,2010-12-02,141
-84.4088483403684,42.283646764745,2019-06-27,157
-84.4088483403684,42.283646764745,1987-06-23,70.0
-84.4088483403684,42.283646764745,2018-11-11,148
-84.4088483403684,42.283646764745,2008-07-03,174
-84.4088483403684,42.283646764745,2025-12-08,69.8
-84.4088483403684,42.283646764745,1987-07-23,33.0
-84.4088483403684,42.283646764745,1998-04-27,372
-84.4088483403684,42.283646764745,2010-07-25,419
-84.4088483403684,42.283646764745,1987-05-22,108
-84.4088483403684,42.283646764745,2004-03-18,184
-84.4088483403684,42.283646764745,1991-09-01,78.0
-84.4088483403684,42.283646764745,2007-02-17,139
-84.4088483403684,42.283646764745,1993-09-11,93.0
-84.4088483403684,42.283646764745,1983-08-06,112
-84.4088483403684,42.283646764745,1997-09-09,87.0
-84.4088483403684,42.283646764745,2024-03-24,124
-84.4088483403684,42.283646764745,1989-10-11,88.0
-84.4088483403684,42.283646764745,1991-04-21,258
-84.4088483403684,42.283646764745,2025-03-31,204
-84.4088483403684,42.283646764745,2025-08-01,90.3
-84.4088483403684,42.283646764745,2025-05-05,188
-84.4088483403684,42.283646764745,1989-03-22,187
-84.4088483403684,42.283646764745,1992-07-18,217
-84.4088483403684,42.283646764745,2007-01-22,199
-84.4088483403684,42.283646764745,1995-11-18,199
-84.4088483403684,42.283646764745,2021-11-14,203
-84.4088483403684,42.283646764745,2016-03-30,187
-84.4088483403684,42.283646764745,2005-12-01,169
-84.4088483403684,42.283646764745,2010-10-02,60.3
-84.4088483403684,42.283646764745,2008-11-18,167
-84.4088483403684,42.283646764745,1997-09-25,148
-84.4088483403684,42.283646764745,2021-05-08,82.4
-84.4088483403684,42.283646764745,2008-04-21,238
-84.4088483403684,42.283646764745,2000-01-25,61.0
-84.4088483403684,42.283646764745,2014-09-25,73.4
-84.4088483403684,42.283646764745,1979-08-23,124
-84.4088483403684,42.283646764745,2020-04-27,176
-84.4088483403684,42.283646764745,2022-01-07,152
-84.4088483403684,42.283646764745,2001-11-14,161
-84.4088483403684,42.283646764745,2024-09-06,76.8
-84.4088483403684,42.283646764745,1981-11-01,177
-84.4088483403684,42.283646764745,2025-02-10,95.4
-84.4088483403684,42.283646764745,2009-05-07,328
-84.4088483403684,42.283646764745,2022-11-28,77.2
-84.4088483403684,42.283646764745,1985-12-27,141
-84.4088483403684,42.283646764745,1984-12-03,82.0
-84.4088483403684,42.283646764745,2007-02-15,110
-84.4088483403684,42.283646764745,1982-01-26,79.0
-84.4088483403684,42.283646764745,2008-09-27,102
-84.4088483403684,42.283646764745,2018-11-22,78.4
-84.4088483403684,42.283646764745,1987-01-28,105
-84.4088483403684,42.283646764745,2003-01-10,77.4
-84.4088483403684,42.283646764745,1991-03-31,196
-84.4088483403684,42.283646764745,1987-09-16,80.0
-84.4088483403684,42.283646764745,1996-10-11,67.0
-84.4088483403684,42.283646764745,1979-10-20,97.0
-84.4088483403684,42.283646764745,2003-02-01,52.5
-84.4088483403684,42.283646764745,1997-11-06,145
-84.4088483403684,42.283646764745,2023-07-22,60.3
-84.4088483403684,42.283646764745,2000-07-04,166
-84.4088483403684,42.283646764745,1984-08-16,39.0
-84.4088483403684,42.283646764745,2013-07-04,102
-84.4088483403684,42.283646764745,1993-08-20,66.0
-84.4088483403684,42.283646764745,1994-04-21,217
-84.4088483403684,42.283646764745,1983-05-22,245
-84.4088483403684,42.283646764745,2025-09-30,49.1
-84.4088483403684,42.283646764745,2006-12-02,364
-84.4088483403684,42.283646764745,2000-09-10,93.0
-84.4088483403684,42.283646764745,2021-01-29,70.4
-84.4088483403684,42.283646764745,2002-12-16,58.9
-84.4088483403684,42.283646764745,1983-06-16,108
-84.4088483403684,42.283646764745,2026-01-04,148
-84.4088483403684,42.283646764745,2024-05-05,158
-84.4088483403684,42.283646764745,1983-07-23,145
-84.4088483403684,42.283646764745,1997-09-05,70.0
-84.4088483403684,42.283646764745,1983-02-01,85.0
-84.4088483403684,42.283646764745,2021-06-23,111
-84.4088483403684,42.283646764745,2025-10-14,41.1
-84.4088483403684,42.283646764745,2019-08-28,63.6
-84.4088483403684,42.283646764745,2011-04-06,292
-84.4088483403684,42.283646764745,2011-04-19,212
-84.4088483403684,42.283646764745,2001-09-28,76.0
-84.4088483403684,42.283646764745,2012-12-29,61.4
-84.4088483403684,42.283646764745,2000-11-18,111
-84.4088483403684,42.283646764745,1994-03-23,334
-84.4088483403684,42.283646764745,1992-08-17,93.0
-84.4088483403684,42.283646764745,2025-06-05,249
-84.4088483403684,42.283646764745,2015-02-20,67.0
-84.4088483403684,42.283646764745,2001-07-02,75.0
-84.4088483403684,42.283646764745,1991-05-12,127
-84.4088483403684,42.283646764745,1982-06-03,259
-84.4088483403684,42.283646764745,1989-01-04,143
-84.4088483403684,42.283646764745,1999-09-24,34.0
-84.4088483403684,42.283646764745,1994-10-11,100
-84.4088483403684,42.283646764745,1980-08-21,219
-84.4088483403684,42.283646764745,1993-01-27,281
-84.4088483403684,42.283646764745,2003-04-15,171
-84.4088483403684,42.283646764745,2004-10-16,71.2
-84.4088483403684,42.283646764745,2016-10-11,57.3
-84.4088483403684,42.283646764745,2007-05-13,88.3
-84.4088483403684,42.283646764745,2005-01-11,223
-84.4088483403684,42.283646764745,1990-10-08,120
-84.4088483403684,42.283646764745,1987-10-27,135
-84.4088483403684,42.283646764745,2022-02-24,349
-84.4088483403684,42.283646764745,1980-01-11,113
-84.4088483403684,42.283646764745,2014-07-24,61.5
-84.4088483403684,42.283646764745,2020-04-25,177
-84.4088483403684,42.283646764745,2024-04-21,211
-84.4088483403684,42.283646764745,1982-07-11,77.0
-84.4088483403684,42.283646764745,1985-10-25,192
-84.4088483403684,42.283646764745,2007-03-14,365
-84.4088483403684,42.283646764745,1988-08-07,34.0
-84.4088483403684,42.283646764745,2003-10-23,75.1
-84.4088483403684,42.283646764745,2001-08-26,89.0
-84.4088483403684,42.283646764745,1982-12-22,202
-84.4088483403684,42.283646764745,2022-12-10,64.6
-84.4088483403684,42.283646764745,2019-03-02,113
-84.4088483403684,42.283646764745,2013-09-29,52.0
-84.4088483403684,42.283646764745,1986-07-11,91.0
-84.4088483403684,42.283646764745,2000-11-20,107
-84.4088483403684,42.283646764745,2014-09-13,68.7
-84.4088483403684,42.283646764745,2018-10-16,113
-84.4088483403684,42.283646764745,2023-07-07,65.3
-84.4088483403684,42.283646764745,1991-11-04,198
-84.4088483403684,42.283646764745,1985-07-30,56.0
-84.4088483403684,42.283646764745,2022-01-08,140
-84.4088483403684,42.283646764745,1998-09-24,57.0
-84.4088483403684,42.283646764745,2018-07-01,104
-84.4088483403684,42.283646764745,2023-05-05,195
-84.4088483403684,42.283646764745,1988-02-05,150
-84.4088483403684,42.283646764745,1998-09-20,61.0
-84.4088483403684,42.283646764745,2019-03-11,213
-84.4088483403684,42.283646764745,2005-08-01,111
-84.4088483403684,42.283646764745,1984-11-02,112
-84.4088483403684,42.283646764745,2023-01-02,101
-84.4088483403684,42.283646764745,1991-09-29,45.0
-84.4088483403684,42.283646764745,2003-09-26,90.7
-84.4088483403684,42.283646764745,2004-09-06,68.7
-84.4088483403684,42.283646764745,2004-03-13,227
-84.4088483403684,42.283646764745,2020-03-07,212
-84.4088483403684,42.283646764745,1999-04-24,346
-84.4088483403684,42.283646764745,1982-10-14,59.0
-84.4088483403684,42.283646764745,2025-01-20,96.3
-84.4088483403684,42.283646764745,1989-08-25,75.0
-84.4088483403684,42.283646764745,1999-12-27,61.0
-84.4088483403684,42.283646764745,2005-03-29,295
-84.4088483403684,42.283646764745,2026-02-11,84.8
-84.4088483403684,42.283646764745,1987-03-05,136
-84.4088483403684,42.283646764745,1995-04-05,138
-84.4088483403684,42.283646764745,2005-09-29,65.7
-84.4088483403684,42.283646764745,2019-12-13,220
-84.4088483403684,42.283646764745,1987-03-19,156
-84.4088483403684,42.283646764745,2018-07-28,40.6
-84.4088483403684,42.283646764745,2010-12-12,101
-84.4088483403684,42.283646764745,1990-07-26,80.0
-84.4088483403684,42.283646764745,2021-10-21,261
-84.4088483403684,42.283646764745,1986-12-17,155
-84.4088483403684,42.283646764745,2007-07-08,53.3
-84.4088483403684,42.283646764745,2009-06-17,201
-84.4088483403684,42.283646764745,1984-03-25,396
-84.4088483403684,42.283646764745,1985-09-07,51.0
-84.4088483403684,42.283646764745,1979-03-25,129
-84.4088483403684,42.283646764745,1991-01-01,249
-84.4088483403684,42.283646764745,1984-06-16,136
-84.4088483403684,42.283646764745,1984-03-07,146
-84.4088483403684,42.283646764745,1979-03-08,364
-84.4088483403684,42.283646764745,2024-10-08,60.7
-84.4088483403684,42.283646764745,2005-05-28,98.8
-84.4088483403684,42.283646764745,1980-08-04,165
-84.4088483403684,42.283646764745,1985-12-26,136
-84.4088483403684,42.283646764745,2021-12-15,249
-84.4088483403684,42.283646764745,2014-05-28,174
-84.4088483403684,42.283646764745,2011-09-26,97.1
-84.4088483403684,42.283646764745,1987-11-29,150
-84.4088483403684,42.283646764745,1984-03-04,87.0
-84.4088483403684,42.283646764745,2001-05-14,93.0
-84.4088483403684,42.283646764745,1999-02-12,207
-84.4088483403684,42.283646764745,1985-05-11,83.0
-84.4088483403684,42.283646764745,1990-03-14,494
-84.4088483403684,42.283646764745,2019-05-06,330
-84.4088483403684,42.283646764745,1993-12-07,213
-84.4088483403684,42.283646764745,2014-01-27,134
-84.4088483403684,42.283646764745,1988-10-01,122
-84.4088483403684,42.283646764745,1980-04-16,341
-84.4088483403684,42.283646764745,1992-04-22,169
-84.4088483403684,42.283646764745,2010-02-08,91.6
-84.4088483403684,42.283646764745,1981-02-24,390
-84.4088483403684,42.283646764745,2011-07-24,55.7
-84.4088483403684,42.283646764745,2020-11-21,66.9
-84.4088483403684,42.283646764745,2006-07-21,158
-84.4088483403684,42.283646764745,1983-10-07,50.0
-84.4088483403684,42.283646764745,1989-01-26,136
-84.4088483403684,42.283646764745,2006-07-22,102
-84.4088483403684,42.283646764745,2019-08-21,72.0
-84.4088483403684,42.283646764745,2002-04-27,147
-84.4088483403684,42.283646764745,1984-06-10,113
-84.4088483403684,42.283646764745,2026-04-01,159
-84.4088483403684,42.283646764745,1995-06-07,125
-84.4088483403684,42.283646764745,1998-06-24,116
-84.4088483403684,42.283646764745,2002-04-01,209
-84.4088483403684,42.283646764745,1983-05-19,238
-84.4088483403684,42.283646764745,2009-01-31,90.6
-84.4088483403684,42.283646764745,2009-06-24,329
-84.4088483403684,42.283646764745,2023-03-10,329
-84.4088483403684,42.283646764745,2006-09-18,134
-84.4088483403684,42.283646764745,2013-10-18,52.7
-84.4088483403684,42.283646764745,2011-02-26,182
-84.4088483403684,42.283646764745,1981-08-19,120
-84.4088483403684,42.283646764745,1991-02-02,145
-84.4088483403684,42.283646764745,2024-06-02,96.3
-84.4088483403684,42.283646764745,2009-07-15,77.7
-84.4088483403684,42.283646764745,1991-12-13,181
-84.4088483403684,42.283646764745,2025-03-26,156
-84.4088483403684,42.283646764745,1988-09-01,38.0
-84.4088483403684,42.283646764745,1984-01-22,65.0
-84.4088483403684,42.283646764745,2001-02-01,135
-84.4088483403684,42.283646764745,1996-06-26,156
-84.4088483403684,42.283646764745,2014-03-21,396
-84.4088483403684,42.283646764745,2004-12-01,247
-84.4088483403684,42.283646764745,2015-04-30,81.1
-84.4088483403684,42.283646764745,2022-03-08,309
-84.4088483403684,42.283646764745,2018-12-31,151
-84.4088483403684,42.283646764745,2007-05-29,152
-84.4088483403684,42.283646764745,1995-10-29,128
-84.4088483403684,42.283646764745,1982-08-31,52.0
-84.4088483403684,42.283646764745,1980-09-20,173
-84.4088483403684,42.283646764745,2014-08-07,44.1
-84.4088483403684,42.283646764745,1998-09-11,61.0
-84.4088483403684,42.283646764745,1983-01-12,166
-84.4088483403684,42.283646764745,1979-11-08,48.0
-84.4088483403684,42.283646764745,1979-12-09,69.0
-84.4088483403684,42.283646764745,1995-03-22,216
-84.4088483403684,42.283646764745,2013-02-24,81.1
-84.4088483403684,42.283646764745,1998-07-25,88.0
-84.4088483403684,42.283646764745,1980-04-12,342
-84.4088483403684,42.283646764745,2002-11-17,58.3
-84.4088483403684,42.283646764745,1991-10-01,47.0
-84.4088483403684,42.283646764745,1988-07-07,37.0
-84.4088483403684,42.283646764745,1985-09-28,53.0
-84.4088483403684,42.283646764745,2001-04-22,240
-84.4088483403684,42.283646764745,2022-12-11,64.3
-84.4088483403684,42.283646764745,2000-04-21,307
-84.4088483403684,42.283646764745,2021-05-20,53.6
-84.4088483403684,42.283646764745,2023-10-25,111
-84.4088483403684,42.283646764745,1996-09-23,64.0
-84.4088483403684,42.283646764745,2017-02-12,263
-84.4088483403684,42.283646764745,2008-04-26,168
-84.4088483403684,42.283646764745,1990-01-24,199
-84.4088483403684,42.283646764745,1987-03-14,169
-84.4088483403684,42.283646764745,2024-09-04,74.1
-84.4088483403684,42.283646764745,2022-11-26,67.9
-84.4088483403684,42.283646764745,2000-05-23,134
-84.4088483403684,42.283646764745,2017-07-14,62.0
-84.4088483403684,42.283646764745,2017-12-10,82.8
-84.4088483403684,42.283646764745,1983-01-14,163
-84.4088483403684,42.283646764745,2022-12-17,81.0
-84.4088483403684,42.283646764745,1996-08-28,61.0
-84.4088483403684,42.283646764745,1993-06-11,235
-84.4088483403684,42.283646764745,2016-11-08,168
-84.4088483403684,42.283646764745,2012-09-01,33.3
-84.4088483403684,42.283646764745,2019-04-07,181
-84.4088483403684,42.283646764745,2013-06-18,105
-84.4088483403684,42.283646764745,2025-05-18,164
-84.4088483403684,42.283646764745,2002-09-05,44.0
-84.4088483403684,42.283646764745,2014-01-16,184
-84.4088483403684,42.283646764745,2010-12-29,74.9
-84.4088483403684,42.283646764745,1983-03-29,224
-84.4088483403684,42.283646764745,2013-12-30,153
-84.4088483403684,42.283646764745,2016-10-18,64.5
-84.4088483403684,42.283646764745,2025-05-09,288
-84.4088483403684,42.283646764745,2021-08-28,52.8
-84.4088483403684,42.283646764745,1981-06-16,251
-84.4088483403684,42.283646764745,2014-02-09,73.0
-84.4088483403684,42.283646764745,1985-02-25,425
-84.4088483403684,42.283646764745,2023-08-22,94.1
-84.4088483403684,42.283646764745,1999-06-19,82.0
-84.4088483403684,42.283646764745,2008-05-10,155
-84.4088483403684,42.283646764745,1982-09-11,39.0
-84.4088483403684,42.283646764745,1991-12-14,207
-84.4088483403684,42.283646764745,2024-08-08,223
-84.4088483403684,42.283646764745,2006-06-29,297
-84.4088483403684,42.283646764745,2014-07-22,75.7
-84.4088483403684,42.283646764745,2011-10-05,150
-84.4088483403684,42.283646764745,2015-05-11,194
-84.4088483403684,42.283646764745,1998-05-19,124
-84.4088483403684,42.283646764745,1987-10-16,56.0
-84.4088483403684,42.283646764745,2011-03-29,231
-84.4088483403684,42.283646764745,1995-12-01,166
-84.4088483403684,42.283646764745,1989-08-26,72.0
-84.4088483403684,42.283646764745,2020-03-26,202
-84.4088483403684,42.283646764745,1992-06-10,104
-84.4088483403684,42.283646764745,2007-08-03,42.9
-84.4088483403684,42.283646764745,1996-01-23,239
-84.4088483403684,42.283646764745,2014-01-30,128
-84.4088483403684,42.283646764745,2011-08-29,69.7
-84.4088483403684,42.283646764745,1987-01-13,117
-84.4088483403684,42.283646764745,1990-11-13,219
-84.4088483403684,42.283646764745,2012-01-01,327
-84.4088483403684,42.283646764745,2007-04-09,171
-84.4088483403684,42.283646764745,2005-04-06,186
-84.4088483403684,42.283646764745,2011-01-22,70.4
-84.4088483403684,42.283646764745,2023-08-26,123
-84.4088483403684,42.283646764745,1997-05-18,132
-84.4088483403684,42.283646764745,1998-12-28,70.0
-84.4088483403684,42.283646764745,2001-09-24,79.0
-84.4088483403684,42.283646764745,1998-10-25,63.0
-84.4088483403684,42.283646764745,2006-10-05,146
-84.4088483403684,42.283646764745,2006-12-06,346
-84.4088483403684,42.283646764745,1990-04-01,279
-84.4088483403684,42.283646764745,2006-07-01,263
-84.4088483403684,42.283646764745,2002-06-27,67.0
-84.4088483403684,42.283646764745,1999-02-20,148
-84.4088483403684,42.283646764745,2012-03-30,171
-84.4088483403684,42.283646764745,1993-02-04,136
-84.4088483403684,42.283646764745,2002-12-23,85.4
-84.4088483403684,42.283646764745,2023-11-07,90.4
-84.4088483403684,42.283646764745,1984-03-05,97.0
-84.4088483403684,42.283646764745,1999-04-06,167
-84.4088483403684,42.283646764745,2012-09-28,38.0
-84.4088483403684,42.283646764745,1998-10-06,71.0
-84.4088483403684,42.283646764745,1984-12-30,193
-84.4088483403684,42.283646764745,1988-05-28,57.0
-84.4088483403684,42.283646764745,2015-02-09,77.3
-84.4088483403684,42.283646764745,1988-02-27,125
-84.4088483403684,42.283646764745,1982-08-11,62.0
-84.4088483403684,42.283646764745,1989-03-12,123
-84.4088483403684,42.283646764745,1994-05-09,222
-84.4088483403684,42.283646764745,2012-12-07,159
-84.4088483403684,42.283646764745,1988-02-17,173
-84.4088483403684,42.283646764745,2019-06-24,198
-84.4088483403684,42.283646764745,1992-12-16,243
-84.4088483403684,42.283646764745,2021-03-10,118
-84.4088483403684,42.283646764745,2000-05-02,169
-84.4088483403684,42.283646764745,1980-12-27,74.0
-84.4088483403684,42.283646764745,1988-08-28,43.0
-84.4088483403684,42.283646764745,2011-09-03,73.0
-84.4088483403684,42.283646764745,1986-02-20,209
-84.4088483403684,42.283646764745,2008-10-12,80.9
-84.4088483403684,42.283646764745,1995-04-07,121
-84.4088483403684,42.283646764745,2001-08-08,48.0
-84.4088483403684,42.283646764745,2017-11-14,91.2
-84.4088483403684,42.283646764745,2006-06-12,71.7
-84.4088483403684,42.283646764745,2006-12-14,262
-84.4088483403684,42.283646764745,2009-09-04,79.2
-84.4088483403684,42.283646764745,2018-08-20,47.4
-84.4088483403684,42.283646764745,2001-12-09,163
-84.4088483403684,42.283646764745,2023-07-16,77.5
-84.4088483403684,42.283646764745,2026-01-28,86.5
-84.4088483403684,42.283646764745,2010-04-11,214
-84.4088483403684,42.283646764745,1989-09-10,135
-84.4088483403684,42.283646764745,2020-01-16,431
-84.4088483403684,42.283646764745,2017-05-20,102
-84.4088483403684,42.283646764745,1997-11-22,101
-84.4088483403684,42.283646764745,1983-02-14,84.0
-84.4088483403684,42.283646764745,2004-06-27,103
-84.4088483403684,42.283646764745,2016-12-06,163
-84.4088483403684,42.283646764745,1997-03-02,455
-84.4088483403684,42.283646764745,2010-03-02,118
-84.4088483403684,42.283646764745,1979-02-25,68.0
-84.4088483403684,42.283646764745,2005-05-31,84.5
-84.4088483403684,42.283646764745,2016-12-23,61.9
-84.4088483403684,42.283646764745,1998-02-20,438
-84.4088483403684,42.283646764745,2009-03-14,556
-84.4088483403684,42.283646764745,2022-07-12,73.6
-84.4088483403684,42.283646764745,1998-12-21,87.0
-84.4088483403684,42.283646764745,1999-04-27,316
-84.4088483403684,42.283646764745,1981-11-18,146
-84.4088483403684,42.283646764745,1993-11-07,145
-84.4088483403684,42.283646764745,2009-02-01,92.9
-84.4088483403684,42.283646764745,1994-06-07,72.0
-84.4088483403684,42.283646764745,2007-11-15,57.6
-84.4088483403684,42.283646764745,1993-08-25,70.0
-84.4088483403684,42.283646764745,2025-03-08,194
-84.4088483403684,42.283646764745,2013-11-23,90.0
-84.4088483403684,42.283646764745,2018-10-27,53.7
-84.4088483403684,42.283646764745,2012-09-27,38.4
-84.4088483403684,42.283646764745,1997-03-28,278
-84.4088483403684,42.283646764745,1979-07-22,36.0
-84.4088483403684,42.283646764745,2002-08-25,107
-84.4088483403684,42.283646764745,2018-06-28,181
-84.4088483403684,42.283646764745,1989-02-05,159
-84.4088483403684,42.283646764745,2016-01-30,77.5
-84.4088483403684,42.283646764745,1998-07-27,80.0
-84.4088483403684,42.283646764745,2013-02-26,95.6
-84.4088483403684,42.283646764745,1984-07-04,47.0
-84.4088483403684,42.283646764745,2010-06-18,248
-84.4088483403684,42.283646764745,2003-06-19,82.0
-84.4088483403684,42.283646764745,2007-10-26,66.0
-84.4088483403684,42.283646764745,2023-09-13,118
-84.4088483403684,42.283646764745,2005-03-11,205
-84.4088483403684,42.283646764745,2016-12-05,124
-84.4088483403684,42.283646764745,2020-08-08,65.7
-84.4088483403684,42.283646764745,1997-02-03,142
-84.4088483403684,42.283646764745,1995-05-31,166
-84.4088483403684,42.283646764745,1983-07-16,65.0
-84.4088483403684,42.283646764745,2007-04-21,140
-84.4088483403684,42.283646764745,1991-01-07,303
-84.4088483403684,42.283646764745,2017-04-29,222
-84.4088483403684,42.283646764745,2012-07-23,35.6
-84.4088483403684,42.283646764745,2022-09-11,65.2
-84.4088483403684,42.283646764745,1982-05-04,124
-84.4088483403684,42.283646764745,1982-05-13,191
-84.4088483403684,42.283646764745,1999-06-11,75.0
-84.4088483403684,42.283646764745,2022-05-23,156
-84.4088483403684,42.283646764745,2002-03-13,339
-84.4088483403684,42.283646764745,2021-01-23,78.0
-84.4088483403684,42.283646764745,2022-01-01,250
-84.4088483403684,42.283646764745,1991-11-01,237
-84.4088483403684,42.283646764745,1989-07-23,84.0
-84.4088483403684,42.283646764745,2024-10-11,58.2
-84.4088483403684,42.283646764745,2003-03-21,241
-84.4088483403684,42.283646764745,2012-08-21,42.3
-84.4088483403684,42.283646764745,2026-08-01,53.5
-84.4088483403684,42.283646764745,1994-06-16,154
-84.4088483403684,42.283646764745,2012-09-10,34.9
-84.4088483403684,42.283646764745,2009-03-19,450
-84.4088483403684,42.283646764745,1981-11-17,150
-84.4088483403684,42.283646764745,2023-06-21,50.2
-84.4088483403684,42.283646764745,1979-08-25,64.0
-84.4088483403684,42.283646764745,1984-08-10,46.0
-84.4088483403684,42.283646764745,2019-05-05,360
-84.4088483403684,42.283646764745,2010-05-20,271
-84.4088483403684,42.283646764745,1989-07-09,85.0
-84.4088483403684,42.283646764745,2017-10-14,151
-84.4088483403684,42.283646764745,2017-12-20,92.5
-84.4088483403684,42.283646764745,2011-05-08,268
-84.4088483403684,42.283646764745,2003-04-24,130
-84.4088483403684,42.283646764745,1998-01-15,298
-84.4088483403684,42.283646764745,2014-01-11,227
-84.4088483403684,42.283646764745,2005-05-10,133
-84.4088483403684,42.283646764745,2010-01-31,118
-84.4088483403684,42.283646764745,2018-02-28,567
-84.4088483403684,42.283646764745,2011-11-25,144
-84.4088483403684,42.283646764745,2012-04-10,127
-84.4088483403684,42.283646764745,2023-09-19,70.9
-84.4088483403684,42.283646764745,2022-06-17,128
-84.4088483403684,42.283646764745,2003-04-23,159
-84.4088483403684,42.283646764745,1994-07-26,117
-84.4088483403684,42.283646764745,1994-07-13,102
-84.4088483403684,42.283646764745,2018-04-21,290
-84.4088483403684,42.283646764745,2007-12-09,134
-84.4088483403684,42.283646764745,2004-03-14,220
-84.4088483403684,42.283646764745,2016-10-04,68.2
-84.4088483403684,42.283646764745,2020-02-24,166
-84.4088483403684,42.283646764745,1995-11-26,150
-84.4088483403684,42.283646764745,1997-03-08,372
-84.4088483403684,42.283646764745,2001-11-22,102
-84.4088483403684,42.283646764745,2011-08-26,78.4
-84.4088483403684,42.283646764745,1989-11-09,103
-84.4088483403684,42.283646764745,2011-10-14,89.2
-84.4088483403684,42.283646764745,2005-02-16,353
-84.4088483403684,42.283646764745,1996-04-17,182
-84.4088483403684,42.283646764745,2001-09-03,56.0
-84.4088483403684,42.283646764745,1999-12-28,55.0
-84.4088483403684,42.283646764745,1990-11-15,211
-84.4088483403684,42.283646764745,1981-12-31,75.0
-84.4088483403684,42.283646764745,1991-06-04,150
-84.4088483403684,42.283646764745,1999-11-05,46.0
-84.4088483403684,42.283646764745,2013-12-12,63.3
-84.4088483403684,42.283646764745,1993-01-24,304
-84.4088483403684,42.283646764745,2017-06-08,77.7
-84.4088483403684,42.283646764745,1993-02-20,159
-84.4088483403684,42.283646764745,2012-09-19,37.5
-84.4088483403684,42.283646764745,1990-12-29,337
-84.4088483403684,42.283646764745,1995-12-17,94.0
-84.4088483403684,42.283646764745,2008-12-31,361
-84.4088483403684,42.283646764745,1997-06-17,91.0
-84.4088483403684,42.283646764745,1996-07-11,63.0
-84.4088483403684,42.283646764745,1982-08-24,55.0
-84.4088483403684,42.283646764745,1983-01-27,126
-84.4088483403684,42.283646764745,2002-05-02,167
-84.4088483403684,42.283646764745,1994-12-08,178
-84.4088483403684,42.283646764745,1988-03-18,169
-84.4088483403684,42.283646764745,1988-03-17,178
-84.4088483403684,42.283646764745,1999-12-26,61.0
-84.4088483403684,42.283646764745,1998-12-11,101
-84.4088483403684,42.283646764745,2007-08-31,142
-84.4088483403684,42.283646764745,2026-01-22,92.6
-84.4088483403684,42.283646764745,1996-01-22,239
-84.4088483403684,42.283646764745,2015-04-28,83.6
-84.4088483403684,42.283646764745,1979-08-24,75.0
-84.4088483403684,42.283646764745,1994-11-23,113
-84.4088483403684,42.283646764745,1990-02-27,413
-84.4088483403684,42.283646764745,1984-10-14,47.0
-84.4088483403684,42.283646764745,2010-04-18,100
-84.4088483403684,42.283646764745,2026-07-16,87.1
-84.4088483403684,42.283646764745,2020-08-10,63.2
-84.4088483403684,42.283646764745,2001-07-07,70.0
-84.4088483403684,42.283646764745,2012-08-17,49.7
-84.4088483403684,42.283646764745,2022-01-26,108
-84.4088483403684,42.283646764745,2022-09-29,62.1
-84.4088483403684,42.283646764745,2001-12-03,321
-84.4088483403684,42.283646764745,1995-11-19,175
-84.4088483403684,42.283646764745,2014-02-02,73.3
-84.4088483403684,42.283646764745,2003-05-01,229
-84.4088483403684,42.283646764745,2024-06-07,124
-84.4088483403684,42.283646764745,1987-06-04,130
-84.4088483403684,42.283646764745,2021-09-24,180
-84.4088483403684,42.283646764745,1995-05-18,103
-84.4088483403684,42.283646764745,2003-12-20,109
-84.4088483403684,42.283646764745,2014-05-04,172
-84.4088483403684,42.283646764745,2022-02-07,129
-84.4088483403684,42.283646764745,1995-11-07,169
-84.4088483403684,42.283646764745,1979-04-03,206
-84.4088483403684,42.283646764745,2016-08-28,55.4
-84.4088483403684,42.283646764745,2011-09-14,144
-84.4088483403684,42.283646764745,1986-05-05,114
-84.4088483403684,42.283646764745,2016-09-01,44.4
-84.4088483403684,42.283646764745,1986-01-25,169
-84.4088483403684,42.283646764745,1985-11-28,239
-84.4088483403684,42.283646764745,1980-08-13,137
-84.4088483403684,42.283646764745,1979-03-31,243
-84.4088483403684,42.283646764745,2011-09-18,123
-84.4088483403684,42.283646764745,2002-07-09,87.0
-84.4088483403684,42.283646764745,2018-08-19,46.4
-84.4088483403684,42.283646764745,1989-09-09,142
-84.4088483403684,42.283646764745,2004-09-24,49.2
-84.4088483403684,42.283646764745,1985-04-02,409
-84.4088483403684,42.283646764745,2005-05-13,132
-84.4088483403684,42.283646764745,1990-11-10,220
-84.4088483403684,42.283646764745,1979-07-04,147
-84.4088483403684,42.283646764745,2004-03-12,239
-84.4088483403684,42.283646764745,2009-04-06,386
-84.4088483403684,42.283646764745,1980-04-01,230
-84.4088483403684,42.283646764745,2000-06-15,171
-84.4088483403684,42.283646764745,1998-06-08,85.0
-84.4088483403684,42.283646764745,2006-08-12,70.0
-84.4088483403684,42.283646764745,2024-03-26,144
-84.4088483403684,42.283646764745,2025-08-16,58.5
-84.4088483403684,42.283646764745,2008-08-22,49.6
-84.4088483403684,42.283646764745,2005-08-02,105
-84.4088483403684,42.283646764745,1995-04-17,245
-84.4088483403684,42.283646764745,1997-05-19,233
-84.4088483403684,42.283646764745,2026-07-28,58.4
-84.4088483403684,42.283646764745,2009-05-22,460
-84.4088483403684,42.283646764745,1989-06-29,191
-84.4088483403684,42.283646764745,2011-02-23,250
-84.4088483403684,42.283646764745,2011-08-09,149
-84.4088483403684,42.283646764745,2020-07-11,96.8
-84.4088483403684,42.283646764745,1998-01-02,100
-84.4088483403684,42.283646764745,1988-11-06,154
-84.4088483403684,42.283646764745,2020-05-13,181
-84.4088483403684,42.283646764745,1999-02-10,207
-84.4088483403684,42.283646764745,2015-04-02,124
-84.4088483403684,42.283646764745,2004-05-30,297
-84.4088483403684,42.283646764745,1993-12-22,153
-84.4088483403684,42.283646764745,1995-07-06,142
-84.4088483403684,42.283646764745,1998-09-07,101
-84.4088483403684,42.283646764745,2007-09-27,60.5
-84.4088483403684,42.283646764745,1993-09-02,201
-84.4088483403684,42.283646764745,2013-03-17,269
-84.4088483403684,42.283646764745,2014-03-23,408
-84.4088483403684,42.283646764745,2015-04-05,115
-84.4088483403684,42.283646764745,2003-01-04,85.9
-84.4088483403684,42.283646764745,2017-06-16,63.2
-84.4088483403684,42.283646764745,2006-05-10,127
-84.4088483403684,42.283646764745,2004-08-22,81.5
-84.4088483403684,42.283646764745,2025-07-26,82.5
-84.4088483403684,42.283646764745,2013-07-24,67.4
-84.4088483403684,42.283646764745,1998-03-20,385
-84.4088483403684,42.283646764745,1989-05-06,105
-84.4088483403684,42.283646764745,2021-04-20,77.1
-84.4088483403684,42.283646764745,1981-08-12,102
-84.4088483403684,42.283646764745,1980-12-10,265
-84.4088483403684,42.283646764745,1991-09-19,60.0
-84.4088483403684,42.283646764745,1990-03-23,397
-84.4088483403684,42.283646764745,2017-05-10,224
-84.4088483403684,42.283646764745,1997-11-27,60.0
-84.4088483403684,42.283646764745,2022-06-15,151
-84.4088483403684,42.283646764745,2025-05-25,191
-84.4088483403684,42.283646764745,1980-10-23,65.0
-84.4088483403684,42.283646764745,2018-08-31,44.6
-84.4088483403684,42.283646764745,2016-09-15,41.0
-84.4088483403684,42.283646764745,2008-05-23,129
-84.4088483403684,42.283646764745,1982-07-07,150
-84.4088483403684,42.283646764745,1998-08-15,91.0
-84.4088483403684,42.283646764745,1992-09-09,244
-84.4088483403684,42.283646764745,1984-01-01,85.0
-84.4088483403684,42.283646764745,2012-12-10,133
-84.4088483403684,42.283646764745,1986-10-14,191
-84.4088483403684,42.283646764745,2004-03-05,280
-84.4088483403684,42.283646764745,2012-02-11,173
-84.4088483403684,42.283646764745,2011-06-15,152
-84.4088483403684,42.283646764745,2023-10-06,121
-84.4088483403684,42.283646764745,1992-07-01,84.0
-84.4088483403684,42.283646764745,2014-11-23,80.1
-84.4088483403684,42.283646764745,2015-09-24,49.9
-84.4088483403684,42.283646764745,2024-07-31,157
-84.4088483403684,42.283646764745,1989-05-26,130
-84.4088483403684,42.283646764745,2002-02-26,268
-84.4088483403684,42.283646764745,2008-05-09,159
-84.4088483403684,42.283646764745,2020-07-23,76.7
-84.4088483403684,42.283646764745,2012-06-27,52.2
-84.4088483403684,42.283646764745,2006-07-06,152
-84.4088483403684,42.283646764745,1991-06-26,64.0
-84.4088483403684,42.283646764745,2017-07-22,55.9
-84.4088483403684,42.283646764745,1991-11-23,166
-84.4088483403684,42.283646764745,1993-05-05,274
-84.4088483403684,42.283646764745,1993-12-26,109
-84.4088483403684,42.283646764745,2010-03-06,136
-84.4088483403684,42.283646764745,2002-03-27,191
-84.4088483403684,42.283646764745,2017-08-24,33.7
-84.4088483403684,42.283646764745,1999-11-07,45.0
-84.4088483403684,42.283646764745,1988-05-11,88.0
-84.4088483403684,42.283646764745,2021-09-14,49.7
-84.4088483403684,42.283646764745,1999-06-27,80.0
-84.4088483403684,42.283646764745,2007-03-10,215
-84.4088483403684,42.283646764745,2020-11-30,90.9
-84.4088483403684,42.283646764745,1989-03-29,233
-84.4088483403684,42.283646764745,2023-01-10,134
-84.4088483403684,42.283646764745,2025-10-19,122
-84.4088483403684,42.283646764745,1989-10-03,64.0
-84.4088483403684,42.283646764745,2006-07-15,101
-84.4088483403684,42.283646764745,2000-05-31,226
-84.4088483403684,42.283646764745,2017-03-31,372
-84.4088483403684,42.283646764745,2021-05-23,56.9
-84.4088483403684,42.283646764745,1980-06-16,209
-84.4088483403684,42.283646764745,2012-10-03,37.7
-84.4088483403684,42.283646764745,1989-08-23,77.0
-84.4088483403684,42.283646764745,2010-08-24,74.7
-84.4088483403684,42.283646764745,1982-12-30,221
-84.4088483403684,42.283646764745,1982-05-31,129
-84.4088483403684,42.283646764745,1987-09-01,78.0
-84.4088483403684,42.283646764745,2017-08-10,36.9
-84.4088483403684,42.283646764745,1979-02-03,63.0
-84.4088483403684,42.283646764745,1984-11-07,58.0
-84.4088483403684,42.283646764745,2025-06-07,252
-84.4088483403684,42.283646764745,2022-09-22,64.3
-84.4088483403684,42.283646764745,1979-09-09,36.0
-84.4088483403684,42.283646764745,2007-07-15,44.8
-84.4088483403684,42.283646764745,2022-10-19,55.6
-84.4088483403684,42.283646764745,2006-06-10,74.9
-84.4088483403684,42.283646764745,1986-12-23,121
-84.4088483403684,42.283646764745,1993-05-09,269
-84.4088483403684,42.283646764745,1989-05-07,100
-84.4088483403684,42.283646764745,2023-08-13,79.7
-84.4088483403684,42.283646764745,2024-08-01,146
-84.4088483403684,42.283646764745,2014-12-24,112
-84.4088483403684,42.283646764745,1979-02-17,48.0
-84.4088483403684,42.283646764745,1993-03-27,348
-84.4088483403684,42.283646764745,2008-05-06,108
-84.4088483403684,42.283646764745,1996-10-30,174
-84.4088483403684,42.283646764745,2009-01-21,151
-84.4088483403684,42.283646764745,1998-08-07,121
-84.4088483403684,42.283646764745,1989-01-07,165
-84.4088483403684,42.283646764745,2022-03-17,240
-84.4088483403684,42.283646764745,2019-09-11,73.5
-84.4088483403684,42.283646764745,1980-05-13,110
-84.4088483403684,42.283646764745,2023-04-13,189
-84.4088483403684,42.283646764745,2022-03-05,224
-84.4088483403684,42.283646764745,1995-05-16,164
-84.4088483403684,42.283646764745,2002-05-11,179
-84.4088483403684,42.283646764745,1996-09-18,62.0
-84.4088483403684,42.283646764745,2002-06-03,139
-84.4088483403684,42.283646764745,2001-11-03,170
-84.4088483403684,42.283646764745,1993-12-08,237
-84.4088483403684,42.283646764745,2017-03-02,311
-84.4088483403684,42.283646764745,1995-01-08,88.0
-84.4088483403684,42.283646764745,2012-06-23,63.1
-84.4088483403684,42.283646764745,2025-06-27,124
-84.4088483403684,42.283646764745,1997-06-27,107
-84.4088483403684,42.283646764745,1985-07-01,51.0
-84.4088483403684,42.283646764745,1988-04-16,219
-84.4088483403684,42.283646764745,1983-02-20,162
-84.4088483403684,42.283646764745,2009-11-25,225
-84.4088483403684,42.283646764745,2002-10-12,39.7
-84.4088483403684,42.283646764745,2010-01-17,128
-84.4088483403684,42.283646764745,2001-10-18,325
-84.4088483403684,42.283646764745,1980-09-08,117
-84.4088483403684,42.283646764745,2018-05-20,481
-84.4088483403684,42.283646764745,2024-12-14,89.3
-84.4088483403684,42.283646764745,2017-01-29,236
-84.4088483403684,42.283646764745,2021-12-29,227
-84.4088483403684,42.283646764745,2024-12-11,96.4
-84.4088483403684,42.283646764745,2024-05-23,90.0
-84.4088483403684,42.283646764745,2008-09-23,170
-84.4088483403684,42.283646764745,2012-08-13,49.7
-84.4088483403684,42.283646764745,2025-08-26,50.9
-84.4088483403684,42.283646764745,1990-06-08,170
-84.4088483403684,42.283646764745,2000-05-07,109
-84.4088483403684,42.283646764745,2005-01-24,176
-84.4088483403684,42.283646764745,2025-02-04,129
-84.4088483403684,42.283646764745,2010-10-29,122
-84.4088483403684,42.283646764745,2000-02-27,181
-84.4088483403684,42.283646764745,1979-10-14,32.0
-84.4088483403684,42.283646764745,1985-10-24,194
-84.4088483403684,42.283646764745,1982-10-23,48.0
-84.4088483403684,42.283646764745,2007-07-27,49.7
-84.4088483403684,42.283646764745,1984-06-17,133
-84.4088483403684,42.283646764745,2002-02-05,212
-84.4088483403684,42.283646764745,1995-09-24,57.0
-84.4088483403684,42.283646764745,2016-09-08,39.4
-84.4088483403684,42.283646764745,2024-11-09,89.0
-84.4088483403684,42.283646764745,2020-09-11,63.5
-84.4088483403684,42.283646764745,2023-04-30,185
-84.4088483403684,42.283646764745,2011-02-25,195
-84.4088483403684,42.283646764745,1994-05-14,113
-84.4088483403684,42.283646764745,1992-10-14,139
-84.4088483403684,42.283646764745,1979-10-12,46.0
-84.4088483403684,42.283646764745,1989-08-11,129
-84.4088483403684,42.283646764745,2003-02-19,55.8
-84.4088483403684,42.283646764745,1986-07-05,62.0
-84.4088483403684,42.283646764745,1995-05-30,179
-84.4088483403684,42.283646764745,2010-10-14,57.4
-84.4088483403684,42.283646764745,1994-11-12,179
-84.4088483403684,42.283646764745,2018-11-16,133
-84.4088483403684,42.283646764745,1997-02-21,358
-84.4088483403684,42.283646764745,2020-10-23,130
-84.4088483403684,42.283646764745,2007-03-27,351
-84.4088483403684,42.283646764745,2012-06-09,55.2
-84.4088483403684,42.283646764745,2025-08-05,70.0
-84.4088483403684,42.283646764745,1993-04-24,278
-84.4088483403684,42.283646764745,2004-07-14,85.5
-84.4088483403684,42.283646764745,1993-03-18,250
-84.4088483403684,42.283646764745,1994-10-16,90.0
-84.4088483403684,42.283646764745,2014-10-22,65.1
-84.4088483403684,42.283646764745,1995-04-02,128
-84.4088483403684,42.283646764745,2002-03-04,259
-84.4088483403684,42.283646764745,2024-11-27,103
-84.4088483403684,42.283646764745,2007-05-09,137
-84.4088483403684,42.283646764745,2010-09-06,58.2
-84.4088483403684,42.283646764745,2025-11-15,63.0
-84.4088483403684,42.283646764745,1981-02-05,133
-84.4088483403684,42.283646764745,2002-03-17,272
-84.4088483403684,42.283646764745,1993-02-25,184
-84.4088483403684,42.283646764745,1988-10-31,88.0
-84.4088483403684,42.283646764745,2017-03-11,165
-84.4088483403684,42.283646764745,1997-09-27,123
-84.4088483403684,42.283646764745,1995-10-24,99.0
-84.4088483403684,42.283646764745,1999-01-20,139
-84.4088483403684,42.283646764745,1987-07-27,33.0
-84.4088483403684,42.283646764745,2013-03-07,95.3
-84.4088483403684,42.283646764745,2004-10-30,105
-84.4088483403684,42.283646764745,1987-12-03,174
-84.4088483403684,42.283646764745,2000-09-29,72.0
-84.4088483403684,42.283646764745,1992-10-10,99.0
-84.4088483403684,42.283646764745,2015-01-22,78.2
-84.4088483403684,42.283646764745,2013-03-29,80.6
-84.4088483403684,42.283646764745,2025-03-21,216
-84.4088483403684,42.283646764745,2005-07-26,185
-84.4088483403684,42.283646764745,1997-05-04,202
-84.4088483403684,42.283646764745,2006-01-01,153
-84.4088483403684,42.283646764745,2013-05-06,202
-84.4088483403684,42.283646764745,1993-05-27,120
-84.4088483403684,42.283646764745,2013-06-12,77.0
-84.4088483403684,42.283646764745,2001-01-11,113
-84.4088483403684,42.283646764745,2013-01-07,52.6
-84.4088483403684,42.283646764745,2019-05-12,242
-84.4088483403684,42.283646764745,2005-09-07,48.4
-84.4088483403684,42.283646764745,1984-08-09,49.0
-84.4088483403684,42.283646764745,1983-07-01,199
-84.4088483403684,42.283646764745,1983-01-20,78.0
-84.4088483403684,42.283646764745,2000-08-03,162
-84.4088483403684,42.283646764745,2025-08-10,59.8
-84.4088483403684,42.283646764745,1983-09-16,63.0
-84.4088483403684,42.283646764745,1997-07-19,64.0
-84.4088483403684,42.283646764745,1991-07-28,54.0
-84.4088483403684,42.283646764745,1994-03-15,223
-84.4088483403684,42.283646764745,1994-12-23,210
-84.4088483403684,42.283646764745,2023-03-05,314
-84.4088483403684,42.283646764745,1979-02-22,71.0
-84.4088483403684,42.283646764745,1982-12-21,181
-84.4088483403684,42.283646764745,2020-05-29,469
-84.4088483403684,42.283646764745,1985-03-18,274
-84.4088483403684,42.283646764745,1994-03-30,302
-84.4088483403684,42.283646764745,2020-11-22,73.8
-84.4088483403684,42.283646764745,2022-05-24,147
-84.4088483403684,42.283646764745,2002-10-02,51.3
-84.4088483403684,42.283646764745,1998-12-14,92.0
-84.4088483403684,42.283646764745,2009-11-13,95.6
-84.4088483403684,42.283646764745,1984-05-16,158
-84.4088483403684,42.283646764745,1995-05-26,176
-84.4088483403684,42.283646764745,1983-09-25,47.0
-84.4088483403684,42.283646764745,2016-08-19,72.3
-84.4088483403684,42.283646764745,1983-08-01,215
-84.4088483403684,42.283646764745,2014-11-04,62.6
-84.4088483403684,42.283646764745,2025-03-10,192
-84.4088483403684,42.283646764745,2015-05-28,60.9
-84.4088483403684,42.283646764745,2019-07-26,80.1
-84.4088483403684,42.283646764745,1996-04-26,324
-84.4088483403684,42.283646764745,2006-06-02,167
-84.4088483403684,42.283646764745,2004-05-21,400
-84.4088483403684,42.283646764745,2003-08-30,36.7
-84.4088483403684,42.283646764745,1984-06-30,51.0
-84.4088483403684,42.283646764745,1988-12-21,97.0
-84.4088483403684,42.283646764745,2014-10-01,60.1
-84.4088483403684,42.283646764745,2020-12-30,103
-84.4088483403684,42.283646764745,1990-09-29,118
-84.4088483403684,42.283646764745,1991-05-29,109
-84.4088483403684,42.283646764745,2022-11-02,103
-84.4088483403684,42.283646764745,2007-07-01,68.2
-84.4088483403684,42.283646764745,2022-01-18,125
-84.4088483403684,42.283646764745,2019-10-14,113
-84.4088483403684,42.283646764745,2026-03-06,217
-84.4088483403684,42.283646764745,1983-09-14,44.0
-84.4088483403684,42.283646764745,1999-09-12,34.0
-84.4088483403684,42.283646764745,2012-06-15,45.9
-84.4088483403684,42.283646764745,1998-05-08,380
-84.4088483403684,42.283646764745,2020-10-24,125
-84.4088483403684,42.283646764745,1979-03-27,177
-84.4088483403684,42.283646764745,2022-09-16,54.0
-84.4088483403684,42.283646764745,2003-11-30,91.8
-84.4088483403684,42.283646764745,2002-03-12,342
-84.4088483403684,42.283646764745,1992-05-15,133
-84.4088483403684,42.283646764745,2024-04-22,198
-84.4088483403684,42.283646764745,2001-02-11,374
-84.4088483403684,42.283646764745,1991-05-08,187
-84.4088483403684,42.283646764745,2018-07-18,44.1
-84.4088483403684,42.283646764745,2013-12-13,65.5
-84.4088483403684,42.283646764745,1986-09-29,286
-84.4088483403684,42.283646764745,2012-06-11,52.1
-84.4088483403684,42.283646764745,2012-03-11,309
-84.4088483403684,42.283646764745,2000-04-30,180
-84.4088483403684,42.283646764745,2009-08-05,62.7
-84.4088483403684,42.283646764745,2025-01-03,219
-84.4088483403684,42.283646764745,1987-04-15,150
-84.4088483403684,42.283646764745,1996-04-29,252
-84.4088483403684,42.283646764745,1981-09-26,166
-84.4088483403684,42.283646764745,2008-01-19,382
-84.4088483403684,42.283646764745,2000-05-14,136
-84.4088483403684,42.283646764745,2009-08-26,116
-84.4088483403684,42.283646764745,2019-08-20,72.3
-84.4088483403684,42.283646764745,2009-05-24,395
-84.4088483403684,42.283646764745,2002-12-15,57.6
-84.4088483403684,42.283646764745,2016-01-20,89.7
-84.4088483403684,42.283646764745,1983-12-03,148
-84.4088483403684,42.283646764745,1994-07-19,81.0
-84.4088483403684,42.283646764745,1981-10-13,174
-84.4088483403684,42.283646764745,2014-03-10,112
-84.4088483403684,42.283646764745,1993-07-31,123
-84.4088483403684,42.283646764745,1980-10-03,83.0
-84.4088483403684,42.283646764745,2012-06-19,75.5
-84.4088483403684,42.283646764745,1980-02-12,52.0
-84.4088483403684,42.283646764745,2003-10-29,129
-84.4088483403684,42.283646764745,2025-09-26,48.6
-84.4088483403684,42.283646764745,2020-04-04,447
-84.4088483403684,42.283646764745,1984-07-12,116
-84.4088483403684,42.283646764745,1984-05-02,122
-84.4088483403684,42.283646764745,1985-02-16,70.0
-84.4088483403684,42.283646764745,1997-02-06,160
-84.4088483403684,42.283646764745,2012-06-10,51.9
-84.4088483403684,42.283646764745,1981-04-16,322
-84.4088483403684,42.283646764745,1985-01-03,308
-84.4088483403684,42.283646764745,1994-12-15,185
-84.4088483403684,42.283646764745,2000-12-23,120
-84.4088483403684,42.283646764745,1982-12-25,199
-84.4088483403684,42.283646764745,1981-06-03,223
-84.4088483403684,42.283646764745,2017-04-24,218
-84.4088483403684,42.283646764745,1991-10-22,67.0
-84.4088483403684,42.283646764745,2014-12-23,70.6
-84.4088483403684,42.283646764745,2006-04-18,151
-84.4088483403684,42.283646764745,2011-12-05,552
-84.4088483403684,42.283646764745,1995-04-25,185
-84.4088483403684,42.283646764745,1990-10-01,113
-84.4088483403684,42.283646764745,2010-08-23,75.5
-84.4088483403684,42.283646764745,1999-04-11,204
-84.4088483403684,42.283646764745,2003-07-13,46.7
-84.4088483403684,42.283646764745,1995-07-02,162
-84.4088483403684,42.283646764745,1989-07-16,70.0
-84.4088483403684,42.283646764745,1981-05-09,174
-84.4088483403684,42.283646764745,1986-11-20,79.0
-84.4088483403684,42.283646764745,1998-02-23,359
-84.4088483403684,42.283646764745,2013-01-30,230
-84.4088483403684,42.283646764745,2024-01-07,101
-84.4088483403684,42.283646764745,2002-01-29,158
-84.4088483403684,42.283646764745,2022-12-28,68.6
-84.4088483403684,42.283646764745,2021-02-21,67.8
-84.4088483403684,42.283646764745,1994-05-24,111
-84.4088483403684,42.283646764745,2018-06-30,124
-84.4088483403684,42.283646764745,1990-07-21,82.0
-84.4088483403684,42.283646764745,2017-03-25,248
-84.4088483403684,42.283646764745,2011-07-22,60.4
-84.4088483403684,42.283646764745,1980-12-30,76.0
-84.4088483403684,42.283646764745,1982-02-07,72.0
-84.4088483403684,42.283646764745,2000-04-11,94.0
-84.4088483403684,42.283646764745,2026-01-27,86.4
-84.4088483403684,42.283646764745,1979-09-20,42.0
-84.4088483403684,42.283646764745,2025-09-02,51.0
-84.4088483403684,42.283646764745,1984-06-06,262
-84.4088483403684,42.283646764745,2021-01-05,114
-84.4088483403684,42.283646764745,1982-03-06,155
-84.4088483403684,42.283646764745,1985-02-19,78.0
-84.4088483403684,42.283646764745,1991-02-28,227
-84.4088483403684,42.283646764745,2020-02-02,286
-84.4088483403684,42.283646764745,2005-03-21,209
-84.4088483403684,42.283646764745,2016-07-02,40.0
-84.4088483403684,42.283646764745,2024-02-10,254
-84.4088483403684,42.283646764745,2005-02-21,328
-84.4088483403684,42.283646764745,2020-05-07,198
-84.4088483403684,42.283646764745,2005-06-11,59.5
-84.4088483403684,42.283646764745,2002-11-18,58.6
-84.4088483403684,42.283646764745,1988-07-30,38.0
-84.4088483403684,42.283646764745,2024-02-07,284
-84.4088483403684,42.283646764745,2013-04-08,81.4
-84.4088483403684,42.283646764745,2003-12-11,128
-84.4088483403684,42.283646764745,1992-08-31,158
-84.4088483403684,42.283646764745,2005-10-28,41.0
-84.4088483403684,42.283646764745,1980-09-21,155
-84.4088483403684,42.283646764745,2016-04-15,300
-84.4088483403684,42.283646764745,1999-07-11,84.0
-84.4088483403684,42.283646764745,1994-01-10,123
-84.4088483403684,42.283646764745,1995-05-27,170
-84.4088483403684,42.283646764745,2024-04-28,184
-84.4088483403684,42.283646764745,1995-09-17,69.0
-84.4088483403684,42.283646764745,2009-04-19,354
-84.4088483403684,42.283646764745,2016-06-09,57.8
-84.4088483403684,42.283646764745,1989-02-06,154
-84.4088483403684,42.283646764745,1991-07-03,60.0
-84.4088483403684,42.283646764745,1981-02-15,147
-84.4088483403684,42.283646764745,2019-11-09,171
-84.4088483403684,42.283646764745,2004-04-12,130
-84.4088483403684,42.283646764745,2002-04-30,144
-84.4088483403684,42.283646764745,2019-06-25,221
-84.4088483403684,42.283646764745,2004-12-27,83.8
-84.4088483403684,42.283646764745,2016-06-18,52.7
-84.4088483403684,42.283646764745,2020-06-11,218
-84.4088483403684,42.283646764745,2024-07-23,281
-84.4088483403684,42.283646764745,2003-05-24,142
-84.4088483403684,42.283646764745,1990-02-09,212
-84.4088483403684,42.283646764745,1985-04-23,195
-84.4088483403684,42.283646764745,2006-06-05,151
-84.4088483403684,42.283646764745,2000-01-30,58.0
-84.4088483403684,42.283646764745,2013-06-16,123
-84.4088483403684,42.283646764745,2008-12-21,123
-84.4088483403684,42.283646764745,2001-12-30,106
-84.4088483403684,42.283646764745,1989-02-18,133
-84.4088483403684,42.283646764745,2008-04-30,113
-84.4088483403684,42.283646764745,2007-12-13,159
-84.4088483403684,42.283646764745,1980-01-19,91.0
-84.4088483403684,42.283646764745,2017-05-28,285
-84.4088483403684,42.283646764745,2002-07-10,55.0
-84.4088483403684,42.283646764745,1990-10-19,309
-84.4088483403684,42.283646764745,2014-03-25,395
-84.4088483403684,42.283646764745,2024-10-12,77.8
-84.4088483403684,42.283646764745,1999-01-23,307
-84.4088483403684,42.283646764745,2011-01-25,73.2
-84.4088483403684,42.283646764745,2024-03-15,190
-84.4088483403684,42.283646764745,2025-05-02,134
-84.4088483403684,42.283646764745,1999-05-24,152
-84.4088483403684,42.283646764745,1993-04-27,278
-84.4088483403684,42.283646764745,2000-12-17,131
-84.4088483403684,42.283646764745,2018-10-14,119
-84.4088483403684,42.283646764745,2024-12-20,106
-84.4088483403684,42.283646764745,2019-07-06,155
-84.4088483403684,42.283646764745,2007-12-05,153
-84.4088483403684,42.283646764745,1998-07-03,83.0
-84.4088483403684,42.283646764745,1998-05-01,367
-84.4088483403684,42.283646764745,1984-03-20,418
-84.4088483403684,42.283646764745,1983-06-02,212
-84.4088483403684,42.283646764745,2024-07-16,724
-84.4088483403684,42.283646764745,1994-06-11,61.0
-84.4088483403684,42.283646764745,1992-02-14,105
-84.4088483403684,42.283646764745,2023-09-29,71.7
-84.4088483403684,42.283646764745,2011-04-10,312
-84.4088483403684,42.283646764745,2011-08-01,258
-84.4088483403684,42.283646764745,2023-02-26,168
-84.4088483403684,42.283646764745,1979-11-07,49.0
-84.4088483403684,42.283646764745,1996-04-09,145
-84.4088483403684,42.283646764745,2023-07-10,59.6
-84.4088483403684,42.283646764745,2019-06-15,259
-84.4088483403684,42.283646764745,2006-10-29,168
-84.4088483403684,42.283646764745,2004-12-20,143
-84.4088483403684,42.283646764745,1991-02-04,158
-84.4088483403684,42.283646764745,2021-06-08,67.1
-84.4088483403684,42.283646764745,2019-11-10,162
-84.4088483403684,42.283646764745,2009-04-10,346
-84.4088483403684,42.283646764745,2001-06-22,196
-84.4088483403684,42.283646764745,2021-10-15,269
-84.4088483403684,42.283646764745,1994-09-20,56.0
-84.4088483403684,42.283646764745,1991-10-31,233
-84.4088483403684,42.283646764745,1991-04-26,344
-84.4088483403684,42.283646764745,1988-01-03,164
-84.4088483403684,42.283646764745,1981-04-09,185
-84.4088483403684,42.283646764745,2012-12-21,72.4
-84.4088483403684,42.283646764745,2011-06-03,410
-84.4088483403684,42.283646764745,1993-08-28,73.0
-84.4088483403684,42.283646764745,1987-05-18,82.0
-84.4088483403684,42.283646764745,1981-10-11,136
-84.4088483403684,42.283646764745,2021-07-22,74.0
-84.4088483403684,42.283646764745,2006-09-13,182
-84.4088483403684,42.283646764745,2020-08-02,101
-84.4088483403684,42.283646764745,2002-02-15,159
-84.4088483403684,42.283646764745,2005-07-09,57.0
-84.4088483403684,42.283646764745,2018-09-04,99.9
-84.4088483403684,42.283646764745,1986-11-05,89.0
-84.4088483403684,42.283646764745,1991-10-23,69.0
-84.4088483403684,42.283646764745,1986-03-02,174
-84.4088483403684,42.283646764745,1985-09-21,50.0
-84.4088483403684,42.283646764745,1989-02-14,100
-84.4088483403684,42.283646764745,2001-02-05,138
-84.4088483403684,42.283646764745,1988-05-29,54.0
-84.4088483403684,42.283646764745,2011-01-07,173
-84.4088483403684,42.283646764745,1997-11-26,64.0
-84.4088483403684,42.283646764745,2023-09-10,69.9
-84.4088483403684,42.283646764745,1992-12-09,189
-84.4088483403684,42.283646764745,2000-06-24,271
-84.4088483403684,42.283646764745,2007-01-27,178
-84.4088483403684,42.283646764745,2015-02-23,65.7
-84.4088483403684,42.283646764745,1991-09-11,97.0
-84.4088483403684,42.283646764745,2004-05-28,310
-84.4088483403684,42.283646764745,1982-05-20,96.0
-84.4088483403684,42.283646764745,1996-01-07,83.0
-84.4088483403684,42.283646764745,2003-10-06,64.6
-84.4088483403684,42.283646764745,2026-02-23,157
-84.4088483403684,42.283646764745,2012-10-12,37.2
-84.4088483403684,42.283646764745,2002-07-13,44.0
-84.4088483403684,42.283646764745,2022-10-10,50.2
-84.4088483403684,42.283646764745,1982-09-30,135
-84.4088483403684,42.283646764745,2006-07-30,96.8
-84.4088483403684,42.283646764745,2013-05-04,243
-84.4088483403684,42.283646764745,2001-04-04,207
-84.4088483403684,42.283646764745,2024-10-27,81.4
-84.4088483403684,42.283646764745,1996-11-25,128
-84.4088483403684,42.283646764745,2026-02-10,89.9
-84.4088483403684,42.283646764745,1991-04-29,311
-84.4088483403684,42.283646764745,1989-12-22,79.0
-84.4088483403684,42.283646764745,2009-10-14,107
-84.4088483403684,42.283646764745,1988-01-18,113
-84.4088483403684,42.283646764745,1979-10-31,40.0
-84.4088483403684,42.283646764745,2015-04-03,121
-84.4088483403684,42.283646764745,1987-02-15,97.0
-84.4088483403684,42.283646764745,1998-04-15,272
-84.4088483403684,42.283646764745,1981-02-27,360
-84.4088483403684,42.283646764745,1987-04-27,91.0
-84.4088483403684,42.283646764745,1995-11-20,133
-84.4088483403684,42.283646764745,1988-08-23,67.0
-84.4088483403684,42.283646764745,1993-08-21,62.0
-84.4088483403684,42.283646764745,1984-08-03,46.0
-84.4088483403684,42.283646764745,1985-07-05,99.0
-84.4088483403684,42.283646764745,1989-10-19,88.0
-84.4088483403684,42.283646764745,2007-08-16,60.0
-84.4088483403684,42.283646764745,1990-11-26,141
-84.4088483403684,42.283646764745,1990-06-22,107
-84.4088483403684,42.283646764745,2007-05-20,124
-84.4088483403684,42.283646764745,2004-10-14,48.1
-84.4088483403684,42.283646764745,2000-07-12,114
-84.4088483403684,42.283646764745,1991-02-23,246
-84.4088483403684,42.283646764745,2003-09-14,54.2
-84.4088483403684,42.283646764745,2008-04-08,398
-84.4088483403684,42.283646764745,1992-08-21,79.0
-84.4088483403684,42.283646764745,1992-05-12,111
-84.4088483403684,42.283646764745,1984-01-24,113
-84.4088483403684,42.283646764745,1991-09-12,96.0
-84.4088483403684,42.283646764745,1982-06-18,145
-84.4088483403684,42.283646764745,1983-01-28,78.0
-84.4088483403684,42.283646764745,2006-12-16,266
-84.4088483403684,42.283646764745,1999-08-10,74.0
-84.4088483403684,42.283646764745,2019-06-03,267
-84.4088483403684,42.283646764745,1995-02-02,146
-84.4088483403684,42.283646764745,1997-07-11,71.0
-84.4088483403684,42.283646764745,2010-03-15,382
-84.4088483403684,42.283646764745,2023-07-15,118
-84.4088483403684,42.283646764745,2000-08-06,201
-84.4088483403684,42.283646764745,2008-01-17,455
-84.4088483403684,42.283646764745,1992-07-05,104
-84.4088483403684,42.283646764745,1985-06-08,57.0
-84.4088483403684,42.283646764745,2007-01-18,365
-84.4088483403684,42.283646764745,2006-01-13,200
-84.4088483403684,42.283646764745,1980-10-18,125
-84.4088483403684,42.283646764745,2017-05-29,276
-84.4088483403684,42.283646764745,2010-01-25,133
-84.4088483403684,42.283646764745,1996-10-05,95.0
-84.4088483403684,42.283646764745,1987-11-22,46.0
-84.4088483403684,42.283646764745,1996-12-04,153
-84.4088483403684,42.283646764745,2010-01-04,164
-84.4088483403684,42.283646764745,1990-04-21,340
-84.4088483403684,42.283646764745,2018-09-23,40.8
-84.4088483403684,42.283646764745,2014-11-19,58.8
-84.4088483403684,42.283646764745,1990-02-01,129
-84.4088483403684,42.283646764745,2001-11-17,103
-84.4088483403684,42.283646764745,1982-11-14,176
-84.4088483403684,42.283646764745,2003-03-19,187
-84.4088483403684,42.283646764745,2011-08-20,105
-84.4088483403684,42.283646764745,2018-04-27,202
-84.4088483403684,42.283646764745,1982-12-03,213
-84.4088483403684,42.283646764745,1994-08-03,75.0
-84.4088483403684,42.283646764745,1984-02-16,331
-84.4088483403684,42.283646764745,1999-05-07,157
-84.4088483403684,42.283646764745,1993-11-16,138
-84.4088483403684,42.283646764745,1996-11-11,242
-84.4088483403684,42.283646764745,2022-06-06,235
-84.4088483403684,42.283646764745,2022-01-13,139
-84.4088483403684,42.283646764745,1985-04-14,361
-84.4088483403684,42.283646764745,1998-07-01,94.0
-84.4088483403684,42.283646764745,2001-07-10,67.0
-84.4088483403684,42.283646764745,1988-10-08,69.0
-84.4088483403684,42.283646764745,1994-08-10,63.0
-84.4088483403684,42.283646764745,2025-08-29,51.4
-84.4088483403684,42.283646764745,2005-11-20,63.5
-84.4088483403684,42.283646764745,1998-11-21,78.0
-84.4088483403684,42.283646764745,1995-12-22,95.0
-84.4088483403684,42.283646764745,2013-10-13,128
-84.4088483403684,42.283646764745,2015-02-03,76.8
-84.4088483403684,42.283646764745,2006-12-24,288
-84.4088483403684,42.283646764745,2001-04-05,215
-84.4088483403684,42.283646764745,2001-09-10,84.0
-84.4088483403684,42.283646764745,1981-05-16,260
-84.4088483403684,42.283646764745,2016-02-21,85.9
-84.4088483403684,42.283646764745,1979-09-19,41.0
-84.4088483403684,42.283646764745,2003-11-07,103
-84.4088483403684,42.283646764745,1986-08-08,67.0
-84.4088483403684,42.283646764745,2005-03-26,245
-84.4088483403684,42.283646764745,2005-12-21,66.4
-84.4088483403684,42.283646764745,1995-10-21,98.0
-84.4088483403684,42.283646764745,1982-12-23,130
-84.4088483403684,42.283646764745,2021-10-02,112
-84.4088483403684,42.283646764745,1995-08-07,258
-84.4088483403684,42.283646764745,2014-07-02,103
-84.4088483403684,42.283646764745,1987-02-19,110
-84.4088483403684,42.283646764745,2012-09-12,33.2
-84.4088483403684,42.283646764745,1996-12-05,116
-84.4088483403684,42.283646764745,2013-06-09,67.4
-84.4088483403684,42.283646764745,1981-10-23,172
-84.4088483403684,42.283646764745,2003-03-29,218
-84.4088483403684,42.283646764745,1980-06-18,190
-84.4088483403684,42.283646764745,2024-06-25,158
-84.4088483403684,42.283646764745,1986-03-23,358
-84.4088483403684,42.283646764745,2003-07-05,47.8
-84.4088483403684,42.283646764745,2026-03-03,110
-84.4088483403684,42.283646764745,1981-08-28,88.0
-84.4088483403684,42.283646764745,2004-04-15,85.7
-84.4088483403684,42.283646764745,2019-07-21,127
-84.4088483403684,42.283646764745,1983-09-13,48.0
-84.4088483403684,42.283646764745,1981-03-23,150
-84.4088483403684,42.283646764745,1993-01-26,267
-84.4088483403684,42.283646764745,1996-12-03,153
-84.4088483403684,42.283646764745,2023-06-03,63.3
-84.4088483403684,42.283646764745,1984-01-29,70.0
-84.4088483403684,42.283646764745,1987-02-17,101
-84.4088483403684,42.283646764745,2003-10-18,83.9
-84.4088483403684,42.283646764745,1989-04-22,181
-84.4088483403684,42.283646764745,1989-05-17,151
-84.4088483403684,42.283646764745,2023-12-24,106
-84.4088483403684,42.283646764745,2014-02-14,130
-84.4088483403684,42.283646764745,2000-12-18,119
-84.4088483403684,42.283646764745,2014-08-28,48.7
-84.4088483403684,42.283646764745,1989-09-13,132
-84.4088483403684,42.283646764745,2000-12-01,154
-84.4088483403684,42.283646764745,2003-01-27,49.5
-84.4088483403684,42.283646764745,2025-02-19,93.1
-84.4088483403684,42.283646764745,1987-12-27,191
-84.4088483403684,42.283646764745,1991-01-27,170
-84.4088483403684,42.283646764745,1979-05-16,92.0
-84.4088483403684,42.283646764745,1982-08-22,46.0
-84.4088483403684,42.283646764745,1997-06-08,203
-84.4088483403684,42.283646764745,2019-02-26,137
-84.4088483403684,42.283646764745,2019-05-04,436
-84.4088483403684,42.283646764745,1999-10-04,62.0
-84.4088483403684,42.283646764745,1994-02-17,116
-84.4088483403684,42.283646764745,2000-12-21,127
-84.4088483403684,42.283646764745,2002-03-29,213
-84.4088483403684,42.283646764745,2022-12-16,82.4
-84.4088483403684,42.283646764745,2007-08-19,151
-84.4088483403684,42.283646764745,1986-12-30,100
-84.4088483403684,42.283646764745,2010-09-07,59.5
-84.4088483403684,42.283646764745,1989-05-29,151
-84.4088483403684,42.283646764745,2024-09-28,64.3
-84.4088483403684,42.283646764745,1991-06-02,162
-84.4088483403684,42.283646764745,2021-09-04,41.4
-84.4088483403684,42.283646764745,2026-03-17,263
-84.4088483403684,42.283646764745,2012-03-08,350
-84.4088483403684,42.283646764745,2014-11-16,66.1
-84.4088483403684,42.283646764745,1982-02-17,145
-84.4088483403684,42.283646764745,2010-12-30,78.4
-84.4088483403684,42.283646764745,2017-01-11,123
-84.4088483403684,42.283646764745,1998-09-02,87.0
-84.4088483403684,42.283646764745,2018-12-29,93.4
-84.4088483403684,42.283646764745,1982-07-04,95.0
-84.4088483403684,42.283646764745,2017-01-04,99.5
-84.4088483403684,42.283646764745,2021-05-29,121
-84.4088483403684,42.283646764745,2006-10-06,138
-84.4088483403684,42.283646764745,2001-05-29,323
-84.4088483403684,42.283646764745,2009-06-02,285
-84.4088483403684,42.283646764745,1988-05-05,140
-84.4088483403684,42.283646764745,1996-10-26,76.0
-84.4088483403684,42.283646764745,1994-03-28,311
-84.4088483403684,42.283646764745,2001-11-29,200
-84.4088483403684,42.283646764745,2024-03-07,138
-84.4088483403684,42.283646764745,1990-05-12,157
-84.4088483403684,42.283646764745,1980-08-30,83.0
-84.4088483403684,42.283646764745,1986-09-04,71.0
-84.4088483403684,42.283646764745,2016-09-19,41.7
-84.4088483403684,42.283646764745,2016-08-18,81.2
-84.4088483403684,42.283646764745,2009-09-17,85.0
-84.4088483403684,42.283646764745,2016-07-31,53.9
-84.4088483403684,42.283646764745,2011-09-19,140
-84.4088483403684,42.283646764745,1980-10-25,139
-84.4088483403684,42.283646764745,1989-11-11,102
-84.4088483403684,42.283646764745,1996-06-25,206
-84.4088483403684,42.283646764745,1981-08-22,59.0
-84.4088483403684,42.283646764745,1985-02-17,72.0
-84.4088483403684,42.283646764745,2018-08-14,45.7
-84.4088483403684,42.283646764745,2003-12-19,114
-84.4088483403684,42.283646764745,2013-09-02,117
-84.4088483403684,42.283646764745,1997-09-29,119
-84.4088483403684,42.283646764745,1988-11-19,283
-84.4088483403684,42.283646764745,2019-07-01,122
-84.4088483403684,42.283646764745,1996-07-16,60.0
-84.4088483403684,42.283646764745,1982-11-09,186
-84.4088483403684,42.283646764745,1988-12-23,160
-84.4088483403684,42.283646764745,1997-02-02,142
-84.4088483403684,42.283646764745,1990-04-24,291
-84.4088483403684,42.283646764745,1996-09-27,106
-84.4088483403684,42.283646764745,2016-04-17,275
-84.4088483403684,42.283646764745,1999-10-05,55.0
-84.4088483403684,42.283646764745,1985-08-25,46.0
-84.4088483403684,42.283646764745,2013-03-01,105
-84.4088483403684,42.283646764745,1987-05-01,78.0
-84.4088483403684,42.283646764745,1996-05-27,153
-84.4088483403684,42.283646764745,1989-03-24,217
-84.4088483403684,42.283646764745,1998-08-09,130
-84.4088483403684,42.283646764745,2013-05-05,222
-84.4088483403684,42.283646764745,2023-05-17,84.5
-84.4088483403684,42.283646764745,1999-11-22,56.0
-84.4088483403684,42.283646764745,2009-01-05,307
-84.4088483403684,42.283646764745,2026-01-12,143
-84.4088483403684,42.283646764745,2009-09-27,67.7
-84.4088483403684,42.283646764745,2010-11-07,54.4
-84.4088483403684,42.283646764745,1984-02-28,187
-84.4088483403684,42.283646764745,1983-10-30,127
-84.4088483403684,42.283646764745,2021-05-13,78.6
-84.4088483403684,42.283646764745,2010-06-09,562
-84.4088483403684,42.283646764745,2022-03-04,233
-84.4088483403684,42.283646764745,1984-07-31,42.0
-84.4088483403684,42.283646764745,2007-06-08,351
-84.4088483403684,42.283646764745,2005-04-04,221
-84.4088483403684,42.283646764745,2021-06-06,53.8
-84.4088483403684,42.283646764745,1995-03-25,177
-84.4088483403684,42.283646764745,1994-08-01,77.0
-84.4088483403684,42.283646764745,1980-12-11,238
-84.4088483403684,42.283646764745,2023-06-28,51.8
-84.4088483403684,42.283646764745,2013-12-20,87.2
-84.4088483403684,42.283646764745,1998-02-05,205
-84.4088483403684,42.283646764745,1999-12-06,96.0
-84.4088483403684,42.283646764745,2016-02-01,85.8
-84.4088483403684,42.283646764745,1981-02-13,88.0
-84.4088483403684,42.283646764745,1999-06-04,88.0
-84.4088483403684,42.283646764745,2025-06-09,192
-84.4088483403684,42.283646764745,1994-11-18,145
-84.4088483403684,42.283646764745,2004-06-08,123
-84.4088483403684,42.283646764745,2008-04-25,182
-84.4088483403684,42.283646764745,1982-05-19,98.0
-84.4088483403684,42.283646764745,1999-02-07,276
-84.4088483403684,42.283646764745,1985-09-06,61.0
-84.4088483403684,42.283646764745,1989-11-16,189
-84.4088483403684,42.283646764745,1996-05-04,238
-84.4088483403684,42.283646764745,2016-08-20,71.2
-84.4088483403684,42.283646764745,1998-02-16,223
-84.4088483403684,42.283646764745,1981-06-24,207
-84.4088483403684,42.283646764745,2007-11-03,65.5
-84.4088483403684,42.283646764745,2026-07-08,205
-84.4088483403684,42.283646764745,1990-05-03,158
-84.4088483403684,42.283646764745,1992-09-04,145
-84.4088483403684,42.283646764745,1994-08-18,156
-84.4088483403684,42.283646764745,1992-06-28,91.0
-84.4088483403684,42.283646764745,2014-07-12,89.7
-84.4088483403684,42.283646764745,2013-10-09,140
-84.4088483403684,42.283646764745,1997-01-29,150
-84.4088483403684,42.283646764745,1988-12-11,128
-84.4088483403684,42.283646764745,1990-06-10,137
-84.4088483403684,42.283646764745,1985-10-31,162
-84.4088483403684,42.283646764745,2010-09-12,59.5
-84.4088483403684,42.283646764745,2013-06-07,75.4
-84.4088483403684,42.283646764745,1997-11-02,152
-84.4088483403684,42.283646764745,2016-04-01,206
-84.4088483403684,42.283646764745,1999-04-15,188
-84.4088483403684,42.283646764745,2009-05-05,346
-84.4088483403684,42.283646764745,2003-02-20,58.8
-84.4088483403684,42.283646764745,1992-08-14,109
-84.4088483403684,42.283646764745,1990-10-23,260
-84.4088483403684,42.283646764745,2005-05-27,145
-84.4088483403684,42.283646764745,1979-04-23,105
-84.4088483403684,42.283646764745,2004-09-30,50.1
-84.4088483403684,42.283646764745,1990-10-29,134
-84.4088483403684,42.283646764745,2000-12-29,115
-84.4088483403684,42.283646764745,2015-08-03,105
-84.4088483403684,42.283646764745,2005-03-15,226
-84.4088483403684,42.283646764745,1990-12-13,172
-84.4088483403684,42.283646764745,1987-04-17,148
-84.4088483403684,42.283646764745,2018-04-11,175
-84.4088483403684,42.283646764745,1981-05-08,187
-84.4088483403684,42.283646764745,1981-01-19,128
-84.4088483403684,42.283646764745,2021-09-22,150
-84.4088483403684,42.283646764745,2016-02-16,78.3
-84.4088483403684,42.283646764745,2002-08-27,63.0
-84.4088483403684,42.283646764745,2025-12-28,179
-84.4088483403684,42.283646764745,1995-11-23,140
-84.4088483403684,42.283646764745,1994-10-14,96.0
-84.4088483403684,42.283646764745,2016-09-16,39.9
-84.4088483403684,42.283646764745,1985-11-20,254
-84.4088483403684,42.283646764745,2021-09-17,43.9
-84.4088483403684,42.283646764745,1982-07-25,67.0
-84.4088483403684,42.283646764745,2026-03-14,290
-84.4088483403684,42.283646764745,2022-08-01,61.6
-84.4088483403684,42.283646764745,2001-12-24,176
-84.4088483403684,42.283646764745,1984-11-11,136
-84.4088483403684,42.283646764745,2000-07-25,67.0
-84.4088483403684,42.283646764745,2024-12-26,89.5
-84.4088483403684,42.283646764745,2023-02-12,148
-84.4088483403684,42.283646764745,2013-09-30,49.9
-84.4088483403684,42.283646764745,1991-08-21,84.0
-84.4088483403684,42.283646764745,2011-11-13,220
-84.4088483403684,42.283646764745,2010-08-15,96.2
-84.4088483403684,42.283646764745,2025-02-15,95.1
-84.4088483403684,42.283646764745,1985-03-06,449
-84.4088483403684,42.283646764745,2012-12-19,50.4
-84.4088483403684,42.283646764745,2004-12-26,87.2
-84.4088483403684,42.283646764745,2023-03-14,279
-84.4088483403684,42.283646764745,2006-10-20,236
-84.4088483403684,42.283646764745,2012-06-29,48.5
-84.4088483403684,42.283646764745,1988-04-27,169
-84.4088483403684,42.283646764745,2010-12-27,67.8
-84.4088483403684,42.283646764745,2021-06-04,61.7
-84.4088483403684,42.283646764745,2014-05-20,246
-84.4088483403684,42.283646764745,1992-04-07,159
-84.4088483403684,42.283646764745,2022-02-28,284
-84.4088483403684,42.283646764745,1992-03-03,166
-84.4088483403684,42.283646764745,2022-04-17,201
-84.4088483403684,42.283646764745,1995-05-17,148
-84.4088483403684,42.283646764745,1983-01-22,75.0
-84.4088483403684,42.283646764745,2023-04-01,396
-84.4088483403684,42.283646764745,1990-08-11,61.0
-84.4088483403684,42.283646764745,2021-05-31,61.0
-84.4088483403684,42.283646764745,2021-03-28,178
-84.4088483403684,42.283646764745,2002-06-23,65.0
-84.4088483403684,42.283646764745,2018-07-11,57.3
-84.4088483403684,42.283646764745,2020-12-31,96.8
-84.4088483403684,42.283646764745,2006-09-27,102
-84.4088483403684,42.283646764745,2019-12-21,91.2
-84.4088483403684,42.283646764745,2004-01-27,69.4
-84.4088483403684,42.283646764745,2001-04-17,168
-84.4088483403684,42.283646764745,2019-03-26,140
-84.4088483403684,42.283646764745,1989-12-06,102
-84.4088483403684,42.283646764745,2000-06-18,132
-84.4088483403684,42.283646764745,2016-03-11,150
-84.4088483403684,42.283646764745,1987-12-24,202
-84.4088483403684,42.283646764745,2001-07-22,58.0
-84.4088483403684,42.283646764745,2000-02-06,59.0
-84.4088483403684,42.283646764745,2022-12-22,79.5
-84.4088483403684,42.283646764745,1987-05-04,92.0
-84.4088483403684,42.283646764745,2000-12-06,104
-84.4088483403684,42.283646764745,1984-09-24,49.0
-84.4088483403684,42.283646764745,2010-11-12,58.4
-84.4088483403684,42.283646764745,2005-09-09,47.3
-84.4088483403684,42.283646764745,2011-05-07,282
-84.4088483403684,42.283646764745,2023-11-25,108
-84.4088483403684,42.283646764745,1985-11-03,82.0
-84.4088483403684,42.283646764745,2016-06-30,40.2
-84.4088483403684,42.283646764745,1981-06-22,264
-84.4088483403684,42.283646764745,2016-04-29,133
-84.4088483403684,42.283646764745,1993-05-06,268
-84.4088483403684,42.283646764745,1981-05-23,216
-84.4088483403684,42.283646764745,2016-05-16,206
-84.4088483403684,42.283646764745,1988-02-04,168
-84.4088483403684,42.283646764745,2009-10-30,233
-84.4088483403684,42.283646764745,2022-09-20,64.7
-84.4088483403684,42.283646764745,2023-02-23,174
-84.4088483403684,42.283646764745,2017-07-27,57.4
-84.4088483403684,42.283646764745,1992-05-28,87.0
-84.4088483403684,42.283646764745,2018-01-31,117
-84.4088483403684,42.283646764745,1992-12-31,250
-84.4088483403684,42.283646764745,2016-09-02,42.5
-84.4088483403684,42.283646764745,2022-03-07,272
-84.4088483403684,42.283646764745,2021-08-29,63.7
-84.4088483403684,42.283646764745,1993-01-29,267
-84.4088483403684,42.283646764745,1999-07-16,71.0
-84.4088483403684,42.283646764745,2002-08-20,52.0
-84.4088483403684,42.283646764745,2015-09-08,67.0
-84.4088483403684,42.283646764745,2024-12-24,92.7
-84.4088483403684,42.283646764745,1986-02-01,93.0
-84.4088483403684,42.283646764745,1979-12-22,76.0
-84.4088483403684,42.283646764745,1991-11-08,122
-84.4088483403684,42.283646764745,1985-07-09,59.0
-84.4088483403684,42.283646764745,2000-07-31,146
-84.4088483403684,42.283646764745,1996-12-10,136
-84.4088483403684,42.283646764745,1998-02-07,142
-84.4088483403684,42.283646764745,2015-06-18,448
-84.4088483403684,42.283646764745,2023-10-02,67.7
-84.4088483403684,42.283646764745,2009-06-28,236
-84.4088483403684,42.283646764745,1981-05-31,242
-84.4088483403684,42.283646764745,2018-01-17,106
-84.4088483403684,42.283646764745,2005-02-22,305
-84.4088483403684,42.283646764745,1991-06-28,61.0
-84.4088483403684,42.283646764745,2016-05-23,99.0
-84.4088483403684,42.283646764745,1990-06-04,166
-84.4088483403684,42.283646764745,1999-01-02,57.0
-84.4088483403684,42.283646764745,2011-01-21,70.2
-84.4088483403684,42.283646764745,2003-02-13,56.3
-84.4088483403684,42.283646764745,2014-12-11,121
-84.4088483403684,42.283646764745,2011-06-18,141
-84.4088483403684,42.283646764745,2008-10-06,88.5
-84.4088483403684,42.283646764745,2016-01-24,75.4
-84.4088483403684,42.283646764745,2020-03-06,213
-84.4088483403684,42.283646764745,2003-08-23,44.8
-84.4088483403684,42.283646764745,1995-01-06,97.0
-84.4088483403684,42.283646764745,2014-12-16,129
-84.4088483403684,42.283646764745,2022-09-13,57.5
-84.4088483403684,42.283646764745,2017-12-08,83.4
-84.4088483403684,42.283646764745,1998-04-03,344
-84.4088483403684,42.283646764745,2002-06-10,110
-84.4088483403684,42.283646764745,1989-06-01,353
-84.4088483403684,42.283646764745,2011-07-03,81.1
-84.4088483403684,42.283646764745,2014-09-11,62.2
-84.4088483403684,42.283646764745,2011-02-28,249
-84.4088483403684,42.283646764745,2008-07-28,82.3
-84.4088483403684,42.283646764745,2020-05-27,512
-84.4088483403684,42.283646764745,2015-01-30,76.4
-84.4088483403684,42.283646764745,2009-09-08,97.8
-84.4088483403684,42.283646764745,1983-03-13,206
-84.4088483403684,42.283646764745,1992-07-02,101
-84.4088483403684,42.283646764745,1998-06-25,108
-84.4088483403684,42.283646764745,2004-11-03,88.2
-84.4088483403684,42.283646764745,1992-03-14,163
-84.4088483403684,42.283646764745,2022-09-24,60.2
-84.4088483403684,42.283646764745,1987-04-28,89.0
-84.4088483403684,42.283646764745,1997-11-12,118
-84.4088483403684,42.283646764745,2024-07-20,352
-84.4088483403684,42.283646764745,2023-09-26,61.7
-84.4088483403684,42.283646764745,1981-12-06,110
-84.4088483403684,42.283646764745,2002-11-09,49.0
-84.4088483403684,42.283646764745,2011-10-27,288
-84.4088483403684,42.283646764745,2006-03-12,246
-84.4088483403684,42.283646764745,1980-04-29,203
-84.4088483403684,42.283646764745,2025-09-27,45.8
-84.4088483403684,42.283646764745,1987-02-25,111
-84.4088483403684,42.283646764745,2009-09-01,102
-84.4088483403684,42.283646764745,1995-01-01,175
-84.4088483403684,42.283646764745,2011-09-23,72.4
-84.4088483403684,42.283646764745,1993-04-02,479
-84.4088483403684,42.283646764745,1979-10-11,45.0
-84.4088483403684,42.283646764745,1999-07-01,156
-84.4088483403684,42.283646764745,2019-01-22,70.7
-84.4088483403684,42.283646764745,2006-09-06,101
-84.4088483403684,42.283646764745,1982-01-12,95.0
-84.4088483403684,42.283646764745,2016-12-27,98.6
-84.4088483403684,42.283646764745,2025-04-26,107
-84.4088483403684,42.283646764745,2022-07-05,145
-84.4088483403684,42.283646764745,2026-07-10,175
-84.4088483403684,42.283646764745,2018-06-22,134
-84.4088483403684,42.283646764745,1986-04-11,118
-84.4088483403684,42.283646764745,2015-06-02,282
-84.4088483403684,42.283646764745,2017-04-22,299
-84.4088483403684,42.283646764745,2014-07-20,123
-84.4088483403684,42.283646764745,2006-10-26,160
-84.4088483403684,42.283646764745,2006-08-17,62.7
-84.4088483403684,42.283646764745,2006-06-17,65.9
-84.4088483403684,42.283646764745,2017-09-05,29.8
-84.4088483403684,42.283646764745,2002-03-05,255
-84.4088483403684,42.283646764745,1995-08-24,171
-84.4088483403684,42.283646764745,1992-07-22,180
-84.4088483403684,42.283646764745,1996-04-05,157
-84.4088483403684,42.283646764745,1984-12-29,207
-84.4088483403684,42.283646764745,1995-03-21,253
-84.4088483403684,42.283646764745,2022-08-06,87.5
-84.4088483403684,42.283646764745,1981-06-12,176
-84.4088483403684,42.283646764745,1994-07-21,142
-84.4088483403684,42.283646764745,1989-09-15,99.0
-84.4088483403684,42.283646764745,1987-04-14,145
-84.4088483403684,42.283646764745,1995-10-19,63.0
-84.4088483403684,42.283646764745,1996-04-30,285
-84.4088483403684,42.283646764745,2010-03-13,322
-84.4088483403684,42.283646764745,2006-08-31,92.0
-84.4088483403684,42.283646764745,2008-06-14,202
-84.4088483403684,42.283646764745,1989-01-21,111
-84.4088483403684,42.283646764745,2024-03-12,162
-84.4088483403684,42.283646764745,2018-10-13,124
-84.4088483403684,42.283646764745,1989-05-19,153
-84.4088483403684,42.283646764745,1983-04-25,248
-84.4088483403684,42.283646764745,2001-08-14,40.0
-84.4088483403684,42.283646764745,2013-07-18,66.9
-84.4088483403684,42.283646764745,2015-10-02,40.3
-84.4088483403684,42.283646764745,2004-07-03,72.7
-84.4088483403684,42.283646764745,1991-05-23,134
-84.4088483403684,42.283646764745,2024-01-06,102
-84.4088483403684,42.283646764745,1982-01-01,83.0
-84.4088483403684,42.283646764745,1990-04-30,224
-84.4088483403684,42.283646764745,2000-05-08,93.0
-84.4088483403684,42.283646764745,2012-12-25,65.2
-84.4088483403684,42.283646764745,2025-10-25,74.3
-84.4088483403684,42.283646764745,1993-07-17,112
-84.4088483403684,42.283646764745,1996-05-31,100
-84.4088483403684,42.283646764745,2025-09-12,45.9
-84.4088483403684,42.283646764745,1995-10-14,66.0
-84.4088483403684,42.283646764745,2011-05-16,289
-84.4088483403684,42.283646764745,2010-10-25,65.4
-84.4088483403684,42.283646764745,1990-12-22,226
-84.4088483403684,42.283646764745,1994-08-24,125
-84.4088483403684,42.283646764745,1996-08-03,62.0
-84.4088483403684,42.283646764745,1989-07-28,182
-84.4088483403684,42.283646764745,2007-09-06,71.9
-84.4088483403684,42.283646764745,2022-07-28,79.4
-84.4088483403684,42.283646764745,2014-07-10,104
-84.4088483403684,42.283646764745,2004-12-03,222
-84.4088483403684,42.283646764745,1982-11-29,210
-84.4088483403684,42.283646764745,1983-09-10,49.0
-84.4088483403684,42.283646764745,2021-09-30,124
-84.4088483403684,42.283646764745,1985-05-24,75.0
-84.4088483403684,42.283646764745,2006-12-08,275
-84.4088483403684,42.283646764745,2019-11-25,168
-84.4088483403684,42.283646764745,2008-12-06,92.7
-84.4088483403684,42.283646764745,2000-04-23,321
-84.4088483403684,42.283646764745,2017-10-20,116
-84.4088483403684,42.283646764745,2008-03-17,287
-84.4088483403684,42.283646764745,2017-09-12,31.0
-84.4088483403684,42.283646764745,2010-12-11,84.6
-84.4088483403684,42.283646764745,2002-08-29,57.0
-84.4088483403684,42.283646764745,1995-02-27,148
-84.4088483403684,42.283646764745,1981-10-27,193
-84.4088483403684,42.283646764745,2017-10-13,48.1
-84.4088483403684,42.283646764745,2017-06-01,165
-84.4088483403684,42.283646764745,1990-07-07,85.0
-84.4088483403684,42.283646764745,2017-01-06,79.5
-84.4088483403684,42.283646764745,2022-04-13,237
-84.4088483403684,42.283646764745,1998-04-10,336
-84.4088483403684,42.283646764745,2023-11-28,104
-84.4088483403684,42.283646764745,1996-12-21,99.0
-84.4088483403684,42.283646764745,1991-05-03,206
-84.4088483403684,42.283646764745,1996-02-27,272
-84.4088483403684,42.283646764745,1993-09-04,159
-84.4088483403684,42.283646764745,1986-10-12,235
-84.4088483403684,42.283646764745,2002-05-05,136
-84.4088483403684,42.283646764745,2007-08-12,58.6
-84.4088483403684,42.283646764745,1986-06-15,129
-84.4088483403684,42.283646764745,2025-08-31,48.8
-84.4088483403684,42.283646764745,2011-03-04,237
-84.4088483403684,42.283646764745,1991-09-03,109
-84.4088483403684,42.283646764745,1984-07-25,45.0
-84.4088483403684,42.283646764745,1994-10-28,74.0
-84.4088483403684,42.283646764745,2019-07-17,83.1
-84.4088483403684,42.283646764745,1984-11-12,158
-84.4088483403684,42.283646764745,1999-07-08,81.0
-84.4088483403684,42.283646764745,2012-07-17,33.4
-84.4088483403684,42.283646764745,2006-09-25,106
-84.4088483403684,42.283646764745,1984-10-27,63.0
-84.4088483403684,42.283646764745,1994-09-26,61.0
-84.4088483403684,42.283646764745,1982-12-16,142
-84.4088483403684,42.283646764745,1993-11-09,147
-84.4088483403684,42.283646764745,1990-06-07,146
-84.4088483403684,42.283646764745,2014-07-17,140
-84.4088483403684,42.283646764745,2021-08-16,124
-84.4088483403684,42.283646764745,1988-04-06,253
-84.4088483403684,42.283646764745,1986-02-04,158
-84.4088483403684,42.283646764745,2009-05-20,469
-84.4088483403684,42.283646764745,2001-11-18,102
-84.4088483403684,42.283646764745,1999-08-14,60.0
-84.4088483403684,42.283646764745,1996-02-26,147
-84.4088483403684,42.283646764745,1988-05-15,85.0
-84.4088483403684,42.283646764745,1992-08-10,193
-84.4088483403684,42.283646764745,1979-04-21,168
-84.4088483403684,42.283646764745,1990-01-20,137
-84.4088483403684,42.283646764745,2019-09-23,68.8
-84.4088483403684,42.283646764745,2007-09-29,53.1
-84.4088483403684,42.283646764745,1999-09-02,45.0
-84.4088483403684,42.283646764745,2004-10-17,62.4
-84.4088483403684,42.283646764745,2010-05-25,392
-84.4088483403684,42.283646764745,2009-03-20,428
-84.4088483403684,42.283646764745,1986-04-14,120
-84.4088483403684,42.283646764745,2012-12-16,52.5
-84.4088483403684,42.283646764745,1979-02-28,89.0
-84.4088483403684,42.283646764745,1993-01-01,247
-84.4088483403684,42.283646764745,1999-01-13,76.0
-84.4088483403684,42.283646764745,2001-08-01,49.0
-84.4088483403684,42.283646764745,1992-02-25,196
-84.4088483403684,42.283646764745,2016-03-29,191
-84.4088483403684,42.283646764745,2023-08-24,116
-84.4088483403684,42.283646764745,1995-07-20,88.0
-84.4088483403684,42.283646764745,1990-03-20,488
-84.4088483403684,42.283646764745,2010-10-10,54.7
-84.4088483403684,42.283646764745,1993-01-16,353
-84.4088483403684,42.283646764745,1984-02-15,314
-84.4088483403684,42.283646764745,2013-01-13,135
-84.4088483403684,42.283646764745,1994-01-18,124
-84.4088483403684,42.283646764745,2020-05-14,229
-84.4088483403684,42.283646764745,1994-08-05,77.0
-84.4088483403684,42.283646764745,1979-01-10,67.0
-84.4088483403684,42.283646764745,2026-02-19,133
-84.4088483403684,42.283646764745,1993-02-27,185
-84.4088483403684,42.283646764745,2019-11-14,235
-84.4088483403684,42.283646764745,1997-04-05,326
-84.4088483403684,42.283646764745,2008-08-27,44.4
-84.4088483403684,42.283646764745,2024-05-03,188
-84.4088483403684,42.283646764745,2011-05-18,292
-84.4088483403684,42.283646764745,2013-08-30,115
-84.4088483403684,42.283646764745,1994-06-18,148
-84.4088483403684,42.283646764745,2010-01-07,143
-84.4088483403684,42.283646764745,1999-07-21,73.0
-84.4088483403684,42.283646764745,2008-10-01,145
-84.4088483403684,42.283646764745,2001-07-28,62.0
-84.4088483403684,42.283646764745,1992-12-26,133
-84.4088483403684,42.283646764745,1983-02-17,107
-84.4088483403684,42.283646764745,2007-11-21,176
-84.4088483403684,42.283646764745,1989-06-17,225
-84.4088483403684,42.283646764745,2002-02-13,169
-84.4088483403684,42.283646764745,2021-06-28,289
-84.4088483403684,42.283646764745,1995-01-13,154
-84.4088483403684,42.283646764745,2024-05-15,163
-84.4088483403684,42.283646764745,1991-04-13,163
-84.4088483403684,42.283646764745,2004-05-27,323
-84.4088483403684,42.283646764745,2014-10-31,67.3
-84.4088483403684,42.283646764745,1989-03-01,81.0
-84.4088483403684,42.283646764745,1997-04-18,213
-84.4088483403684,42.283646764745,2024-08-09,221
-84.4088483403684,42.283646764745,1985-01-23,141
-84.4088483403684,42.283646764745,2007-09-01,91.5
-84.4088483403684,42.283646764745,1982-09-17,124
-84.4088483403684,42.283646764745,2022-10-17,51.3
-84.4088483403684,42.283646764745,1995-06-21,56.0
-84.4088483403684,42.283646764745,1986-09-21,46.0
-84.4088483403684,42.283646764745,2023-06-18,51.3
-84.4088483403684,42.283646764745,1990-10-26,162
-84.4088483403684,42.283646764745,2004-05-01,113
-84.4088483403684,42.283646764745,2017-03-05,296
-84.4088483403684,42.283646764745,1986-11-27,166
-84.4088483403684,42.283646764745,1987-01-12,115
-84.4088483403684,42.283646764745,1991-06-01,100
-84.4088483403684,42.283646764745,1999-11-16,52.0
-84.4088483403684,42.283646764745,2001-01-24,113
-84.4088483403684,42.283646764745,2024-03-30,130
-84.4088483403684,42.283646764745,2010-07-31,242
-84.4088483403684,42.283646764745,1980-04-28,211
-84.4088483403684,42.283646764745,2023-09-28,79.4
-84.4088483403684,42.283646764745,2016-05-26,84.8
-84.4088483403684,42.283646764745,2006-02-08,228
-84.4088483403684,42.283646764745,2023-05-06,194
-84.4088483403684,42.283646764745,2024-11-12,96.3
-84.4088483403684,42.283646764745,2020-09-13,89.0
-84.4088483403684,42.283646764745,1993-09-13,80.0
-84.4088483403684,42.283646764745,1993-06-12,232
-84.4088483403684,42.283646764745,1990-09-06,66.0
-84.4088483403684,42.283646764745,2008-05-22,133
-84.4088483403684,42.283646764745,1988-10-03,127
-84.4088483403684,42.283646764745,1992-08-26,75.0
-84.4088483403684,42.283646764745,2003-07-04,49.9
-84.4088483403684,42.283646764745,1979-07-20,45.0
-84.4088483403684,42.283646764745,1997-05-23,135
-84.4088483403684,42.283646764745,2002-06-15,82.0
-84.4088483403684,42.283646764745,1988-09-04,50.0
-84.4088483403684,42.283646764745,1979-06-09,61.0
-84.4088483403684,42.283646764745,1998-03-22,386
-84.4088483403684,42.283646764745,2024-11-30,93.1
-84.4088483403684,42.283646764745,2011-12-23,323
-84.4088483403684,42.283646764745,2010-05-01,223
-84.4088483403684,42.283646764745,1981-11-15,147
-84.4088483403684,42.283646764745,1979-10-07,34.0
-84.4088483403684,42.283646764745,1992-09-07,140
-84.4088483403684,42.283646764745,2018-12-04,121
-84.4088483403684,42.283646764745,2026-06-21,73.2
-84.4088483403684,42.283646764745,2002-01-21,119
-84.4088483403684,42.283646764745,2008-05-21,136
-84.4088483403684,42.283646764745,2002-01-13,158
-84.4088483403684,42.283646764745,2019-01-14,135
-84.4088483403684,42.283646764745,2017-08-03,60.8
-84.4088483403684,42.283646764745,1987-10-13,56.0
-84.4088483403684,42.283646764745,2008-10-10,86.4
-84.4088483403684,42.283646764745,2008-10-05,87.5
-84.4088483403684,42.283646764745,1986-12-21,124
-84.4088483403684,42.283646764745,2020-03-12,242
-84.4088483403684,42.283646764745,1981-08-09,120
-84.4088483403684,42.283646764745,2026-05-04,202
-84.4088483403684,42.283646764745,2010-08-22,75.7
-84.4088483403684,42.283646764745,2012-03-20,194
-84.4088483403684,42.283646764745,2011-10-21,180
-84.4088483403684,42.283646764745,2000-06-23,229
-84.4088483403684,42.283646764745,1979-12-20,61.0
-84.4088483403684,42.283646764745,1993-09-01,132
-84.4088483403684,42.283646764745,1996-12-18,111
-84.4088483403684,42.283646764745,2000-08-14,91.0
-84.4088483403684,42.283646764745,1996-12-09,140
-84.4088483403684,42.283646764745,2003-07-15,46.2
-84.4088483403684,42.283646764745,1992-07-26,145
-84.4088483403684,42.283646764745,1989-10-27,109
-84.4088483403684,42.283646764745,1996-09-12,60.0
-84.4088483403684,42.283646764745,2020-11-19,67.5
-84.4088483403684,42.283646764745,2017-05-02,321
-84.4088483403684,42.283646764745,2009-02-26,169
-84.4088483403684,42.283646764745,2010-07-06,143
-84.4088483403684,42.283646764745,2006-09-08,78.0
-84.4088483403684,42.283646764745,2018-08-04,46.9
-84.4088483403684,42.283646764745,1997-11-28,60.0
-84.4088483403684,42.283646764745,1989-04-07,329
-84.4088483403684,42.283646764745,1979-10-21,97.0
-84.4088483403684,42.283646764745,2006-03-08,110
-84.4088483403684,42.283646764745,2013-08-13,127
-84.4088483403684,42.283646764745,2004-09-19,49.7
-84.4088483403684,42.283646764745,1998-12-18,133
-84.4088483403684,42.283646764745,1984-02-23,257
-84.4088483403684,42.283646764745,1984-10-07,52.0
-84.4088483403684,42.283646764745,1994-12-26,197
-84.4088483403684,42.283646764745,2013-09-14,79.8
-84.4088483403684,42.283646764745,1981-04-23,313
-84.4088483403684,42.283646764745,1999-07-20,66.0
-84.4088483403684,42.283646764745,2019-07-23,88.9
-84.4088483403684,42.283646764745,2000-10-09,149
-84.4088483403684,42.283646764745,1993-10-01,253
-84.4088483403684,42.283646764745,2004-02-09,76.5
-84.4088483403684,42.283646764745,2007-12-24,174
-84.4088483403684,42.283646764745,2009-04-17,370
-84.4088483403684,42.283646764745,2018-07-25,42.8
-84.4088483403684,42.283646764745,1981-07-16,65.0
-84.4088483403684,42.283646764745,2006-07-05,173
-84.4088483403684,42.283646764745,1980-03-28,294
-84.4088483403684,42.283646764745,1980-03-10,93.0
-84.4088483403684,42.283646764745,1991-03-18,219
-84.4088483403684,42.283646764745,1997-06-25,173
-84.4088483403684,42.283646764745,2015-04-16,91.8
-84.4088483403684,42.283646764745,2018-05-07,159
-84.4088483403684,42.283646764745,2010-12-09,85.1
-84.4088483403684,42.283646764745,2025-01-17,121
-84.4088483403684,42.283646764745,1982-09-08,44.0
-84.4088483403684,42.283646764745,2011-11-18,166
-84.4088483403684,42.283646764745,1986-11-30,161
-84.4088483403684,42.283646764745,2005-12-30,142
-84.4088483403684,42.283646764745,2002-09-30,46.0
-84.4088483403684,42.283646764745,2014-07-08,149
-84.4088483403684,42.283646764745,2014-06-12,110
-84.4088483403684,42.283646764745,2002-12-03,51.9
-84.4088483403684,42.283646764745,1991-10-20,66.0
-84.4088483403684,42.283646764745,2024-05-19,131
-84.4088483403684,42.283646764745,1984-07-07,47.0
-84.4088483403684,42.283646764745,1981-08-23,51.0
-84.4088483403684,42.283646764745,2011-11-20,159
-84.4088483403684,42.283646764745,1993-09-25,99.0
-84.4088483403684,42.283646764745,1986-04-08,154
-84.4088483403684,42.283646764745,1982-04-12,379
-84.4088483403684,42.283646764745,1982-03-02,114
-84.4088483403684,42.283646764745,1987-06-12,72.0
-84.4088483403684,42.283646764745,1999-08-09,63.0
-84.4088483403684,42.283646764745,2022-07-08,112
-84.4088483403684,42.283646764745,2002-03-19,254
-84.4088483403684,42.283646764745,1995-12-09,89.0
-84.4088483403684,42.283646764745,1979-08-15,58.0
-84.4088483403684,42.283646764745,2024-04-03,261
-84.4088483403684,42.283646764745,1982-03-03,160
-84.4088483403684,42.283646764745,2001-10-14,226
-84.4088483403684,42.283646764745,2010-11-09,55.5
-84.4088483403684,42.283646764745,2025-07-16,106
-84.4088483403684,42.283646764745,1994-11-26,92.0
-84.4088483403684,42.283646764745,2015-08-18,63.1
-84.4088483403684,42.283646764745,2011-06-30,133
-84.4088483403684,42.283646764745,2025-05-16,232
-84.4088483403684,42.283646764745,2022-10-22,53.5
-84.4088483403684,42.283646764745,2001-06-05,209
-84.4088483403684,42.283646764745,1995-05-15,164
-84.4088483403684,42.283646764745,2001-01-03,119
-84.4088483403684,42.283646764745,2008-08-20,49.7
-84.4088483403684,42.283646764745,1979-04-06,203
-84.4088483403684,42.283646764745,2023-02-03,85.7
-84.4088483403684,42.283646764745,1984-09-14,47.0
-84.4088483403684,42.283646764745,2024-12-25,88.8
-84.4088483403684,42.283646764745,1981-12-22,77.0
-84.4088483403684,42.283646764745,2014-03-17,235
-84.4088483403684,42.283646764745,2020-12-03,85.6
-84.4088483403684,42.283646764745,1988-11-05,159
-84.4088483403684,42.283646764745,2004-04-22,83.5
-84.4088483403684,42.283646764745,2016-03-10,174
-84.4088483403684,42.283646764745,2021-08-22,64.5
-84.4088483403684,42.283646764745,1996-09-10,60.0
-84.4088483403684,42.283646764745,1997-05-17,179
-84.4088483403684,42.283646764745,2026-02-12,82.7
-84.4088483403684,42.283646764745,1993-06-18,140
-84.4088483403684,42.283646764745,1987-01-06,103
-84.4088483403684,42.283646764745,2021-12-24,254
-84.4088483403684,42.283646764745,2014-08-26,53.6
-84.4088483403684,42.283646764745,2019-05-16,206
-84.4088483403684,42.283646764745,2012-05-13,102
-84.4088483403684,42.283646764745,2026-06-29,73.8
-84.4088483403684,42.283646764745,2020-08-06,67.2
-84.4088483403684,42.283646764745,2004-04-10,134
-84.4088483403684,42.283646764745,1994-10-04,71.0
-84.4088483403684,42.283646764745,2025-03-04,162
-84.4088483403684,42.283646764745,1984-04-29,199
-84.4088483403684,42.283646764745,2024-01-18,110
-84.4088483403684,42.283646764745,2012-08-24,37.9
-84.4088483403684,42.283646764745,2003-07-01,49.3
-84.4088483403684,42.283646764745,2021-10-04,336
-84.4088483403684,42.283646764745,1988-05-04,146
-84.4088483403684,42.283646764745,2019-12-03,210
-84.4088483403684,42.283646764745,2023-05-03,182
-84.4088483403684,42.283646764745,2019-11-05,222
-84.4088483403684,42.283646764745,1995-08-29,95.0
-84.4088483403684,42.283646764745,2010-12-15,91.5
-84.4088483403684,42.283646764745,2000-07-07,201
-84.4088483403684,42.283646764745,2023-12-15,104
-84.4088483403684,42.283646764745,1987-09-19,96.0
-84.4088483403684,42.283646764745,2016-12-02,106
-84.4088483403684,42.283646764745,1981-07-23,144
-84.4088483403684,42.283646764745,2023-02-18,112
-84.4088483403684,42.283646764745,1984-04-25,280
-84.4088483403684,42.283646764745,1992-06-18,215
-84.4088483403684,42.283646764745,2019-03-05,95.9
-84.4088483403684,42.283646764745,2003-10-01,76.7
-84.4088483403684,42.283646764745,1996-12-20,92.0
-84.4088483403684,42.283646764745,2024-09-11,67.1
-84.4088483403684,42.283646764745,2005-07-02,54.4
-84.4088483403684,42.283646764745,1991-12-24,103
-84.4088483403684,42.283646764745,2003-08-02,72.1
-84.4088483403684,42.283646764745,2019-12-02,212
-84.4088483403684,42.283646764745,2016-12-15,118
-84.4088483403684,42.283646764745,2014-04-18,244
-84.4088483403684,42.283646764745,2005-02-08,250
-84.4088483403684,42.283646764745,2024-05-17,126
-84.4088483403684,42.283646764745,2008-11-08,135
-84.4088483403684,42.283646764745,1996-01-18,151
-84.4088483403684,42.283646764745,2025-04-11,239
-84.4088483403684,42.283646764745,1989-12-18,83.0
-84.4088483403684,42.283646764745,2023-12-11,129
-84.4088483403684,42.283646764745,1987-11-21,46.0
-84.4088483403684,42.283646764745,2014-04-06,357
-84.4088483403684,42.283646764745,1984-07-29,35.0
-84.4088483403684,42.283646764745,2004-02-13,74.9
-84.4088483403684,42.283646764745,2021-10-16,322
-84.4088483403684,42.283646764745,1986-09-01,40.0
-84.4088483403684,42.283646764745,2004-08-21,82.3
-84.4088483403684,42.283646764745,2017-02-04,112
-84.4088483403684,42.283646764745,1991-07-04,63.0
-84.4088483403684,42.283646764745,1994-03-19,190
-84.4088483403684,42.283646764745,1983-06-30,180
-84.4088483403684,42.283646764745,2014-07-13,95.5
-84.4088483403684,42.283646764745,2014-02-22,160
-84.4088483403684,42.283646764745,2003-03-30,187
-84.4088483403684,42.283646764745,1991-07-24,65.0
-84.4088483403684,42.283646764745,2022-01-22,99.1
-84.4088483403684,42.283646764745,2008-12-03,110
-84.4088483403684,42.283646764745,2019-08-23,66.1
-84.4088483403684,42.283646764745,2025-02-02,131
-84.4088483403684,42.283646764745,1986-07-17,154
-84.4088483403684,42.283646764745,1987-07-04,43.0
-84.4088483403684,42.283646764745,1987-07-19,30.0
-84.4088483403684,42.283646764745,1991-01-17,277
-84.4088483403684,42.283646764745,2008-03-11,271
-84.4088483403684,42.283646764745,1981-07-27,101
-84.4088483403684,42.283646764745,2005-05-24,122
-84.4088483403684,42.283646764745,2022-02-18,293
-84.4088483403684,42.283646764745,2018-01-28,123
-84.4088483403684,42.283646764745,1994-03-13,230
-84.4088483403684,42.283646764745,1996-09-21,62.0
-84.4088483403684,42.283646764745,1989-06-15,249
-84.4088483403684,42.283646764745,1996-02-10,101
-84.4088483403684,42.283646764745,2014-08-24,53.5
-84.4088483403684,42.283646764745,2002-02-09,269
-84.4088483403684,42.283646764745,2010-01-06,146
-84.4088483403684,42.283646764745,1985-10-18,62.0
-84.4088483403684,42.283646764745,1997-04-23,120
-84.4088483403684,42.283646764745,1985-01-26,145
-84.4088483403684,42.283646764745,2024-03-17,169
-84.4088483403684,42.283646764745,2003-11-19,119
-84.4088483403684,42.283646764745,1989-09-05,86.0
-84.4088483403684,42.283646764745,1998-05-11,331
-84.4088483403684,42.283646764745,2024-10-31,84.2
-84.4088483403684,42.283646764745,1998-03-19,401
-84.4088483403684,42.283646764745,2023-01-24,119
-84.4088483403684,42.283646764745,1982-05-26,175
-84.4088483403684,42.283646764745,1983-03-27,200
-84.4088483403684,42.283646764745,1983-10-12,59.0
-84.4088483403684,42.283646764745,2009-03-25,299
-84.4088483403684,42.283646764745,2004-07-13,87.7
-84.4088483403684,42.283646764745,1989-05-31,299
-84.4088483403684,42.283646764745,2026-08-11,80.9
-84.4088483403684,42.283646764745,1981-07-04,107
-84.4088483403684,42.283646764745,2000-05-03,151
-84.4088483403684,42.283646764745,1988-10-19,151
-84.4088483403684,42.283646764745,1988-12-14,145
-84.4088483403684,42.283646764745,2023-05-10,155
-84.4088483403684,42.283646764745,2019-10-29,229
-84.4088483403684,42.283646764745,2020-01-11,501
-84.4088483403684,42.283646764745,2002-03-08,262
-84.4088483403684,42.283646764745,1999-08-19,57.0
-84.4088483403684,42.283646764745,1986-07-23,75.0
-84.4088483403684,42.283646764745,1980-10-06,71.0
-84.4088483403684,42.283646764745,1985-08-31,43.0
-84.4088483403684,42.283646764745,2019-08-06,73.6
-84.4088483403684,42.283646764745,2006-12-29,164
-84.4088483403684,42.283646764745,1996-12-26,114
-84.4088483403684,42.283646764745,2005-11-04,43.6
-84.4088483403684,42.283646764745,1979-02-04,50.0
-84.4088483403684,42.283646764745,1985-09-04,45.0
-84.4088483403684,42.283646764745,1983-03-01,122
-84.4088483403684,42.283646764745,1998-07-11,91.0
-84.4088483403684,42.283646764745,2002-03-02,254
-84.4088483403684,42.283646764745,1987-08-15,33.0
-84.4088483403684,42.283646764745,2018-06-18,156
-84.4088483403684,42.283646764745,1991-03-14,179
-84.4088483403684,42.283646764745,2010-11-28,254
-84.4088483403684,42.283646764745,2021-01-28,75.5
-84.4088483403684,42.283646764745,2020-12-18,89.0
-84.4088483403684,42.283646764745,2000-08-10,162
-84.4088483403684,42.283646764745,1989-01-30,157
-84.4088483403684,42.283646764745,2021-10-08,424
-84.4088483403684,42.283646764745,1985-04-30,171
-84.4088483403684,42.283646764745,2012-09-09,34.7
-84.4088483403684,42.283646764745,1979-01-26,62.0
-84.4088483403684,42.283646764745,2023-04-19,161
-84.4088483403684,42.283646764745,1989-12-01,110
-84.4088483403684,42.283646764745,1999-05-09,140
-84.4088483403684,42.283646764745,1988-05-26,63.0
-84.4088483403684,42.283646764745,1984-10-20,53.0
-84.4088483403684,42.283646764745,1992-03-19,157
-84.4088483403684,42.283646764745,1996-05-23,191
-84.4088483403684,42.283646764745,1987-02-10,121
-84.4088483403684,42.283646764745,2016-09-17,53.2
-84.4088483403684,42.283646764745,2025-10-27,74.2
-84.4088483403684,42.283646764745,2011-06-22,140
-84.4088483403684,42.283646764745,1988-04-04,209
-84.4088483403684,42.283646764745,1984-07-18,46.0
-84.4088483403684,42.283646764745,2024-09-24,67.0
-84.4088483403684,42.283646764745,2007-02-24,137
-84.4088483403684,42.283646764745,1985-12-11,190
-84.4088483403684,42.283646764745,1998-08-06,134
-84.4088483403684,42.283646764745,2020-06-25,97.3
-84.4088483403684,42.283646764745,2017-12-25,77.9
-84.4088483403684,42.283646764745,2014-02-26,163
-84.4088483403684,42.283646764745,1983-05-21,203
-84.4088483403684,42.283646764745,1998-11-20,82.0
-84.4088483403684,42.283646764745,1987-05-23,101
-84.4088483403684,42.283646764745,2025-07-17,118
-84.4088483403684,42.283646764745,2022-04-15,218
-84.4088483403684,42.283646764745,2025-09-19,45.3
-84.4088483403684,42.283646764745,1989-12-28,77.0
-84.4088483403684,42.283646764745,2002-06-28,64.0
-84.4088483403684,42.283646764745,1982-04-23,252
-84.4088483403684,42.283646764745,1987-05-26,95.0
-84.4088483403684,42.283646764745,2000-06-06,208
-84.4088483403684,42.283646764745,2019-06-06,246
-84.4088483403684,42.283646764745,1985-03-09,390
-84.4088483403684,42.283646764745,1986-02-12,151
-84.4088483403684,42.283646764745,1997-11-10,129
-84.4088483403684,42.283646764745,2013-10-06,145
-84.4088483403684,42.283646764745,2007-04-20,148
-84.4088483403684,42.283646764745,2015-03-08,71.2
-84.4088483403684,42.283646764745,2017-11-13,93.1
-84.4088483403684,42.283646764745,1980-07-06,51.0
-84.4088483403684,42.283646764745,1999-11-17,50.0
-84.4088483403684,42.283646764745,1989-09-16,101
-84.4088483403684,42.283646764745,1985-01-14,102
-84.4088483403684,42.283646764745,1987-01-29,103
-84.4088483403684,42.283646764745,2020-09-08,137
-84.4088483403684,42.283646764745,2007-06-26,69.9
-84.4088483403684,42.283646764745,1985-12-05,176
-84.4088483403684,42.283646764745,1999-10-02,46.0
-84.4088483403684,42.283646764745,1984-12-05,69.0
-84.4088483403684,42.283646764745,1980-05-03,196
-84.4088483403684,42.283646764745,2004-05-08,169
-84.4088483403684,42.283646764745,1979-11-16,53.0
-84.4088483403684,42.283646764745,2021-12-04,200
-84.4088483403684,42.283646764745,1995-01-21,280
-84.4088483403684,42.283646764745,1991-09-23,57.0
-84.4088483403684,42.283646764745,2009-03-12,558
-84.4088483403684,42.283646764745,2001-08-23,61.0
-84.4088483403684,42.283646764745,2010-11-26,261
-84.4088483403684,42.283646764745,2021-09-01,47.7
-84.4088483403684,42.283646764745,2024-07-17,607
-84.4088483403684,42.283646764745,2024-02-24,129
-84.4088483403684,42.283646764745,2002-07-04,49.0
-84.4088483403684,42.283646764745,2009-09-11,87.4
-84.4088483403684,42.283646764745,2020-02-05,229
-84.4088483403684,42.283646764745,2025-09-23,48.7
-84.4088483403684,42.283646764745,2023-02-15,131
-84.4088483403684,42.283646764745,1996-05-20,139
-84.4088483403684,42.283646764745,1991-05-15,171
-84.4088483403684,42.283646764745,2018-09-13,53.5
-84.4088483403684,42.283646764745,2019-04-06,254
-84.4088483403684,42.283646764745,1997-11-24,72.0
-84.4088483403684,42.283646764745,1980-09-11,161
-84.4088483403684,42.283646764745,2009-04-15,388
-84.4088483403684,42.283646764745,1987-01-19,106
-84.4088483403684,42.283646764745,2017-11-05,87.7
-84.4088483403684,42.283646764745,2002-12-10,57.7
-84.4088483403684,42.283646764745,2001-12-06,178
-84.4088483403684,42.283646764745,2023-03-16,262
-84.4088483403684,42.283646764745,1986-06-04,121
-84.4088483403684,42.283646764745,1982-02-18,147
-84.4088483403684,42.283646764745,1984-09-29,55.0
-84.4088483403684,42.283646764745,2024-12-02,89.7
-84.4088483403684,42.283646764745,2025-04-15,185
-84.4088483403684,42.283646764745,1979-07-16,53.0
-84.4088483403684,42.283646764745,2009-04-14,348
-84.4088483403684,42.283646764745,1995-02-10,126
-84.4088483403684,42.283646764745,1991-03-21,215
-84.4088483403684,42.283646764745,2001-02-28,445
-84.4088483403684,42.283646764745,2004-12-24,95.9
-84.4088483403684,42.283646764745,1980-01-16,151
-84.4088483403684,42.283646764745,2015-01-06,75.8
-84.4088483403684,42.283646764745,1997-04-30,110
-84.4088483403684,42.283646764745,2018-10-29,58.5
-84.4088483403684,42.283646764745,1982-07-23,88.0
-84.4088483403684,42.283646764745,2021-08-07,87.3
-84.4088483403684,42.283646764745,1986-08-03,49.0
-84.4088483403684,42.283646764745,2003-01-29,53.1
-84.4088483403684,42.283646764745,2023-01-14,91.2
-84.4088483403684,42.283646764745,2006-06-19,79.9
-84.4088483403684,42.283646764745,1993-06-25,291
-84.4088483403684,42.283646764745,1997-02-26,452
-84.4088483403684,42.283646764745,1981-03-15,102
-84.4088483403684,42.283646764745,2009-01-15,166
-84.4088483403684,42.283646764745,2017-12-23,93.1
-84.4088483403684,42.283646764745,1991-12-21,112
-84.4088483403684,42.283646764745,2011-06-26,100
-84.4088483403684,42.283646764745,1997-08-08,59.0
-84.4088483403684,42.283646764745,2023-07-24,60.7
-84.4088483403684,42.283646764745,2023-07-20,65.6
-84.4088483403684,42.283646764745,1979-01-21,114
-84.4088483403684,42.283646764745,2025-08-27,49.6
-84.4088483403684,42.283646764745,1988-04-11,268
-84.4088483403684,42.283646764745,1983-01-19,82.0
-84.4088483403684,42.283646764745,1983-08-14,145
-84.4088483403684,42.283646764745,1983-09-30,53.0
-84.4088483403684,42.283646764745,2020-10-21,125
-84.4088483403684,42.283646764745,2012-10-17,57.4
-84.4088483403684,42.283646764745,1982-05-12,193
-84.4088483403684,42.283646764745,1981-11-07,160
-84.4088483403684,42.283646764745,1985-02-12,138
-84.4088483403684,42.283646764745,2018-04-01,173
-84.4088483403684,42.283646764745,1994-03-09,237
-84.4088483403684,42.283646764745,1998-12-24,77.0
-84.4088483403684,42.283646764745,1983-10-25,69.0
-84.4088483403684,42.283646764745,1999-12-05,110
-84.4088483403684,42.283646764745,1992-12-23,183
-84.4088483403684,42.283646764745,2011-11-22,149
-84.4088483403684,42.283646764745,2002-07-19,45.0
-84.4088483403684,42.283646764745,2009-05-08,257
-84.4088483403684,42.283646764745,2006-06-23,330
-84.4088483403684,42.283646764745,2002-05-07,141
-84.4088483403684,42.283646764745,1999-10-07,51.0
-84.4088483403684,42.283646764745,1984-08-25,23.0
-84.4088483403684,42.283646764745,1984-07-11,122
-84.4088483403684,42.283646764745,2001-11-25,153
-84.4088483403684,42.283646764745,1999-09-08,40.0
-84.4088483403684,42.283646764745,2005-08-16,67.9
-84.4088483403684,42.283646764745,1990-05-25,291
-84.4088483403684,42.283646764745,2024-11-04,105
-84.4088483403684,42.283646764745,1985-07-10,110
-84.4088483403684,42.283646764745,2009-10-24,188
-84.4088483403684,42.283646764745,1987-09-11,70.0
-84.4088483403684,42.283646764745,1985-07-19,130
-84.4088483403684,42.283646764745,1987-10-06,58.0
-84.4088483403684,42.283646764745,1998-04-04,289
-84.4088483403684,42.283646764745,2007-09-17,64.7
-84.4088483403684,42.283646764745,2022-11-07,83.8
-84.4088483403684,42.283646764745,1995-03-10,246
-84.4088483403684,42.283646764745,2001-03-25,169
-84.4088483403684,42.283646764745,2022-07-16,122
-84.4088483403684,42.283646764745,2003-01-03,74.8
-84.4088483403684,42.283646764745,2025-09-01,50.7
-84.4088483403684,42.283646764745,2008-08-28,44.5
-84.4088483403684,42.283646764745,2008-11-04,98.4
-84.4088483403684,42.283646764745,1991-03-02,216
-84.4088483403684,42.283646764745,2000-03-17,92.0
-84.4088483403684,42.283646764745,2021-01-02,113
-84.4088483403684,42.283646764745,1994-09-07,66.0
-84.4088483403684,42.283646764745,1990-09-26,127
-84.4088483403684,42.283646764745,1993-04-09,363
-84.4088483403684,42.283646764745,1985-05-13,71.0
-84.4088483403684,42.283646764745,2008-08-30,41.5
-84.4088483403684,42.283646764745,1980-04-04,336
-84.4088483403684,42.283646764745,2017-05-03,209
-84.4088483403684,42.283646764745,2012-10-13,55.0
-84.4088483403684,42.283646764745,2020-06-06,223
-84.4088483403684,42.283646764745,1984-03-26,390
-84.4088483403684,42.283646764745,1981-08-06,209
-84.4088483403684,42.283646764745,1986-05-15,78.0
-84.4088483403684,42.283646764745,1992-01-19,140
-84.4088483403684,42.283646764745,1990-05-18,309
-84.4088483403684,42.283646764745,2010-10-12,56.1
-84.4088483403684,42.283646764745,2012-08-14,62.0
-84.4088483403684,42.283646764745,1998-04-24,148
-84.4088483403684,42.283646764745,2026-09-08,114
-84.4088483403684,42.283646764745,2009-11-20,97.9
-84.4088483403684,42.283646764745,2012-06-05,61.2
-84.4088483403684,42.283646764745,2012-12-03,156
-84.4088483403684,42.283646764745,2021-02-25,156
-84.4088483403684,42.283646764745,1991-12-28,129
-84.4088483403684,42.283646764745,2014-07-07,173
-84.4088483403684,42.283646764745,1983-01-29,75.0
-84.4088483403684,42.283646764745,2014-09-16,59.6
-84.4088483403684,42.283646764745,2018-07-13,54.5
-84.4088483403684,42.283646764745,2007-07-14,42.3
-84.4088483403684,42.283646764745,2008-02-01,207
-84.4088483403684,42.283646764745,2023-05-01,202
-84.4088483403684,42.283646764745,2019-05-26,221
-84.4088483403684,42.283646764745,2000-11-07,81.0
-84.4088483403684,42.283646764745,1984-02-09,80.0
-84.4088483403684,42.283646764745,1988-07-19,33.0
-84.4088483403684,42.283646764745,2010-09-14,58.5
-84.4088483403684,42.283646764745,1996-11-15,135
-84.4088483403684,42.283646764745,1992-07-07,75.0
-84.4088483403684,42.283646764745,1989-07-21,80.0
-84.4088483403684,42.283646764745,2001-07-31,52.0
-84.4088483403684,42.283646764745,1980-03-02,57.0
-84.4088483403684,42.283646764745,2004-09-25,42.8
-84.4088483403684,42.283646764745,1989-02-26,81.0
-84.4088483403684,42.283646764745,1979-12-28,239
-84.4088483403684,42.283646764745,1993-04-05,447
-84.4088483403684,42.283646764745,1984-09-27,114
-84.4088483403684,42.283646764745,1981-10-10,174
-84.4088483403684,42.283646764745,1997-03-22,247
-84.4088483403684,42.283646764745,1996-06-18,261
-84.4088483403684,42.283646764745,1999-08-26,57.0
-84.4088483403684,42.283646764745,2016-01-26,79.0
-84.4088483403684,42.283646764745,1996-08-27,63.0
-84.4088483403684,42.283646764745,2025-04-20,143
-84.4088483403684,42.283646764745,2011-01-02,134
-84.4088483403684,42.283646764745,2010-08-26,72.6
-84.4088483403684,42.283646764745,2016-06-26,43.1
-84.4088483403684,42.283646764745,1998-05-25,98.0
-84.4088483403684,42.283646764745,2014-11-11,70.1
-84.4088483403684,42.283646764745,2006-07-18,197
-84.4088483403684,42.283646764745,2021-12-20,263
-84.4088483403684,42.283646764745,1994-09-03,64.0
-84.4088483403684,42.283646764745,1986-08-01,58.0
-84.4088483403684,42.283646764745,2024-01-31,487
-84.4088483403684,42.283646764745,2003-03-01,59.3
-84.4088483403684,42.283646764745,2009-09-10,88.3
-84.4088483403684,42.283646764745,1981-07-07,145
-84.4088483403684,42.283646764745,1996-08-23,108
-84.4088483403684,42.283646764745,2007-08-28,167
-84.4088483403684,42.283646764745,1986-05-26,114
-84.4088483403684,42.283646764745,2008-03-29,388
-84.4088483403684,42.283646764745,1999-08-16,60.0
-84.4088483403684,42.283646764745,1982-02-01,125
-84.4088483403684,42.283646764745,1999-03-28,115
-84.4088483403684,42.283646764745,1983-08-15,101
-84.4088483403684,42.283646764745,1988-07-21,30.0
-84.4088483403684,42.283646764745,2010-12-04,125
-84.4088483403684,42.283646764745,1981-11-20,140
-84.4088483403684,42.283646764745,1985-04-01,393
-84.4088483403684,42.283646764745,2020-02-04,248
-84.4088483403684,42.283646764745,2006-06-21,236
-84.4088483403684,42.283646764745,1992-04-05,162
-84.4088483403684,42.283646764745,2010-09-22,73.2
-84.4088483403684,42.283646764745,1986-04-07,187
-84.4088483403684,42.283646764745,2019-01-13,148
-84.4088483403684,42.283646764745,1998-03-08,232
-84.4088483403684,42.283646764745,1986-03-21,381
-84.4088483403684,42.283646764745,2000-02-19,64.0
-84.4088483403684,42.283646764745,2003-04-03,180
-84.4088483403684,42.283646764745,2007-08-05,69.4
-84.4088483403684,42.283646764745,2024-03-18,168
-84.4088483403684,42.283646764745,1998-09-17,57.0
-84.4088483403684,42.283646764745,2004-06-19,262
-84.4088483403684,42.283646764745,2018-12-11,144
-84.4088483403684,42.283646764745,1991-02-08,196
-84.4088483403684,42.283646764745,2011-06-09,193
-84.4088483403684,42.283646764745,1993-02-09,207
-84.4088483403684,42.283646764745,2004-08-20,90.5
-84.4088483403684,42.283646764745,2014-11-14,68.3
-84.4088483403684,42.283646764745,2014-02-23,158
-84.4088483403684,42.283646764745,1984-11-06,59.0
-84.4088483403684,42.283646764745,2018-07-03,92.7
-84.4088483403684,42.283646764745,1990-07-24,84.0
-84.4088483403684,42.283646764745,1981-12-28,143
-84.4088483403684,42.283646764745,2007-05-01,269
-84.4088483403684,42.283646764745,1997-05-31,161
-84.4088483403684,42.283646764745,2009-12-08,119
-84.4088483403684,42.283646764745,1993-04-17,303
-84.4088483403684,42.283646764745,1988-11-22,298
-84.4088483403684,42.283646764745,2010-05-07,223
-84.4088483403684,42.283646764745,2021-08-20,76.1
-84.4088483403684,42.283646764745,2022-11-10,58.5
-84.4088483403684,42.283646764745,2012-05-04,222
-84.4088483403684,42.283646764745,2008-10-25,95.3
-84.4088483403684,42.283646764745,2021-09-05,40.8
-84.4088483403684,42.283646764745,2011-03-21,367
-84.4088483403684,42.283646764745,1990-11-14,214
-84.4088483403684,42.283646764745,1980-02-19,56.0
-84.4088483403684,42.283646764745,2009-05-15,269
-84.4088483403684,42.283646764745,1986-04-17,189
-84.4088483403684,42.283646764745,1980-06-27,80.0
-84.4088483403684,42.283646764745,1981-09-07,161
-84.4088483403684,42.283646764745,2009-08-14,82.8
-84.4088483403684,42.283646764745,2007-04-05,178
-84.4088483403684,42.283646764745,2004-02-26,93.5
-84.4088483403684,42.283646764745,2018-10-30,58.3
-84.4088483403684,42.283646764745,1995-06-03,136
-84.4088483403684,42.283646764745,1992-10-26,255
-84.4088483403684,42.283646764745,2011-03-09,336
-84.4088483403684,42.283646764745,1995-01-24,291
-84.4088483403684,42.283646764745,1995-04-04,160
-84.4088483403684,42.283646764745,2019-04-09,143
-84.4088483403684,42.283646764745,1982-01-24,71.0
-84.4088483403684,42.283646764745,2005-07-17,88.6
-84.4088483403684,42.283646764745,2026-01-03,146
-84.4088483403684,42.283646764745,1990-04-04,236
-84.4088483403684,42.283646764745,2019-02-25,176
-84.4088483403684,42.283646764745,2011-07-12,69.0
-84.4088483403684,42.283646764745,1993-12-21,150
-84.4088483403684,42.283646764745,1998-07-14,87.0
-84.4088483403684,42.283646764745,1985-09-20,57.0
-84.4088483403684,42.283646764745,2003-02-12,56.3
-84.4088483403684,42.283646764745,2007-03-19,448
-84.4088483403684,42.283646764745,2017-03-04,298
-84.4088483403684,42.283646764745,2024-11-02,96.5
-84.4088483403684,42.283646764745,2015-12-10,120
-84.4088483403684,42.283646764745,2023-07-05,66.3
-84.4088483403684,42.283646764745,1993-10-23,258
-84.4088483403684,42.283646764745,2006-09-29,95.4
-84.4088483403684,42.283646764745,2003-12-08,72.2
-84.4088483403684,42.283646764745,2026-09-18,120
-84.4088483403684,42.283646764745,2026-03-13,320
-84.4088483403684,42.283646764745,1989-02-16,140
-84.4088483403684,42.283646764745,2021-11-10,206
-84.4088483403684,42.283646764745,1996-08-11,53.0
-84.4088483403684,42.283646764745,2008-04-28,124
-84.4088483403684,42.283646764745,2021-07-08,94.4
-84.4088483403684,42.283646764745,1995-06-11,74.0
-84.4088483403684,42.283646764745,2023-12-21,94.4
-84.4088483403684,42.283646764745,1985-08-20,50.0
-84.4088483403684,42.283646764745,2001-10-16,358
-84.4088483403684,42.283646764745,1983-01-06,109
-84.4088483403684,42.283646764745,2017-05-15,199
-84.4088483403684,42.283646764745,2019-06-28,146
-84.4088483403684,42.283646764745,1987-09-08,70.0
-84.4088483403684,42.283646764745,1988-05-07,96.0
-84.4088483403684,42.283646764745,1988-06-09,46.0
-84.4088483403684,42.283646764745,1996-10-27,76.0
-84.4088483403684,42.283646764745,2007-05-03,240
-84.4088483403684,42.283646764745,2024-01-08,100
-84.4088483403684,42.283646764745,1983-08-03,174
-84.4088483403684,42.283646764745,2012-03-06,331
-84.4088483403684,42.283646764745,2006-10-17,247
-84.4088483403684,42.283646764745,2012-05-24,76.2
-84.4088483403684,42.283646764745,1999-03-11,214
-84.4088483403684,42.283646764745,2019-05-23,199
-84.4088483403684,42.283646764745,2016-12-09,151
-84.4088483403684,42.283646764745,2001-08-21,51.0
-84.4088483403684,42.283646764745,1996-09-17,63.0
-84.4088483403684,42.283646764745,1990-09-21,112
-84.4088483403684,42.283646764745,1988-09-05,53.0
-84.4088483403684,42.283646764745,2024-01-03,116
-84.4088483403684,42.283646764745,1992-11-23,348
-84.4088483403684,42.283646764745,2008-06-25,100
-84.4088483403684,42.283646764745,2022-07-06,130
-84.4088483403684,42.283646764745,1999-01-31,302
-84.4088483403684,42.283646764745,1985-04-04,395
-84.4088483403684,42.283646764745,2010-08-12,117
-84.4088483403684,42.283646764745,2012-02-21,183
-84.4088483403684,42.283646764745,1998-06-18,232
-84.4088483403684,42.283646764745,2014-11-07,65.3
-84.4088483403684,42.283646764745,2026-06-03,83.1
-84.4088483403684,42.283646764745,1998-02-26,352
-84.4088483403684,42.283646764745,2006-12-19,251
-84.4088483403684,42.283646764745,2006-08-20,79.0
-84.4088483403684,42.283646764745,2017-08-23,35.5
-84.4088483403684,42.283646764745,1980-06-30,58.0
-84.4088483403684,42.283646764745,2003-09-29,84.1
-84.4088483403684,42.283646764745,2011-05-06,298
-84.4088483403684,42.283646764745,1989-10-08,54.0
-84.4088483403684,42.283646764745,2009-05-18,439
-84.4088483403684,42.283646764745,2023-11-06,91.5
-84.4088483403684,42.283646764745,2019-09-27,69.4
-84.4088483403684,42.283646764745,1979-12-06,84.0
-84.4088483403684,42.283646764745,1987-08-21,54.0
-84.4088483403684,42.283646764745,2003-07-06,46.8
-84.4088483403684,42.283646764745,2013-07-29,64.1
-84.4088483403684,42.283646764745,2004-03-06,266
-84.4088483403684,42.283646764745,2023-06-14,54.5
-84.4088483403684,42.283646764745,2009-07-04,132
-84.4088483403684,42.283646764745,1994-10-24,94.0
-84.4088483403684,42.283646764745,2009-10-11,145
-84.4088483403684,42.283646764745,2006-03-05,106
-84.4088483403684,42.283646764745,2025-09-05,48.6
-84.4088483403684,42.283646764745,1985-08-29,50.0
-84.4088483403684,42.283646764745,2012-05-26,109
-84.4088483403684,42.283646764745,2008-04-22,223
-84.4088483403684,42.283646764745,1992-12-05,229
-84.4088483403684,42.283646764745,1990-06-02,175
-84.4088483403684,42.283646764745,2022-07-07,112
-84.4088483403684,42.283646764745,2008-12-14,164
-84.4088483403684,42.283646764745,2017-12-09,84.0
-84.4088483403684,42.283646764745,2010-06-20,333
-84.4088483403684,42.283646764745,2021-02-08,68.5
-84.4088483403684,42.283646764745,2014-05-14,198
-84.4088483403684,42.283646764745,2006-07-26,95.8
-84.4088483403684,42.283646764745,2021-08-18,86.4
-84.4088483403684,42.283646764745,1979-01-30,64.0
-84.4088483403684,42.283646764745,2009-06-08,186
-84.4088483403684,42.283646764745,1979-06-26,39.0
-84.4088483403684,42.283646764745,2018-05-19,503
-84.4088483403684,42.283646764745,2004-01-15,77.6
-84.4088483403684,42.283646764745,1995-03-05,146
-84.4088483403684,42.283646764745,2003-07-10,51.0
-84.4088483403684,42.283646764745,2005-04-29,116
-84.4088483403684,42.283646764745,2009-11-18,88.8
-84.4088483403684,42.283646764745,2011-12-21,301
-84.4088483403684,42.283646764745,2000-09-21,124
-84.4088483403684,42.283646764745,2003-09-03,44.0
-84.4088483403684,42.283646764745,1982-03-24,576
-84.4088483403684,42.283646764745,2021-07-28,78.5
-84.4088483403684,42.283646764745,1979-02-24,91.0
-84.4088483403684,42.283646764745,2013-03-26,91.3
-84.4088483403684,42.283646764745,2021-05-16,75.3
-84.4088483403684,42.283646764745,1982-03-12,199
-84.4088483403684,42.283646764745,2003-12-21,108
-84.4088483403684,42.283646764745,2020-07-28,66.2
-84.4088483403684,42.283646764745,1983-05-17,246
-84.4088483403684,42.283646764745,2019-09-04,68.0
-84.4088483403684,42.283646764745,1994-04-13,280
-84.4088483403684,42.283646764745,1987-12-15,217
-84.4088483403684,42.283646764745,2011-03-06,302
-84.4088483403684,42.283646764745,2013-02-28,111
-84.4088483403684,42.283646764745,2003-12-16,123
-84.4088483403684,42.283646764745,1980-09-24,101
-84.4088483403684,42.283646764745,1984-06-09,174
-84.4088483403684,42.283646764745,2008-08-24,52.8
-84.4088483403684,42.283646764745,2025-04-06,281
-84.4088483403684,42.283646764745,1986-02-28,193
-84.4088483403684,42.283646764745,1985-02-22,208
-84.4088483403684,42.283646764745,1991-03-15,170
-84.4088483403684,42.283646764745,1984-12-14,150
-84.4088483403684,42.283646764745,1980-11-14,133
-84.4088483403684,42.283646764745,2008-11-24,123
-84.4088483403684,42.283646764745,1992-11-21,297
-84.4088483403684,42.283646764745,2022-01-03,235
-84.4088483403684,42.283646764745,1988-07-26,55.0
-84.4088483403684,42.283646764745,1979-05-19,75.0
-84.4088483403684,42.283646764745,1995-06-22,54.0
-84.4088483403684,42.283646764745,2010-09-01,82.0
-84.4088483403684,42.283646764745,1996-10-17,67.0
-84.4088483403684,42.283646764745,1983-10-09,45.0
-84.4088483403684,42.283646764745,2006-03-13,415
-84.4088483403684,42.283646764745,1980-02-18,53.0
-84.4088483403684,42.283646764745,1992-01-21,139
-84.4088483403684,42.283646764745,1993-03-22,246
-84.4088483403684,42.283646764745,1994-06-15,149
-84.4088483403684,42.283646764745,1995-05-13,108
-84.4088483403684,42.283646764745,1982-02-12,143
-84.4088483403684,42.283646764745,1985-09-27,57.0
-84.4088483403684,42.283646764745,2005-04-07,178
-84.4088483403684,42.283646764745,2013-02-22,74.2
-84.4088483403684,42.283646764745,1996-07-18,59.0
-84.4088483403684,42.283646764745,1996-07-08,65.0
-84.4088483403684,42.283646764745,2014-06-04,158
-84.4088483403684,42.283646764745,2004-02-15,68.6
-84.4088483403684,42.283646764745,1986-04-30,126
-84.4088483403684,42.283646764745,1998-10-10,72.0
-84.4088483403684,42.283646764745,1991-11-15,117
-84.4088483403684,42.283646764745,2005-09-11,44.9
-84.4088483403684,42.283646764745,1982-06-10,189
-84.4088483403684,42.283646764745,2003-06-21,57.7
-84.4088483403684,42.283646764745,2016-07-20,37.6
-84.4088483403684,42.283646764745,1992-09-30,167
-84.4088483403684,42.283646764745,1989-02-15,134
-84.4088483403684,42.283646764745,2005-08-05,79.3
-84.4088483403684,42.283646764745,2011-10-16,74.8
-84.4088483403684,42.283646764745,1992-01-28,134
-84.4088483403684,42.283646764745,2010-01-19,127
-84.4088483403684,42.283646764745,1989-10-16,74.0
-84.4088483403684,42.283646764745,1988-11-14,221
-84.4088483403684,42.283646764745,1989-08-16,91.0
-84.4088483403684,42.283646764745,1987-04-18,144
-84.4088483403684,42.283646764745,1988-09-25,153
-84.4088483403684,42.283646764745,2011-04-18,210
-84.4088483403684,42.283646764745,2022-10-29,68.4
-84.4088483403684,42.283646764745,1985-09-05,47.0
-84.4088483403684,42.283646764745,2026-08-08,55.0
-84.4088483403684,42.283646764745,2003-01-25,51.2
-84.4088483403684,42.283646764745,2008-03-01,227
-84.4088483403684,42.283646764745,1999-07-24,71.0
-84.4088483403684,42.283646764745,2021-11-12,224
-84.4088483403684,42.283646764745,1986-05-30,158
-84.4088483403684,42.283646764745,1984-02-02,79.0
-84.4088483403684,42.283646764745,1986-04-23,183
-84.4088483403684,42.283646764745,2021-02-27,160
-84.4088483403684,42.283646764745,1984-06-22,69.0
-84.4088483403684,42.283646764745,1998-01-01,86.0
-84.4088483403684,42.283646764745,2021-04-26,92.8
-84.4088483403684,42.283646764745,2020-03-28,437
-84.4088483403684,42.283646764745,1984-04-18,243
-84.4088483403684,42.283646764745,1999-01-29,347
-84.4088483403684,42.283646764745,1991-12-29,151
-84.4088483403684,42.283646764745,2020-10-31,69.9
-84.4088483403684,42.283646764745,1996-07-26,58.0
-84.4088483403684,42.283646764745,2019-01-20,55.3
-84.4088483403684,42.283646764745,2003-06-08,172
-84.4088483403684,42.283646764745,2020-05-31,358
-84.4088483403684,42.283646764745,2004-01-25,69.0
-84.4088483403684,42.283646764745,1992-07-15,123
-84.4088483403684,42.283646764745,1981-10-31,183
-84.4088483403684,42.283646764745,2014-01-04,172
-84.4088483403684,42.283646764745,1998-04-05,252
-84.4088483403684,42.283646764745,1999-01-06,72.0
-84.4088483403684,42.283646764745,2008-05-19,109
-84.4088483403684,42.283646764745,2012-09-30,36.0
-84.4088483403684,42.283646764745,2011-01-24,71.8
-84.4088483403684,42.283646764745,2011-12-14,431
-84.4088483403684,42.283646764745,2007-02-05,159
-84.4088483403684,42.283646764745,2017-02-22,199
-84.4088483403684,42.283646764745,2007-01-01,303
-84.4088483403684,42.283646764745,1985-03-08,418
-84.4088483403684,42.283646764745,1984-05-23,281
-84.4088483403684,42.283646764745,2020-08-16,59.5
-84.4088483403684,42.283646764745,1997-06-04,216
-84.4088483403684,42.283646764745,2005-08-14,79.2
-84.4088483403684,42.283646764745,2004-07-31,90.3
-84.4088483403684,42.283646764745,1989-09-28,75.0
-84.4088483403684,42.283646764745,1993-07-14,130
-84.4088483403684,42.283646764745,2011-08-10,132
-84.4088483403684,42.283646764745,1996-03-13,148
-84.4088483403684,42.283646764745,2007-12-20,148
-84.4088483403684,42.283646764745,2021-06-11,58.1
-84.4088483403684,42.283646764745,1988-07-24,30.0
-84.4088483403684,42.283646764745,2000-07-28,115
-84.4088483403684,42.283646764745,1986-11-14,103
-84.4088483403684,42.283646764745,2023-01-08,141
-84.4088483403684,42.283646764745,1979-04-05,209
-84.4088483403684,42.283646764745,2008-09-17,358
-84.4088483403684,42.283646764745,1984-04-12,266
-84.4088483403684,42.283646764745,1987-06-15,47.0
-84.4088483403684,42.283646764745,2002-12-18,64.4
-84.4088483403684,42.283646764745,1981-04-04,207
-84.4088483403684,42.283646764745,1987-11-26,133
-84.4088483403684,42.283646764745,2012-04-30,181
-84.4088483403684,42.283646764745,2002-03-31,209
-84.4088483403684,42.283646764745,1994-01-11,132
-84.4088483403684,42.283646764745,2020-11-26,186
-84.4088483403684,42.283646764745,1994-07-02,208
-84.4088483403684,42.283646764745,1985-02-07,75.0
-84.4088483403684,42.283646764745,2025-07-07,71.7
-84.4088483403684,42.283646764745,1996-12-17,128
-84.4088483403684,42.283646764745,2019-12-16,113
-84.4088483403684,42.283646764745,2023-07-31,93.7
-84.4088483403684,42.283646764745,2007-02-11,138
-84.4088483403684,42.283646764745,1984-07-10,59.0
-84.4088483403684,42.283646764745,1988-02-19,177
-84.4088483403684,42.283646764745,2024-08-24,88.9
-84.4088483403684,42.283646764745,2013-07-21,61.6
-84.4088483403684,42.283646764745,2024-04-08,180
-84.4088483403684,42.283646764745,2005-02-05,177
-84.4088483403684,42.283646764745,2009-03-03,238
-84.4088483403684,42.283646764745,2016-08-31,46.5
-84.4088483403684,42.283646764745,2000-06-29,319
-84.4088483403684,42.283646764745,1982-05-21,100
-84.4088483403684,42.283646764745,1989-03-30,234
-84.4088483403684,42.283646764745,1987-09-10,62.0
-84.4088483403684,42.283646764745,2013-06-14,174
-84.4088483403684,42.283646764745,1979-09-14,56.0
-84.4088483403684,42.283646764745,1984-11-26,63.0
-84.4088483403684,42.283646764745,1988-08-13,34.0
-84.4088483403684,42.283646764745,2019-04-17,204
-84.4088483403684,42.283646764745,2025-05-21,244
-84.4088483403684,42.283646764745,1990-03-25,344
-84.4088483403684,42.283646764745,1993-02-14,157
-84.4088483403684,42.283646764745,2022-05-04,326
-84.4088483403684,42.283646764745,2007-12-31,161
-84.4088483403684,42.283646764745,2015-06-17,427
-84.4088483403684,42.283646764745,1984-07-05,51.0
-84.4088483403684,42.283646764745,2021-08-04,58.2
-84.4088483403684,42.283646764745,2023-09-03,63.1
-84.4088483403684,42.283646764745,2004-12-23,131
-84.4088483403684,42.283646764745,2016-05-25,88.2
-84.4088483403684,42.283646764745,2010-05-09,268
-84.4088483403684,42.283646764745,2001-07-04,71.0
-84.4088483403684,42.283646764745,1985-03-26,202
-84.4088483403684,42.283646764745,2019-06-23,169
-84.4088483403684,42.283646764745,2024-10-29,81.8
-84.4088483403684,42.283646764745,1984-02-10,95.0
-84.4088483403684,42.283646764745,1983-11-06,132
-84.4088483403684,42.283646764745,1981-07-14,76.0
-84.4088483403684,42.283646764745,2011-01-23,71.3
-84.4088483403684,42.283646764745,2019-09-10,58.4
-84.4088483403684,42.283646764745,2008-05-24,123
-84.4088483403684,42.283646764745,2013-05-30,90.4
-84.4088483403684,42.283646764745,2019-12-08,148
-84.4088483403684,42.283646764745,2015-05-29,58.1
-84.4088483403684,42.283646764745,1988-05-23,67.0
-84.4088483403684,42.283646764745,2003-10-30,127
-84.4088483403684,42.283646764745,2003-10-14,203
-84.4088483403684,42.283646764745,2012-11-07,50.5
-84.4088483403684,42.283646764745,1984-12-26,78.0
-84.4088483403684,42.283646764745,2002-03-10,341
-84.4088483403684,42.283646764745,1994-12-21,192
-84.4088483403684,42.283646764745,2007-01-03,264
-84.4088483403684,42.283646764745,2025-03-03,150
-84.4088483403684,42.283646764745,1993-07-19,233
-84.4088483403684,42.283646764745,1990-06-15,113
-84.4088483403684,42.283646764745,2007-04-12,276
-84.4088483403684,42.283646764745,2018-06-24,127
-84.4088483403684,42.283646764745,1988-07-23,30.0
-84.4088483403684,42.283646764745,1993-03-05,174
-84.4088483403684,42.283646764745,2000-06-10,105
-84.4088483403684,42.283646764745,1996-04-06,157
-84.4088483403684,42.283646764745,1984-11-30,134
-84.4088483403684,42.283646764745,2007-09-04,77.8
-84.4088483403684,42.283646764745,2001-11-27,168
-84.4088483403684,42.283646764745,1994-04-18,273
-84.4088483403684,42.283646764745,2000-11-26,108
-84.4088483403684,42.283646764745,2003-01-26,52.9
-84.4088483403684,42.283646764745,1983-02-19,162
-84.4088483403684,42.283646764745,2017-12-26,87.2
-84.4088483403684,42.283646764745,1995-07-21,73.0
-84.4088483403684,42.283646764745,2007-08-07,100
-84.4088483403684,42.283646764745,2015-07-24,149
-84.4088483403684,42.283646764745,1990-03-13,470
-84.4088483403684,42.283646764745,2001-06-20,121
-84.4088483403684,42.283646764745,2001-02-26,447
-84.4088483403684,42.283646764745,2010-10-20,56.4
-84.4088483403684,42.283646764745,1997-01-09,148
-84.4088483403684,42.283646764745,1983-03-04,104
-84.4088483403684,42.283646764745,2012-11-03,55.5
-84.4088483403684,42.283646764745,2025-10-12,41.0
-84.4088483403684,42.283646764745,2024-05-20,133
-84.4088483403684,42.283646764745,2017-09-17,28.5
-84.4088483403684,42.283646764745,1997-02-22,408
-84.4088483403684,42.283646764745,2006-05-20,331
-84.4088483403684,42.283646764745,1989-07-26,172
-84.4088483403684,42.283646764745,1980-11-19,68.0
-84.4088483403684,42.283646764745,2016-10-13,65.6
-84.4088483403684,42.283646764745,1985-09-23,70.0
-84.4088483403684,42.283646764745,2017-08-26,31.4
-84.4088483403684,42.283646764745,1982-11-17,120
-84.4088483403684,42.283646764745,2013-08-19,76.7
-84.4088483403684,42.283646764745,2012-02-20,183
-84.4088483403684,42.283646764745,2021-08-10,54.0
-84.4088483403684,42.283646764745,2023-12-03,147
-84.4088483403684,42.283646764745,1981-07-30,272
-84.4088483403684,42.283646764745,2009-08-10,101
-84.4088483403684,42.283646764745,1988-12-16,122
-84.4088483403684,42.283646764745,2012-11-18,51.7
-84.4088483403684,42.283646764745,1983-11-16,109
-84.4088483403684,42.283646764745,2006-11-04,139
-84.4088483403684,42.283646764745,1988-11-04,123
-84.4088483403684,42.283646764745,2004-08-13,81.7
-84.4088483403684,42.283646764745,1996-08-07,61.0
-84.4088483403684,42.283646764745,2020-03-22,194
-84.4088483403684,42.283646764745,2016-11-14,62.0
-84.4088483403684,42.283646764745,2022-04-05,323
-84.4088483403684,42.283646764745,2003-11-01,66.9
-84.4088483403684,42.283646764745,1997-11-17,106
-84.4088483403684,42.283646764745,2003-11-25,174
-84.4088483403684,42.283646764745,2004-09-13,57.2
-84.4088483403684,42.283646764745,2001-07-13,61.0
-84.4088483403684,42.283646764745,2006-01-08,211
-84.4088483403684,42.283646764745,2012-03-10,317
-84.4088483403684,42.283646764745,2016-06-05,68.8
-84.4088483403684,42.283646764745,2025-12-31,166
-84.4088483403684,42.283646764745,2023-11-14,92.6
-84.4088483403684,42.283646764745,1979-11-06,50.0
-84.4088483403684,42.283646764745,1989-01-14,167
-84.4088483403684,42.283646764745,2012-06-24,60.0
-84.4088483403684,42.283646764745,2022-06-21,114
-84.4088483403684,42.283646764745,2003-04-26,120
-84.4088483403684,42.283646764745,2023-10-16,74.3
-84.4088483403684,42.283646764745,1997-09-12,136
-84.4088483403684,42.283646764745,1988-07-13,33.0
-84.4088483403684,42.283646764745,2015-10-19,37.6
-84.4088483403684,42.283646764745,2026-06-05,81.3
-84.4088483403684,42.283646764745,2004-08-19,98.0
-84.4088483403684,42.283646764745,1983-05-03,439
-84.4088483403684,42.283646764745,1990-01-08,219
-84.4088483403684,42.283646764745,1996-06-13,203
-84.4088483403684,42.283646764745,2020-04-20,223
-84.4088483403684,42.283646764745,1998-06-14,153
-84.4088483403684,42.283646764745,2012-06-25,58.6
-84.4088483403684,42.283646764745,2012-03-16,322
-84.4088483403684,42.283646764745,1986-01-19,102
-84.4088483403684,42.283646764745,2023-07-23,60.8
-84.4088483403684,42.283646764745,1985-10-05,65.0
-84.4088483403684,42.283646764745,1999-01-25,317
-84.4088483403684,42.283646764745,2012-07-08,40.8
-84.4088483403684,42.283646764745,1998-11-06,68.0
-84.4088483403684,42.283646764745,1988-03-08,126
-84.4088483403684,42.283646764745,1986-07-27,80.0
-84.4088483403684,42.283646764745,2004-03-09,257
-84.4088483403684,42.283646764745,2004-12-25,85.0
-84.4088483403684,42.283646764745,1992-02-29,182
-84.4088483403684,42.283646764745,1981-05-04,206
-84.4088483403684,42.283646764745,1988-09-16,39.0
-84.4088483403684,42.283646764745,1994-12-02,152
-84.4088483403684,42.283646764745,2025-03-18,209
-84.4088483403684,42.283646764745,1993-09-27,199
-84.4088483403684,42.283646764745,2021-11-13,210
-84.4088483403684,42.283646764745,2026-03-31,162
-84.4088483403684,42.283646764745,1991-12-16,186
-84.4088483403684,42.283646764745,1999-10-29,49.0
-84.4088483403684,42.283646764745,1988-01-14,74.0
-84.4088483403684,42.283646764745,2012-03-01,314
-84.4088483403684,42.283646764745,1980-06-22,99.0
-84.4088483403684,42.283646764745,1990-02-12,211
-84.4088483403684,42.283646764745,1979-05-13,102
-84.4088483403684,42.283646764745,2019-05-20,280
-84.4088483403684,42.283646764745,1997-08-15,72.0
-84.4088483403684,42.283646764745,1999-05-26,116
-84.4088483403684,42.283646764745,2006-07-17,92.1
-84.4088483403684,42.283646764745,2017-05-22,164
-84.4088483403684,42.283646764745,1999-12-31,57.0
-84.4088483403684,42.283646764745,2013-04-09,80.2
-84.4088483403684,42.283646764745,2007-03-22,377
-84.4088483403684,42.283646764745,1980-06-21,109
-84.4088483403684,42.283646764745,1979-09-12,43.0
-84.4088483403684,42.283646764745,2006-10-02,156
-84.4088483403684,42.283646764745,1990-05-05,185
-84.4088483403684,42.283646764745,1985-04-13,383
-84.4088483403684,42.283646764745,2000-09-24,81.0
-84.4088483403684,42.283646764745,1981-09-22,151
-84.4088483403684,42.283646764745,2022-04-09,256
-84.4088483403684,42.283646764745,2011-04-03,157
-84.4088483403684,42.283646764745,1991-11-06,134
-84.4088483403684,42.283646764745,1984-12-07,62.0
-84.4088483403684,42.283646764745,2004-01-07,77.7
-84.4088483403684,42.283646764745,1988-09-12,46.0
-84.4088483403684,42.283646764745,1995-02-16,126
-84.4088483403684,42.283646764745,1987-08-17,31.0
-84.4088483403684,42.283646764745,1986-02-05,181
-84.4088483403684,42.283646764745,2023-06-15,54.2
-84.4088483403684,42.283646764745,1989-02-04,167
-84.4088483403684,42.283646764745,2011-05-19,303
-84.4088483403684,42.283646764745,2017-07-25,56.5
-84.4088483403684,42.283646764745,1999-10-10,48.0
-84.4088483403684,42.283646764745,1992-03-31,232
-84.4088483403684,42.283646764745,1990-01-23,191
-84.4088483403684,42.283646764745,1981-07-02,85.0
-84.4088483403684,42.283646764745,1995-11-09,158
-84.4088483403684,42.283646764745,2016-06-14,52.4
-84.4088483403684,42.283646764745,2012-03-22,273
-84.4088483403684,42.283646764745,1994-02-15,105
-84.4088483403684,42.283646764745,2019-05-10,373
-84.4088483403684,42.283646764745,1989-03-27,206
-84.4088483403684,42.283646764745,2013-05-17,167
-84.4088483403684,42.283646764745,1988-09-19,75.0
-84.4088483403684,42.283646764745,2012-05-08,165
-84.4088483403684,42.283646764745,2000-03-23,145
-84.4088483403684,42.283646764745,1999-10-31,46.0
-84.4088483403684,42.283646764745,2017-10-09,45.4
-84.4088483403684,42.283646764745,1998-06-02,94.0
-84.4088483403684,42.283646764745,1985-01-12,144
-84.4088483403684,42.283646764745,2014-03-06,134
-84.4088483403684,42.283646764745,2020-09-18,64.3
-84.4088483403684,42.283646764745,2010-03-24,269
-84.4088483403684,42.283646764745,2022-05-28,411
-84.4088483403684,42.283646764745,2017-11-27,162
-84.4088483403684,42.283646764745,2012-06-04,61.8
-84.4088483403684,42.283646764745,2002-12-25,76.5
-84.4088483403684,42.283646764745,2023-06-27,56.7
-84.4088483403684,42.283646764745,1996-06-24,174
-84.4088483403684,42.283646764745,1993-09-03,168
-84.4088483403684,42.283646764745,1980-03-25,328
-84.4088483403684,42.283646764745,1981-12-05,103
-84.4088483403684,42.283646764745,2015-03-01,64.5
-84.4088483403684,42.283646764745,2010-12-03,132
-84.4088483403684,42.283646764745,2001-06-18,134
-84.4088483403684,42.283646764745,1993-07-11,115
-84.4088483403684,42.283646764745,2025-03-19,207
-84.4088483403684,42.283646764745,2013-06-11,79.0
-84.4088483403684,42.283646764745,1992-07-25,150
-84.4088483403684,42.283646764745,2023-06-01,65.7
-84.4088483403684,42.283646764745,2010-11-22,137
-84.4088483403684,42.283646764745,2007-05-15,121
-84.4088483403684,42.283646764745,2023-12-28,114
-84.4088483403684,42.283646764745,2005-07-30,120
-84.4088483403684,42.283646764745,1982-01-14,96.0
-84.4088483403684,42.283646764745,1988-02-18,179
-84.4088483403684,42.283646764745,1985-03-02,489
-84.4088483403684,42.283646764745,2017-07-08,53.4
-84.4088483403684,42.283646764745,1983-03-23,182
-84.4088483403684,42.283646764745,1987-04-04,150
-84.4088483403684,42.283646764745,1998-04-13,267
-84.4088483403684,42.283646764745,2012-07-11,37.2
-84.4088483403684,42.283646764745,2004-03-15,211
-84.4088483403684,42.283646764745,1995-05-03,119
-84.4088483403684,42.283646764745,1994-12-25,203
-84.4088483403684,42.283646764745,2017-08-25,32.1
-84.4088483403684,42.283646764745,2015-05-13,150
-84.4088483403684,42.283646764745,1983-03-03,103
-84.4088483403684,42.283646764745,2019-02-12,154
-84.4088483403684,42.283646764745,1984-04-04,268
-84.4088483403684,42.283646764745,2020-09-30,63.0
-84.4088483403684,42.283646764745,1981-07-25,133
-84.4088483403684,42.283646764745,2014-12-14,115
-84.4088483403684,42.283646764745,1995-07-12,74.0
-84.4088483403684,42.283646764745,2004-12-10,253
-84.4088483403684,42.283646764745,2007-01-30,265
-84.4088483403684,42.283646764745,1979-05-01,165
-84.4088483403684,42.283646764745,2007-05-12,109
-84.4088483403684,42.283646764745,1997-10-31,135
-84.4088483403684,42.283646764745,2009-12-23,115
-84.4088483403684,42.283646764745,1987-07-21,35.0
-84.4088483403684,42.283646764745,2020-11-12,83.1
-84.4088483403684,42.283646764745,1992-04-27,233
-84.4088483403684,42.283646764745,2004-09-22,49.5
-84.4088483403684,42.283646764745,1981-10-29,193
-84.4088483403684,42.283646764745,2009-07-12,82.9
-84.4088483403684,42.283646764745,1998-06-01,99.0
-84.4088483403684,42.283646764745,2019-05-03,444
-84.4088483403684,42.283646764745,1993-06-22,228
-84.4088483403684,42.283646764745,1981-05-14,261
-84.4088483403684,42.283646764745,2007-07-30,44.9
-84.4088483403684,42.283646764745,1995-02-05,84.0
-84.4088483403684,42.283646764745,2005-11-09,47.4
-84.4088483403684,42.283646764745,2015-07-21,186
-84.4088483403684,42.283646764745,2004-08-12,78.5
-84.4088483403684,42.283646764745,2012-07-09,37.8
-84.4088483403684,42.283646764745,2023-01-28,112
-84.4088483403684,42.283646764745,2010-09-16,88.0
-84.4088483403684,42.283646764745,2007-10-22,66.3
-84.4088483403684,42.283646764745,1982-04-06,430
-84.4088483403684,42.283646764745,1985-05-21,70.0
-84.4088483403684,42.283646764745,1990-11-19,163
-84.4088483403684,42.283646764745,1986-11-12,108
-84.4088483403684,42.283646764745,2005-10-14,37.9
-84.4088483403684,42.283646764745,1986-09-14,45.0
-84.4088483403684,42.283646764745,2021-01-20,88.2
-84.4088483403684,42.283646764745,2025-11-21,60.6
-84.4088483403684,42.283646764745,2005-11-05,41.6
-84.4088483403684,42.283646764745,2004-03-17,189
-84.4088483403684,42.283646764745,2007-02-09,109
-84.4088483403684,42.283646764745,1992-07-11,71.0
-84.4088483403684,42.283646764745,2023-10-27,101
-84.4088483403684,42.283646764745,2025-09-25,47.6
-84.4088483403684,42.283646764745,2024-12-07,88.6
-84.4088483403684,42.283646764745,1991-05-06,203
-84.4088483403684,42.283646764745,1992-07-21,190
-84.4088483403684,42.283646764745,2023-03-19,225
-84.4088483403684,42.283646764745,2022-08-25,76.0
-84.4088483403684,42.283646764745,1981-06-27,118
-84.4088483403684,42.283646764745,1996-04-20,266
-84.4088483403684,42.283646764745,2004-10-06,46.6
-84.4088483403684,42.283646764745,1991-06-21,90.0
-84.4088483403684,42.283646764745,2004-10-03,49.5
-84.4088483403684,42.283646764745,1988-03-09,176
-84.4088483403684,42.283646764745,2018-09-26,51.1
-84.4088483403684,42.283646764745,2014-08-04,48.5
-84.4088483403684,42.283646764745,2020-03-05,210
-84.4088483403684,42.283646764745,2009-09-05,75.1
-84.4088483403684,42.283646764745,2026-05-12,150
-84.4088483403684,42.283646764745,2009-01-14,108
-84.4088483403684,42.283646764745,2024-08-13,131
-84.4088483403684,42.283646764745,2009-04-11,319
-84.4088483403684,42.283646764745,1986-08-26,90.0
-84.4088483403684,42.283646764745,1985-12-24,135
-84.4088483403684,42.283646764745,1995-06-29,214
-84.4088483403684,42.283646764745,2013-07-23,67.4
-84.4088483403684,42.283646764745,2005-01-05,240
-84.4088483403684,42.283646764745,1992-06-23,119
-84.4088483403684,42.283646764745,1990-10-14,291
-84.4088483403684,42.283646764745,1982-09-04,38.0
-84.4088483403684,42.283646764745,1985-07-20,119
-84.4088483403684,42.283646764745,2014-05-10,170
-84.4088483403684,42.283646764745,1985-03-30,338
-84.4088483403684,42.283646764745,1986-03-26,312
-84.4088483403684,42.283646764745,2008-05-31,124
-84.4088483403684,42.283646764745,2014-07-31,51.0
-84.4088483403684,42.283646764745,1985-01-16,102
-84.4088483403684,42.283646764745,1992-03-17,168
-84.4088483403684,42.283646764745,1987-01-21,127
-84.4088483403684,42.283646764745,1979-07-24,42.0
-84.4088483403684,42.283646764745,2013-07-06,88.5
-84.4088483403684,42.283646764745,1983-07-05,126
-84.4088483403684,42.283646764745,1987-02-21,107
-84.4088483403684,42.283646764745,2001-07-30,59.0
-84.4088483403684,42.283646764745,1990-10-17,292
-84.4088483403684,42.283646764745,2010-08-09,191
-84.4088483403684,42.283646764745,1989-08-07,142
-84.4088483403684,42.283646764745,1988-04-10,269
-84.4088483403684,42.283646764745,1991-05-02,223
-84.4088483403684,42.283646764745,2016-05-20,177
-84.4088483403684,42.283646764745,1991-05-04,194
-84.4088483403684,42.283646764745,1982-11-06,194
-84.4088483403684,42.283646764745,1989-06-21,309
-84.4088483403684,42.283646764745,1984-02-05,148
-84.4088483403684,42.283646764745,1982-02-24,160
-84.4088483403684,42.283646764745,2011-06-24,112
-84.4088483403684,42.283646764745,1982-12-29,254
-84.4088483403684,42.283646764745,2016-07-13,51.3
-84.4088483403684,42.283646764745,2014-11-28,103
-84.4088483403684,42.283646764745,2010-09-26,112
-84.4088483403684,42.283646764745,2008-06-24,87.2
-84.4088483403684,42.283646764745,1979-08-27,63.0
-84.4088483403684,42.283646764745,1997-09-24,153
-84.4088483403684,42.283646764745,2007-12-07,153
-84.4088483403684,42.283646764745,2019-08-25,62.8
-84.4088483403684,42.283646764745,1989-02-24,81.0
-84.4088483403684,42.283646764745,1983-12-30,86.0
-84.4088483403684,42.283646764745,2012-07-02,44.1
-84.4088483403684,42.283646764745,2008-11-19,168
-84.4088483403684,42.283646764745,1993-11-02,165
-84.4088483403684,42.283646764745,1979-01-11,65.0
-84.4088483403684,42.283646764745,1989-06-27,218
-84.4088483403684,42.283646764745,1995-09-12,64.0
-84.4088483403684,42.283646764745,2019-02-13,141
-84.4088483403684,42.283646764745,1990-10-10,346
-84.4088483403684,42.283646764745,2022-12-25,70.8
-84.4088483403684,42.283646764745,2015-07-27,84.7
-84.4088483403684,42.283646764745,1986-01-24,165
-84.4088483403684,42.283646764745,1986-11-24,144
-84.4088483403684,42.283646764745,1995-07-10,77.0
-84.4088483403684,42.283646764745,2006-12-13,241
-84.4088483403684,42.283646764745,2000-06-13,163
-84.4088483403684,42.283646764745,2017-12-11,83.0
-84.4088483403684,42.283646764745,2001-01-18,124
-84.4088483403684,42.283646764745,2023-08-25,141
-84.4088483403684,42.283646764745,2007-09-12,76.1
-84.4088483403684,42.283646764745,1986-05-19,146
-84.4088483403684,42.283646764745,2007-08-18,52.7
-84.4088483403684,42.283646764745,2026-07-18,91.9
-84.4088483403684,42.283646764745,2015-03-10,113
-84.4088483403684,42.283646764745,1980-07-21,61.0
-84.4088483403684,42.283646764745,2024-01-01,118
-84.4088483403684,42.283646764745,2015-12-23,106
-84.4088483403684,42.283646764745,1981-10-25,106
-84.4088483403684,42.283646764745,2000-07-08,186
-84.4088483403684,42.283646764745,2021-05-10,82.4
-84.4088483403684,42.283646764745,2021-02-01,72.5
-84.4088483403684,42.283646764745,2017-02-10,252
-84.4088483403684,42.283646764745,2012-12-13,53.6
-84.4088483403684,42.283646764745,1992-09-18,224
-84.4088483403684,42.283646764745,1984-03-31,274
-84.4088483403684,42.283646764745,2001-11-04,162
-84.4088483403684,42.283646764745,2023-04-05,366
-84.4088483403684,42.283646764745,1998-01-16,283
-84.4088483403684,42.283646764745,2004-09-10,57.4
-84.4088483403684,42.283646764745,1984-04-10,268
-84.4088483403684,42.283646764745,2011-07-25,54.2
-84.4088483403684,42.283646764745,2003-05-08,272
-84.4088483403684,42.283646764745,2012-01-14,178
-84.4088483403684,42.283646764745,1995-09-22,71.0
-84.4088483403684,42.283646764745,2025-05-19,160
-84.4088483403684,42.283646764745,1989-12-12,86.0
-84.4088483403684,42.283646764745,2008-05-28,86.3
-84.4088483403684,42.283646764745,1980-08-24,160
-84.4088483403684,42.283646764745,2020-12-15,75.4
-84.4088483403684,42.283646764745,2003-12-30,119
-84.4088483403684,42.283646764745,1992-11-18,316
-84.4088483403684,42.283646764745,2014-01-17,182
-84.4088483403684,42.283646764745,1980-01-30,64.0
-84.4088483403684,42.283646764745,2025-02-16,92.3
-84.4088483403684,42.283646764745,2020-09-02,57.7
-84.4088483403684,42.283646764745,1995-01-19,228
-84.4088483403684,42.283646764745,1993-01-07,465
-84.4088483403684,42.283646764745,1998-03-11,419
-84.4088483403684,42.283646764745,1985-08-04,43.0
-84.4088483403684,42.283646764745,1993-08-08,77.0
-84.4088483403684,42.283646764745,2014-12-25,103
-84.4088483403684,42.283646764745,2003-02-04,82.1
-84.4088483403684,42.283646764745,2017-01-24,299
-84.4088483403684,42.283646764745,1998-07-24,84.0
-84.4088483403684,42.283646764745,1993-05-01,193
-84.4088483403684,42.283646764745,1997-12-28,174
-84.4088483403684,42.283646764745,2018-03-24,125
-84.4088483403684,42.283646764745,2008-07-16,125
-84.4088483403684,42.283646764745,2021-08-17,95.3
-84.4088483403684,42.283646764745,2012-09-29,36.5
-84.4088483403684,42.283646764745,1981-11-14,139
-84.4088483403684,42.283646764745,1982-01-05,160
-84.4088483403684,42.283646764745,1987-07-06,66.0
-84.4088483403684,42.283646764745,2020-12-17,90.5
-84.4088483403684,42.283646764745,1981-03-27,161
-84.4088483403684,42.283646764745,2013-08-25,68.7
-84.4088483403684,42.283646764745,2022-10-15,49.6
-84.4088483403684,42.283646764745,1983-08-31,57.0
-84.4088483403684,42.283646764745,2004-07-24,136
-84.4088483403684,42.283646764745,2014-10-29,62.7
-84.4088483403684,42.283646764745,2003-09-25,92.5
-84.4088483403684,42.283646764745,2017-05-12,247
-84.4088483403684,42.283646764745,1997-06-18,86.0
-84.4088483403684,42.283646764745,1979-03-17,219
-84.4088483403684,42.283646764745,1991-12-02,231
-84.4088483403684,42.283646764745,2011-05-10,243
-84.4088483403684,42.283646764745,1990-01-11,217
-84.4088483403684,42.283646764745,2004-01-22,71.7
-84.4088483403684,42.283646764745,2000-06-30,278
-84.4088483403684,42.283646764745,1985-11-23,240
-84.4088483403684,42.283646764745,1987-04-10,185
-84.4088483403684,42.283646764745,1994-11-11,184
-84.4088483403684,42.283646764745,2013-02-13,210
-84.4088483403684,42.283646764745,1985-11-13,215
-84.4088483403684,42.283646764745,2014-06-02,145
-84.4088483403684,42.283646764745,1985-03-24,209
-84.4088483403684,42.283646764745,2001-06-29,88.0
-84.4088483403684,42.283646764745,2019-04-28,311
-84.4088483403684,42.283646764745,1994-05-12,190
-84.4088483403684,42.283646764745,2021-05-21,52.3
-84.4088483403684,42.283646764745,2013-04-16,340
-84.4088483403684,42.283646764745,1990-08-30,82.0
-84.4088483403684,42.283646764745,2018-05-28,272
-84.4088483403684,42.283646764745,1982-09-02,51.0
-84.4088483403684,42.283646764745,2014-02-24,159
-84.4088483403684,42.283646764745,1988-07-28,42.0
-84.4088483403684,42.283646764745,2009-02-21,309
-84.4088483403684,42.283646764745,1994-08-02,78.0
-84.4088483403684,42.283646764745,1994-07-07,188
-84.4088483403684,42.283646764745,1983-05-18,225
-84.4088483403684,42.283646764745,2019-06-21,183
-84.4088483403684,42.283646764745,1989-01-28,143
-84.4088483403684,42.283646764745,2011-11-21,152
-84.4088483403684,42.283646764745,2013-11-21,91.0
-84.4088483403684,42.283646764745,2000-12-08,106
-84.4088483403684,42.283646764745,1981-03-12,123
-84.4088483403684,42.283646764745,1998-05-02,426
-84.4088483403684,42.283646764745,1998-12-07,128
-84.4088483403684,42.283646764745,1992-07-03,78.0
-84.4088483403684,42.283646764745,1987-11-10,54.0
-84.4088483403684,42.283646764745,2015-03-16,198
-84.4088483403684,42.283646764745,2017-11-12,90.9
-84.4088483403684,42.283646764745,2015-06-11,141
-84.4088483403684,42.283646764745,2016-11-01,111
-84.4088483403684,42.283646764745,2012-03-19,201
-84.4088483403684,42.283646764745,1994-10-19,99.0
-84.4088483403684,42.283646764745,2021-03-16,108
-84.4088483403684,42.283646764745,2026-07-17,114
-84.4088483403684,42.283646764745,2013-11-28,75.4
-84.4088483403684,42.283646764745,1979-02-06,58.0
-84.4088483403684,42.283646764745,1985-01-31,78.0
-84.4088483403684,42.283646764745,2001-02-13,445
-84.4088483403684,42.283646764745,1983-01-09,93.0
-84.4088483403684,42.283646764745,1993-10-24,239
-84.4088483403684,42.283646764745,2014-08-13,45.1
-84.4088483403684,42.283646764745,1985-10-12,115
-84.4088483403684,42.283646764745,1994-07-16,87.0
-84.4088483403684,42.283646764745,1979-05-12,128
-84.4088483403684,42.283646764745,2008-10-21,88.7
-84.4088483403684,42.283646764745,2000-12-16,132
-84.4088483403684,42.283646764745,2003-02-28,60.0
-84.4088483403684,42.283646764745,1995-09-03,68.0
-84.4088483403684,42.283646764745,1983-05-24,231
-84.4088483403684,42.283646764745,2016-12-30,99.2
-84.4088483403684,42.283646764745,2015-03-05,64.4
-84.4088483403684,42.283646764745,2022-08-12,70.2
-84.4088483403684,42.283646764745,1997-10-12,65.0
-84.4088483403684,42.283646764745,2010-07-11,153
-84.4088483403684,42.283646764745,2009-01-22,150
-84.4088483403684,42.283646764745,2001-12-22,276
-84.4088483403684,42.283646764745,1993-01-03,252
-84.4088483403684,42.283646764745,2020-03-19,190
-84.4088483403684,42.283646764745,2002-10-05,52.3
-84.4088483403684,42.283646764745,2016-11-02,116
-84.4088483403684,42.283646764745,1989-05-23,102
-84.4088483403684,42.283646764745,2005-04-03,232
-84.4088483403684,42.283646764745,2026-03-02,112
-84.4088483403684,42.283646764745,1988-07-15,31.0
-84.4088483403684,42.283646764745,2013-08-20,72.4
-84.4088483403684,42.283646764745,2005-04-05,211
-84.4088483403684,42.283646764745,2021-03-01,121
-84.4088483403684,42.283646764745,1996-05-13,272
-84.4088483403684,42.283646764745,2009-09-22,81.9
-84.4088483403684,42.283646764745,2014-06-26,239
-84.4088483403684,42.283646764745,2014-08-11,74.6
-84.4088483403684,42.283646764745,2023-05-16,88.4
-84.4088483403684,42.283646764745,2016-09-28,37.9
-84.4088483403684,42.283646764745,1992-07-28,135
-84.4088483403684,42.283646764745,1983-04-06,283
-84.4088483403684,42.283646764745,2023-09-08,75.3
-84.4088483403684,42.283646764745,2003-10-08,60.3
-84.4088483403684,42.283646764745,2011-05-23,211
-84.4088483403684,42.283646764745,2014-09-15,60.5
-84.4088483403684,42.283646764745,2019-10-15,94.8
-84.4088483403684,42.283646764745,1988-05-20,74.0
-84.4088483403684,42.283646764745,2008-06-30,93.3
-84.4088483403684,42.283646764745,2004-02-10,76.2
-84.4088483403684,42.283646764745,1999-01-19,110
-84.4088483403684,42.283646764745,2024-02-12,219
-84.4088483403684,42.283646764745,2023-09-17,74.7
-84.4088483403684,42.283646764745,1994-09-02,67.0
-84.4088483403684,42.283646764745,2024-07-29,181
-84.4088483403684,42.283646764745,2000-11-05,77.0
-84.4088483403684,42.283646764745,2009-02-28,260
-84.4088483403684,42.283646764745,2023-01-17,96.8
-84.4088483403684,42.283646764745,2007-02-08,113
-84.4088483403684,42.283646764745,2023-05-02,202
-84.4088483403684,42.283646764745,2011-02-12,82.5
-84.4088483403684,42.283646764745,1990-12-31,253
-84.4088483403684,42.283646764745,1980-09-07,113
-84.4088483403684,42.283646764745,1981-09-29,188
-84.4088483403684,42.283646764745,1994-02-05,140
-84.4088483403684,42.283646764745,2010-06-12,505
-84.4088483403684,42.283646764745,2017-04-06,503
-84.4088483403684,42.283646764745,1982-04-14,383
-84.4088483403684,42.283646764745,2008-01-11,533
-84.4088483403684,42.283646764745,1987-02-13,110
-84.4088483403684,42.283646764745,1988-12-27,183
-84.4088483403684,42.283646764745,2005-12-09,68.8
-84.4088483403684,42.283646764745,1983-10-06,59.0
-84.4088483403684,42.283646764745,2022-07-17,122
-84.4088483403684,42.283646764745,1999-12-03,56.0
-84.4088483403684,42.283646764745,2008-07-30,76.2
-84.4088483403684,42.283646764745,1982-09-07,43.0
-84.4088483403684,42.283646764745,2019-04-16,206
-84.4088483403684,42.283646764745,1985-08-12,52.0
-84.4088483403684,42.283646764745,2003-08-20,51.7
-84.4088483403684,42.283646764745,1992-02-10,100
-84.4088483403684,42.283646764745,2019-04-11,129
-84.4088483403684,42.283646764745,1998-07-16,82.0
-84.4088483403684,42.283646764745,2021-02-28,115
-84.4088483403684,42.283646764745,2010-12-19,79.1
-84.4088483403684,42.283646764745,2016-05-07,248
-84.4088483403684,42.283646764745,2024-04-18,203
-84.4088483403684,42.283646764745,1986-02-08,187
-84.4088483403684,42.283646764745,2008-01-26,142
-84.4088483403684,42.283646764745,2024-10-01,68.5
-84.4088483403684,42.283646764745,1989-10-24,86.0
-84.4088483403684,42.283646764745,1981-07-26,126
-84.4088483403684,42.283646764745,2001-01-06,115
-84.4088483403684,42.283646764745,2021-07-27,128
-84.4088483403684,42.283646764745,2001-11-12,166
-84.4088483403684,42.283646764745,1983-02-11,81.0
-84.4088483403684,42.283646764745,2024-06-30,226
-84.4088483403684,42.283646764745,2015-01-20,77.9
-84.4088483403684,42.283646764745,2024-04-14,190
-84.4088483403684,42.283646764745,2019-04-21,284
-84.4088483403684,42.283646764745,1999-10-21,48.0
-84.4088483403684,42.283646764745,2017-08-19,35.4
-84.4088483403684,42.283646764745,1994-01-17,127
-84.4088483403684,42.283646764745,1989-10-26,107
-84.4088483403684,42.283646764745,2015-03-06,60.6
-84.4088483403684,42.283646764745,2019-11-08,194
-84.4088483403684,42.283646764745,1984-05-30,386
-84.4088483403684,42.283646764745,2020-02-01,290
-84.4088483403684,42.283646764745,2005-11-02,43.4
-84.4088483403684,42.283646764745,2009-01-06,188
-84.4088483403684,42.283646764745,1996-11-24,118
-84.4088483403684,42.283646764745,2026-08-31,73.1
-84.4088483403684,42.283646764745,2021-10-10,304
-84.4088483403684,42.283646764745,2008-05-14,124
-84.4088483403684,42.283646764745,1986-12-10,179
-84.4088483403684,42.283646764745,1999-05-08,149
-84.4088483403684,42.283646764745,1987-12-04,172
-84.4088483403684,42.283646764745,2016-10-01,86.3
-84.4088483403684,42.283646764745,2010-05-05,143
-84.4088483403684,42.283646764745,2007-08-29,163
-84.4088483403684,42.283646764745,1993-07-28,155
-84.4088483403684,42.283646764745,1985-04-18,259
-84.4088483403684,42.283646764745,1985-05-29,139
-84.4088483403684,42.283646764745,2014-01-02,150
-84.4088483403684,42.283646764745,2016-12-28,93.1
-84.4088483403684,42.283646764745,2000-03-24,115
-84.4088483403684,42.283646764745,2026-09-17,122
-84.4088483403684,42.283646764745,2015-04-18,84.1
-84.4088483403684,42.283646764745,2015-08-07,66.4
-84.4088483403684,42.283646764745,1982-03-07,145
-84.4088483403684,42.283646764745,1996-02-08,110
-84.4088483403684,42.283646764745,2000-03-05,103
-84.4088483403684,42.283646764745,1983-05-12,362
-84.4088483403684,42.283646764745,2015-03-29,135
-84.4088483403684,42.283646764745,1992-07-08,77.0
-84.4088483403684,42.283646764745,2002-12-05,60.1
-84.4088483403684,42.283646764745,2017-04-16,318
-84.4088483403684,42.283646764745,2004-02-23,87.0
-84.4088483403684,42.283646764745,2023-11-24,108
-84.4088483403684,42.283646764745,2024-09-15,62.4
-84.4088483403684,42.283646764745,1982-04-11,383
-84.4088483403684,42.283646764745,2000-01-22,61.0
-84.4088483403684,42.283646764745,1995-01-18,225
-84.4088483403684,42.283646764745,2018-06-03,230
-84.4088483403684,42.283646764745,2014-06-19,108
-84.4088483403684,42.283646764745,2005-04-17,109
-84.4088483403684,42.283646764745,2011-05-13,262
-84.4088483403684,42.283646764745,1988-10-13,64.0
-84.4088483403684,42.283646764745,1984-01-25,136
-84.4088483403684,42.283646764745,2005-12-13,65.0
-84.4088483403684,42.283646764745,2002-05-04,138
-84.4088483403684,42.283646764745,2023-12-20,95.8
-84.4088483403684,42.283646764745,2013-04-14,308
-84.4088483403684,42.283646764745,1998-06-22,162
-84.4088483403684,42.283646764745,1999-03-17,124
-84.4088483403684,42.283646764745,2021-01-22,95.7
-84.4088483403684,42.283646764745,2014-09-27,66.5
-84.4088483403684,42.283646764745,1983-07-06,130
-84.4088483403684,42.283646764745,2006-08-29,115
-84.4088483403684,42.283646764745,2022-03-06,232
-84.4088483403684,42.283646764745,2024-09-09,68.4
-84.4088483403684,42.283646764745,2021-07-16,174
-84.4088483403684,42.283646764745,2013-10-30,51.6
-84.4088483403684,42.283646764745,1983-03-06,162
-84.4088483403684,42.283646764745,2013-10-07,147
-84.4088483403684,42.283646764745,2014-04-29,144
-84.4088483403684,42.283646764745,1994-05-04,220
-84.4088483403684,42.283646764745,1989-03-10,133
-84.4088483403684,42.283646764745,1992-06-30,87.0
-84.4088483403684,42.283646764745,1982-03-10,100
-84.4088483403684,42.283646764745,2015-09-21,51.2
-84.4088483403684,42.283646764745,2012-07-12,35.0
-84.4088483403684,42.283646764745,2020-10-03,53.2
-84.4088483403684,42.283646764745,2000-05-30,251
-84.4088483403684,42.283646764745,2025-08-18,54.4
-84.4088483403684,42.283646764745,2004-05-22,410
-84.4088483403684,42.283646764745,1997-12-25,182
-84.4088483403684,42.283646764745,1983-04-05,245
-84.4088483403684,42.283646764745,2010-07-15,135
-84.4088483403684,42.283646764745,2003-09-02,49.8
-84.4088483403684,42.283646764745,1981-03-06,230
-84.4088483403684,42.283646764745,2025-11-24,60.6
-84.4088483403684,42.283646764745,2025-10-30,63.5
-84.4088483403684,42.283646764745,2017-08-22,38.4
-84.4088483403684,42.283646764745,2007-04-04,260
-84.4088483403684,42.283646764745,1993-11-24,115
-84.4088483403684,42.283646764745,2021-11-29,174
-84.4088483403684,42.283646764745,2010-05-14,357
-84.4088483403684,42.283646764745,1980-05-22,182
-84.4088483403684,42.283646764745,1996-06-19,232
-84.4088483403684,42.283646764745,2026-08-14,74.9
-84.4088483403684,42.283646764745,2004-06-04,191
-84.4088483403684,42.283646764745,2010-04-09,232
-84.4088483403684,42.283646764745,1985-07-22,109
-84.4088483403684,42.283646764745,1990-10-13,286
-84.4088483403684,42.283646764745,2002-03-28,188
-84.4088483403684,42.283646764745,2019-04-26,273
-84.4088483403684,42.283646764745,2021-06-26,289
-84.4088483403684,42.283646764745,2014-09-23,73.7
-84.4088483403684,42.283646764745,2016-08-23,56.0
-84.4088483403684,42.283646764745,2005-12-29,144
-84.4088483403684,42.283646764745,1981-12-14,93.0
-84.4088483403684,42.283646764745,2017-10-18,122
-84.4088483403684,42.283646764745,1985-03-11,367
-84.4088483403684,42.283646764745,2011-08-30,69.9
-84.4088483403684,42.283646764745,1984-01-11,142
-84.4088483403684,42.283646764745,1995-09-25,72.0
-84.4088483403684,42.283646764745,2010-04-26,221
-84.4088483403684,42.283646764745,1997-10-23,64.0
-84.4088483403684,42.283646764745,2023-03-24,199
-84.4088483403684,42.283646764745,2001-05-15,183
-84.4088483403684,42.283646764745,1987-04-05,161
-84.4088483403684,42.283646764745,1983-08-27,55.0
-84.4088483403684,42.283646764745,2017-05-24,197
-84.4088483403684,42.283646764745,1996-08-18,47.0
-84.4088483403684,42.283646764745,1987-10-14,56.0
-84.4088483403684,42.283646764745,2005-06-06,119
-84.4088483403684,42.283646764745,1982-01-25,77.0
-84.4088483403684,42.283646764745,1983-10-27,76.0
-84.4088483403684,42.283646764745,1992-10-13,95.0
-84.4088483403684,42.283646764745,2019-03-18,258
-84.4088483403684,42.283646764745,1994-08-13,192
-84.4088483403684,42.283646764745,2018-07-26,57.5
-84.4088483403684,42.283646764745,1984-05-26,410
-84.4088483403684,42.283646764745,2004-09-08,63.9
-84.4088483403684,42.283646764745,2025-11-23,59.9
-84.4088483403684,42.283646764745,2012-05-11,103
-84.4088483403684,42.283646764745,2014-09-05,50.2
-84.4088483403684,42.283646764745,2017-01-31,219
-84.4088483403684,42.283646764745,1996-05-16,217
-84.4088483403684,42.283646764745,1979-08-29,66.0
-84.4088483403684,42.283646764745,2009-01-08,158
-84.4088483403684,42.283646764745,1985-09-01,41.0
-84.4088483403684,42.283646764745,1992-03-02,171
-84.4088483403684,42.283646764745,2013-10-31,146
-84.4088483403684,42.283646764745,1985-04-27,185
-84.4088483403684,42.283646764745,2013-09-01,123
-84.4088483403684,42.283646764745,2015-01-13,77.4
-84.4088483403684,42.283646764745,2010-03-14,366
-84.4088483403684,42.283646764745,2010-06-21,322
-84.4088483403684,42.283646764745,2002-07-21,54.0
-84.4088483403684,42.283646764745,2022-09-04,64.1
-84.4088483403684,42.283646764745,2013-11-05,112
-84.4088483403684,42.283646764745,2013-01-18,197
-84.4088483403684,42.283646764745,2019-09-21,71.5
-84.4088483403684,42.283646764745,2005-11-14,47.5
-84.4088483403684,42.283646764745,1992-08-16,94.0
-84.4088483403684,42.283646764745,1989-07-07,96.0
-84.4088483403684,42.283646764745,2002-04-29,171
-84.4088483403684,42.283646764745,2023-07-12,60.5
-84.4088483403684,42.283646764745,1998-12-10,104
-84.4088483403684,42.283646764745,2008-07-25,94.0
-84.4088483403684,42.283646764745,1999-05-02,232
-84.4088483403684,42.283646764745,1999-01-26,323
-84.4088483403684,42.283646764745,2022-05-01,265
-84.4088483403684,42.283646764745,2020-01-20,376
-84.4088483403684,42.283646764745,1986-12-31,97.0
-84.4088483403684,42.283646764745,2002-09-20,59.0
-84.4088483403684,42.283646764745,1980-12-22,91.0
-84.4088483403684,42.283646764745,1981-12-18,139
-84.4088483403684,42.283646764745,1979-07-15,46.0
-84.4088483403684,42.283646764745,2023-08-11,92.3
-84.4088483403684,42.283646764745,2018-09-14,54.7
-84.4088483403684,42.283646764745,2011-12-30,330
-84.4088483403684,42.283646764745,2007-02-10,111
-84.4088483403684,42.283646764745,1983-12-28,88.0
-84.4088483403684,42.283646764745,2002-02-11,268
-84.4088483403684,42.283646764745,2009-10-13,111
-84.4088483403684,42.283646764745,2002-02-18,158
-84.4088483403684,42.283646764745,2007-11-02,67.3
-84.4088483403684,42.283646764745,2003-12-29,136
-84.4088483403684,42.283646764745,2013-10-21,55.2
-84.4088483403684,42.283646764745,1994-01-01,84.0
-84.4088483403684,42.283646764745,1987-03-28,141
-84.4088483403684,42.283646764745,2004-11-26,125
-84.4088483403684,42.283646764745,2007-07-22,43.1
-84.4088483403684,42.283646764745,2006-02-22,244
-84.4088483403684,42.283646764745,1982-05-29,177
-84.4088483403684,42.283646764745,1986-02-09,205
-84.4088483403684,42.283646764745,2016-11-25,72.5
-84.4088483403684,42.283646764745,1980-03-30,230
-84.4088483403684,42.283646764745,2021-02-06,66.3
-84.4088483403684,42.283646764745,1996-07-28,67.0
-84.4088483403684,42.283646764745,1990-01-12,210
-84.4088483403684,42.283646764745,2022-01-05,236
-84.4088483403684,42.283646764745,2024-07-26,219
-84.4088483403684,42.283646764745,1984-03-03,93.0
-84.4088483403684,42.283646764745,2020-05-20,582
-84.4088483403684,42.283646764745,1993-05-17,137
-84.4088483403684,42.283646764745,2016-10-21,80.1
-84.4088483403684,42.283646764745,1988-02-13,121
-84.4088483403684,42.283646764745,1995-01-23,288
-84.4088483403684,42.283646764745,1986-07-26,94.0
-84.4088483403684,42.283646764745,1979-10-09,97.0
-84.4088483403684,42.283646764745,1993-10-09,166
-84.4088483403684,42.283646764745,2023-04-11,246
-84.4088483403684,42.283646764745,2022-11-27,88.4
-84.4088483403684,42.283646764745,2023-09-06,93.2
-84.4088483403684,42.283646764745,1986-09-09,46.0
-84.4088483403684,42.283646764745,2013-04-11,222
-84.4088483403684,42.283646764745,1995-08-25,165
-84.4088483403684,42.283646764745,1979-11-20,103
-84.4088483403684,42.283646764745,2025-07-05,73.1
-84.4088483403684,42.283646764745,1982-11-12,201
-84.4088483403684,42.283646764745,1987-09-05,64.0
-84.4088483403684,42.283646764745,2008-09-30,125
-84.4088483403684,42.283646764745,2009-01-29,87.6
-84.4088483403684,42.283646764745,1980-10-29,77.0
-84.4088483403684,42.283646764745,2005-03-01,226
-84.4088483403684,42.283646764745,2026-09-21,176
-84.4088483403684,42.283646764745,1990-10-16,297
-84.4088483403684,42.283646764745,1988-11-08,157
-84.4088483403684,42.283646764745,2018-01-26,126
-84.4088483403684,42.283646764745,2001-10-08,152
-84.4088483403684,42.283646764745,2006-11-29,142
-84.4088483403684,42.283646764745,1979-02-10,53.0
-84.4088483403684,42.283646764745,2008-02-18,379
-84.4088483403684,42.283646764745,1995-08-28,102
-84.4088483403684,42.283646764745,1986-11-13,105
-84.4088483403684,42.283646764745,1988-05-12,85.0
-84.4088483403684,42.283646764745,2006-07-10,116
-84.4088483403684,42.283646764745,2015-01-26,74.6
-84.4088483403684,42.283646764745,1988-07-05,32.0
-84.4088483403684,42.283646764745,1995-10-09,117
-84.4088483403684,42.283646764745,2018-06-29,170
-84.4088483403684,42.283646764745,2018-12-28,95.3
-84.4088483403684,42.283646764745,1982-08-16,52.0
-84.4088483403684,42.283646764745,1992-01-13,163
-84.4088483403684,42.283646764745,2025-08-03,73.0
-84.4088483403684,42.283646764745,2002-12-09,56.4
-84.4088483403684,42.283646764745,2007-06-01,78.0
-84.4088483403684,42.283646764745,1989-04-08,340
-84.4088483403684,42.283646764745,1996-04-15,177
-84.4088483403684,42.283646764745,1987-08-04,41.0
-84.4088483403684,42.283646764745,1996-08-09,60.0
-84.4088483403684,42.283646764745,2021-06-03,79.6
-84.4088483403684,42.283646764745,1986-09-05,56.0
-84.4088483403684,42.283646764745,2000-05-29,272
-84.4088483403684,42.283646764745,2000-01-05,75.0
-84.4088483403684,42.283646764745,2023-03-29,234
-84.4088483403684,42.283646764745,1980-01-31,61.0
-84.4088483403684,42.283646764745,2003-01-15,120
-84.4088483403684,42.283646764745,1985-04-17,284
-84.4088483403684,42.283646764745,2022-09-12,66.3
-84.4088483403684,42.283646764745,2005-12-14,65.4
-84.4088483403684,42.283646764745,2018-05-15,564
-84.4088483403684,42.283646764745,2004-07-23,103
-84.4088483403684,42.283646764745,2002-08-02,72.0
-84.4088483403684,42.283646764745,2018-05-01,123
-84.4088483403684,42.283646764745,1990-03-22,437
-84.4088483403684,42.283646764745,2015-04-13,133
-84.4088483403684,42.283646764745,1991-05-22,143
-84.4088483403684,42.283646764745,2001-02-14,450
-84.4088483403684,42.283646764745,2012-12-28,57.2
-84.4088483403684,42.283646764745,1998-07-21,80.0
-84.4088483403684,42.283646764745,1995-01-17,224
-84.4088483403684,42.283646764745,2008-10-19,81.9
-84.4088483403684,42.283646764745,2019-02-23,165
-84.4088483403684,42.283646764745,1988-09-27,149
-84.4088483403684,42.283646764745,1993-07-24,184
-84.4088483403684,42.283646764745,1997-05-26,166
-84.4088483403684,42.283646764745,1988-10-30,87.0
-84.4088483403684,42.283646764745,2023-05-08,188
-84.4088483403684,42.283646764745,2006-11-13,161
-84.4088483403684,42.283646764745,2003-08-24,43.2
-84.4088483403684,42.283646764745,2005-10-16,35.3
-84.4088483403684,42.283646764745,1980-06-10,251
-84.4088483403684,42.283646764745,1996-10-20,70.0
-84.4088483403684,42.283646764745,1983-10-01,48.0
-84.4088483403684,42.283646764745,2003-05-14,237
-84.4088483403684,42.283646764745,2012-02-16,187
-84.4088483403684,42.283646764745,1995-03-07,217
-84.4088483403684,42.283646764745,2010-08-10,141
-84.4088483403684,42.283646764745,1996-03-17,158
-84.4088483403684,42.283646764745,1985-07-14,134
-84.4088483403684,42.283646764745,2011-08-11,124
-84.4088483403684,42.283646764745,2015-08-15,86.6
-84.4088483403684,42.283646764745,1995-11-02,195
-84.4088483403684,42.283646764745,1987-08-14,32.0
-84.4088483403684,42.283646764745,2012-03-26,291
-84.4088483403684,42.283646764745,2015-10-27,45.7
-84.4088483403684,42.283646764745,2020-12-05,82.6
-84.4088483403684,42.283646764745,2012-03-09,328
-84.4088483403684,42.283646764745,1979-06-02,128
-84.4088483403684,42.283646764745,2004-05-19,141
-84.4088483403684,42.283646764745,1985-06-02,120
-84.4088483403684,42.283646764745,2023-10-11,71.3
-84.4088483403684,42.283646764745,1988-07-02,29.0
-84.4088483403684,42.283646764745,1998-10-30,86.0
-84.4088483403684,42.283646764745,2020-03-11,235
-84.4088483403684,42.283646764745,1999-05-04,177
-84.4088483403684,42.283646764745,2003-12-27,87.7
-84.4088483403684,42.283646764745,1986-09-10,44.0
-84.4088483403684,42.283646764745,1980-06-17,199
-84.4088483403684,42.283646764745,1986-07-24,71.0
-84.4088483403684,42.283646764745,1987-05-05,88.0
-84.4088483403684,42.283646764745,1999-08-15,59.0
-84.4088483403684,42.283646764745,2003-06-10,85.3
-84.4088483403684,42.283646764745,1986-06-07,174
-84.4088483403684,42.283646764745,1981-05-12,227
-84.4088483403684,42.283646764745,2005-06-30,102
-84.4088483403684,42.283646764745,2008-05-20,134
-84.4088483403684,42.283646764745,1999-04-12,198
-84.4088483403684,42.283646764745,1994-10-25,96.0
-84.4088483403684,42.283646764745,1992-09-01,155
-84.4088483403684,42.283646764745,1992-01-20,140
-84.4088483403684,42.283646764745,2021-09-02,44.8
-84.4088483403684,42.283646764745,1990-03-31,269
-84.4088483403684,42.283646764745,2026-01-15,98.3
-84.4088483403684,42.283646764745,2010-04-10,220
-84.4088483403684,42.283646764745,1994-01-13,130
-84.4088483403684,42.283646764745,2009-03-29,280
-84.4088483403684,42.283646764745,1984-04-17,244
-84.4088483403684,42.283646764745,2016-01-05,146
-84.4088483403684,42.283646764745,2007-06-14,159
-84.4088483403684,42.283646764745,1989-11-17,175
-84.4088483403684,42.283646764745,1990-12-26,192
-84.4088483403684,42.283646764745,1988-04-12,263
-84.4088483403684,42.283646764745,2017-03-19,133
-84.4088483403684,42.283646764745,1987-12-06,145
-84.4088483403684,42.283646764745,1987-11-30,152
-84.4088483403684,42.283646764745,2021-07-25,98.2
-84.4088483403684,42.283646764745,2017-06-10,71.2
-84.4088483403684,42.283646764745,2004-08-11,81.3
-84.4088483403684,42.283646764745,2014-04-13,371
-84.4088483403684,42.283646764745,2003-03-31,185
-84.4088483403684,42.283646764745,1986-05-21,183
-84.4088483403684,42.283646764745,1997-04-09,196
-84.4088483403684,42.283646764745,1990-02-14,212
-84.4088483403684,42.283646764745,1993-01-30,242
-84.4088483403684,42.283646764745,1982-06-24,106
-84.4088483403684,42.283646764745,1996-08-21,59.0
-84.4088483403684,42.283646764745,1986-08-24,42.0
-84.4088483403684,42.283646764745,2024-09-16,62.4
-84.4088483403684,42.283646764745,2004-08-29,100
-84.4088483403684,42.283646764745,2017-01-03,106
-84.4088483403684,42.283646764745,2022-04-04,295
-84.4088483403684,42.283646764745,2026-04-27,234
-84.4088483403684,42.283646764745,2005-01-25,173
-84.4088483403684,42.283646764745,1989-01-10,156
-84.4088483403684,42.283646764745,2000-09-23,88.0
-84.4088483403684,42.283646764745,1984-10-15,55.0
-84.4088483403684,42.283646764745,2010-06-27,447
-84.4088483403684,42.283646764745,1996-12-13,152
-84.4088483403684,42.283646764745,2013-11-06,210
-84.4088483403684,42.283646764745,2019-06-05,326
-84.4088483403684,42.283646764745,2026-02-15,86.1
-84.4088483403684,42.283646764745,1983-11-11,81.0
-84.4088483403684,42.283646764745,1995-09-19,56.0
-84.4088483403684,42.283646764745,2018-03-20,158
-84.4088483403684,42.283646764745,1979-06-18,48.0
-84.4088483403684,42.283646764745,1999-06-15,83.0
-84.4088483403684,42.283646764745,2007-03-17,450
-84.4088483403684,42.283646764745,1983-11-22,189
-84.4088483403684,42.283646764745,1996-01-01,86.0
-84.4088483403684,42.283646764745,1999-01-17,83.0
-84.4088483403684,42.283646764745,1994-08-06,67.0
-84.4088483403684,42.283646764745,2019-06-11,191
-84.4088483403684,42.283646764745,1987-12-18,197
-84.4088483403684,42.283646764745,1981-10-18,103
-84.4088483403684,42.283646764745,1998-03-30,375
-84.4088483403684,42.283646764745,2010-10-09,54.6
-84.4088483403684,42.283646764745,2008-09-07,57.6
-84.4088483403684,42.283646764745,1993-09-16,156
-84.4088483403684,42.283646764745,1988-06-12,38.0
-84.4088483403684,42.283646764745,2009-07-03,141
-84.4088483403684,42.283646764745,1985-05-25,59.0
-84.4088483403684,42.283646764745,2013-03-10,108
-84.4088483403684,42.283646764745,1994-08-16,157
-84.4088483403684,42.283646764745,2022-07-02,81.7
-84.4088483403684,42.283646764745,2020-09-06,46.6
-84.4088483403684,42.283646764745,2020-08-14,107
-84.4088483403684,42.283646764745,1986-07-03,73.0
-84.4088483403684,42.283646764745,1997-07-29,71.0
-84.4088483403684,42.283646764745,2006-03-14,416
-84.4088483403684,42.283646764745,2022-09-26,72.7
-84.4088483403684,42.283646764745,2015-11-11,65.1
-84.4088483403684,42.283646764745,1981-10-05,277
-84.4088483403684,42.283646764745,2015-08-16,67.0
-84.4088483403684,42.283646764745,2003-07-21,150
-84.4088483403684,42.283646764745,2023-09-07,80.6
-84.4088483403684,42.283646764745,2022-11-03,98.1
-84.4088483403684,42.283646764745,2021-03-05,123
-84.4088483403684,42.283646764745,2020-07-08,82.4
-84.4088483403684,42.283646764745,1998-07-23,88.0
-84.4088483403684,42.283646764745,1987-02-14,109
-84.4088483403684,42.283646764745,2022-05-08,315
-84.4088483403684,42.283646764745,2024-06-04,89.1
-84.4088483403684,42.283646764745,1984-09-09,34.0
-84.4088483403684,42.283646764745,2006-02-01,263
-84.4088483403684,42.283646764745,2022-09-28,63.5
-84.4088483403684,42.283646764745,2012-06-17,86.9
-84.4088483403684,42.283646764745,1980-04-23,211
-84.4088483403684,42.283646764745,2016-09-04,39.7
-84.4088483403684,42.283646764745,1993-10-20,277
-84.4088483403684,42.283646764745,2012-02-15,163
-84.4088483403684,42.283646764745,1987-08-19,33.0
-84.4088483403684,42.283646764745,1981-02-21,353
-84.4088483403684,42.283646764745,2023-03-30,211
-84.4088483403684,42.283646764745,2003-05-05,263
-84.4088483403684,42.283646764745,1997-01-07,253
-84.4088483403684,42.283646764745,2024-09-22,71.2
-84.4088483403684,42.283646764745,1981-10-22,171
-84.4088483403684,42.283646764745,2013-02-10,115
-84.4088483403684,42.283646764745,2012-11-23,50.1
-84.4088483403684,42.283646764745,2014-08-08,42.8
-84.4088483403684,42.283646764745,2009-11-30,196
-84.4088483403684,42.283646764745,2025-08-04,71.7
-84.4088483403684,42.283646764745,2010-11-08,58.0
-84.4088483403684,42.283646764745,1985-05-06,113
-84.4088483403684,42.283646764745,2010-02-02,109
-84.4088483403684,42.283646764745,1979-02-19,49.0
-84.4088483403684,42.283646764745,2002-02-10,271
-84.4088483403684,42.283646764745,2003-07-24,45.2
-84.4088483403684,42.283646764745,1998-03-25,385
-84.4088483403684,42.283646764745,2012-07-04,40.3
-84.4088483403684,42.283646764745,2004-10-07,45.7
-84.4088483403684,42.283646764745,2010-05-12,316
-84.4088483403684,42.283646764745,2009-06-20,345
-84.4088483403684,42.283646764745,1993-04-08,393
-84.4088483403684,42.283646764745,1987-02-05,94.0
-84.4088483403684,42.283646764745,2006-06-07,90.8
-84.4088483403684,42.283646764745,2010-11-23,247
-84.4088483403684,42.283646764745,1991-04-14,170
-84.4088483403684,42.283646764745,2004-01-31,70.7
-84.4088483403684,42.283646764745,1990-01-17,130
-84.4088483403684,42.283646764745,2012-04-01,156
-84.4088483403684,42.283646764745,2005-04-11,151
-84.4088483403684,42.283646764745,1990-10-24,247
-84.4088483403684,42.283646764745,2006-02-19,243
-84.4088483403684,42.283646764745,1991-01-06,318
-84.4088483403684,42.283646764745,2005-09-15,43.2
-84.4088483403684,42.283646764745,2022-10-07,55.7
-84.4088483403684,42.283646764745,2013-01-10,54.4
-84.4088483403684,42.283646764745,2025-03-25,165
-84.4088483403684,42.283646764745,2012-07-10,37.5
-84.4088483403684,42.283646764745,1999-03-15,111
-84.4088483403684,42.283646764745,2021-12-06,223
-84.4088483403684,42.283646764745,2019-01-08,191
-84.4088483403684,42.283646764745,2010-03-08,141
-84.4088483403684,42.283646764745,2008-07-01,90.7
-84.4088483403684,42.283646764745,1998-08-01,66.0
-84.4088483403684,42.283646764745,2026-03-16,294
-84.4088483403684,42.283646764745,1994-10-06,68.0
-84.4088483403684,42.283646764745,1994-08-15,161
-84.4088483403684,42.283646764745,2023-03-13,310
-84.4088483403684,42.283646764745,1992-03-29,227
-84.4088483403684,42.283646764745,1988-03-30,209
-84.4088483403684,42.283646764745,2014-12-08,133
-84.4088483403684,42.283646764745,1990-09-04,64.0
-84.4088483403684,42.283646764745,2013-06-21,83.3
-84.4088483403684,42.283646764745,2009-02-23,241
-84.4088483403684,42.283646764745,1985-05-31,144
-84.4088483403684,42.283646764745,2000-06-05,145
-84.4088483403684,42.283646764745,1999-04-26,336
-84.4088483403684,42.283646764745,1999-03-16,114
-84.4088483403684,42.283646764745,2009-01-02,346
-84.4088483403684,42.283646764745,2014-10-03,93.0
-84.4088483403684,42.283646764745,2002-06-06,156
-84.4088483403684,42.283646764745,2025-01-07,151
-84.4088483403684,42.283646764745,2009-02-07,171
-84.4088483403684,42.283646764745,2011-07-31,265
-84.4088483403684,42.283646764745,2003-05-06,276
-84.4088483403684,42.283646764745,2024-04-20,234
-84.4088483403684,42.283646764745,2011-09-13,134
-84.4088483403684,42.283646764745,1987-11-16,51.0
-84.4088483403684,42.283646764745,2014-01-20,169
-84.4088483403684,42.283646764745,2003-09-21,35.1
-84.4088483403684,42.283646764745,1986-09-19,52.0
-84.4088483403684,42.283646764745,1994-09-23,54.0
-84.4088483403684,42.283646764745,2025-08-24,53.9
-84.4088483403684,42.283646764745,1988-04-25,142
-84.4088483403684,42.283646764745,1998-02-25,358
-84.4088483403684,42.283646764745,1995-08-01,64.0
-84.4088483403684,42.283646764745,2009-12-27,139
-84.4088483403684,42.283646764745,2001-08-22,75.0
-84.4088483403684,42.283646764745,1980-10-26,122
-84.4088483403684,42.283646764745,1982-04-08,418
-84.4088483403684,42.283646764745,2015-11-30,158
-84.4088483403684,42.283646764745,2001-12-23,270
-84.4088483403684,42.283646764745,2016-12-19,103
-84.4088483403684,42.283646764745,2026-07-23,61.0
-84.4088483403684,42.283646764745,1980-05-11,155
-84.4088483403684,42.283646764745,1985-08-21,51.0
-84.4088483403684,42.283646764745,2026-09-10,152
-84.4088483403684,42.283646764745,2022-01-23,107
-84.4088483403684,42.283646764745,1997-06-21,222
-84.4088483403684,42.283646764745,1981-01-14,70.0
-84.4088483403684,42.283646764745,1981-03-22,147
-84.4088483403684,42.283646764745,2005-01-07,238
-84.4088483403684,42.283646764745,2002-07-02,55.0
-84.4088483403684,42.283646764745,2024-12-27,97.6
-84.4088483403684,42.283646764745,1985-06-28,58.0
-84.4088483403684,42.283646764745,1988-08-05,63.0
-84.4088483403684,42.283646764745,2003-11-09,148
-84.4088483403684,42.283646764745,2001-04-15,193
-84.4088483403684,42.283646764745,2024-09-18,62.1
-84.4088483403684,42.283646764745,2024-03-10,163
-84.4088483403684,42.283646764745,2026-05-06,192
-84.4088483403684,42.283646764745,1996-03-03,158
-84.4088483403684,42.283646764745,1984-06-02,352
-84.4088483403684,42.283646764745,2011-05-02,416
-84.4088483403684,42.283646764745,1995-11-14,273
-84.4088483403684,42.283646764745,2011-09-10,87.8
-84.4088483403684,42.283646764745,2018-10-10,125
-84.4088483403684,42.283646764745,2005-08-09,64.7
-84.4088483403684,42.283646764745,2022-09-23,60.4
-84.4088483403684,42.283646764745,2009-03-08,441
-84.4088483403684,42.283646764745,2019-03-25,191
-84.4088483403684,42.283646764745,1988-08-30,38.0
-84.4088483403684,42.283646764745,2022-10-13,53.4
-84.4088483403684,42.283646764745,1988-09-15,40.0
-84.4088483403684,42.283646764745,2007-12-19,157
-84.4088483403684,42.283646764745,2014-02-04,74.5
-84.4088483403684,42.283646764745,2021-12-01,187
-84.4088483403684,42.283646764745,2016-08-21,67.9
-84.4088483403684,42.283646764745,1991-01-11,294
-84.4088483403684,42.283646764745,1987-08-18,33.0
-84.4088483403684,42.283646764745,2019-12-19,81.1
-84.4088483403684,42.283646764745,1988-03-16,196
-84.4088483403684,42.283646764745,1998-04-18,234
-84.4088483403684,42.283646764745,1980-01-17,108
-84.4088483403684,42.283646764745,1981-07-18,54.0
-84.4088483403684,42.283646764745,1995-08-12,161
-84.4088483403684,42.283646764745,1986-01-23,169
-84.4088483403684,42.283646764745,1997-08-16,134
-84.4088483403684,42.283646764745,1995-02-28,165
-84.4088483403684,42.283646764745,2019-01-16,91.1
-84.4088483403684,42.283646764745,1980-12-15,200
-84.4088483403684,42.283646764745,2000-01-08,68.0
-84.4088483403684,42.283646764745,2016-02-08,96.7
-84.4088483403684,42.283646764745,1998-07-04,93.0
-84.4088483403684,42.283646764745,2018-12-27,94.9
-84.4088483403684,42.283646764745,1989-01-02,150
-84.4088483403684,42.283646764745,1999-06-07,80.0
-84.4088483403684,42.283646764745,2019-03-19,252
-84.4088483403684,42.283646764745,2016-03-05,256
-84.4088483403684,42.283646764745,2003-09-05,42.5
-84.4088483403684,42.283646764745,1981-06-21,218
-84.4088483403684,42.283646764745,2001-10-31,212
-84.4088483403684,42.283646764745,1990-07-02,119
-84.4088483403684,42.283646764745,2002-04-18,243
-84.4088483403684,42.283646764745,2025-01-12,122
-84.4088483403684,42.283646764745,1982-10-29,61.0
-84.4088483403684,42.283646764745,1988-07-08,34.0
-84.4088483403684,42.283646764745,1988-04-24,142
-84.4088483403684,42.283646764745,2016-05-29,72.3
-84.4088483403684,42.283646764745,2005-01-26,160
-84.4088483403684,42.283646764745,2016-10-25,86.2
-84.4088483403684,42.283646764745,2003-04-28,114
-84.4088483403684,42.283646764745,2011-09-02,65.4
-84.4088483403684,42.283646764745,2001-03-16,290
-84.4088483403684,42.283646764745,1993-12-18,145
-84.4088483403684,42.283646764745,2022-09-27,65.0
-84.4088483403684,42.283646764745,2014-08-21,65.8
-84.4088483403684,42.283646764745,2000-07-06,176
-84.4088483403684,42.283646764745,2006-06-03,162
-84.4088483403684,42.283646764745,2016-07-12,62.7
-84.4088483403684,42.283646764745,1995-07-26,62.0
-84.4088483403684,42.283646764745,1981-08-07,201
-84.4088483403684,42.283646764745,2004-03-04,216
-84.4088483403684,42.283646764745,2015-01-14,74.7
-84.4088483403684,42.283646764745,2018-04-09,181
-84.4088483403684,42.283646764745,2009-04-03,383
-84.4088483403684,42.283646764745,1989-03-31,234
-84.4088483403684,42.283646764745,1998-01-13,376
-84.4088483403684,42.283646764745,2020-06-30,111
-84.4088483403684,42.283646764745,1995-03-23,195
-84.4088483403684,42.283646764745,1996-05-06,226
-84.4088483403684,42.283646764745,1993-08-24,86.0
-84.4088483403684,42.283646764745,1991-09-25,54.0
-84.4088483403684,42.283646764745,2005-12-11,64.0
-84.4088483403684,42.283646764745,2022-03-20,349
-84.4088483403684,42.283646764745,2007-05-17,103
-84.4088483403684,42.283646764745,1979-09-29,35.0
-84.4088483403684,42.283646764745,2024-03-22,136
-84.4088483403684,42.283646764745,1996-06-20,253
-84.4088483403684,42.283646764745,2021-09-21,51.6
-84.4088483403684,42.283646764745,2009-04-26,324
-84.4088483403684,42.283646764745,1986-02-07,194
-84.4088483403684,42.283646764745,2023-06-16,54.2
-84.4088483403684,42.283646764745,2004-12-05,217
-84.4088483403684,42.283646764745,1989-01-06,146
-84.4088483403684,42.283646764745,2021-10-05,332
-84.4088483403684,42.283646764745,1994-06-02,90.0
-84.4088483403684,42.283646764745,1990-10-04,183
-84.4088483403684,42.283646764745,1988-03-04,179
-84.4088483403684,42.283646764745,1993-06-26,266
-84.4088483403684,42.283646764745,2021-10-25,404
-84.4088483403684,42.283646764745,1991-02-09,199
-84.4088483403684,42.283646764745,2013-02-16,196
-84.4088483403684,42.283646764745,1990-04-20,324
-84.4088483403684,42.283646764745,2008-09-18,349
-84.4088483403684,42.283646764745,2004-01-04,119
-84.4088483403684,42.283646764745,1979-01-13,80.0
-84.4088483403684,42.283646764745,2009-12-15,170
-84.4088483403684,42.283646764745,2015-01-04,103
-84.4088483403684,42.283646764745,1982-10-02,76.0
-84.4088483403684,42.283646764745,2002-02-21,279
-84.4088483403684,42.283646764745,2006-10-22,220
-84.4088483403684,42.283646764745,2013-07-20,86.4
-84.4088483403684,42.283646764745,1989-04-04,314
-84.4088483403684,42.283646764745,1980-05-17,183
-84.4088483403684,42.283646764745,2022-03-23,473
-84.4088483403684,42.283646764745,1983-09-06,68.0
-84.4088483403684,42.283646764745,2014-07-05,92.6
-84.4088483403684,42.283646764745,2005-05-29,88.0
-84.4088483403684,42.283646764745,2010-11-19,70.0
-84.4088483403684,42.283646764745,2002-02-16,161
-84.4088483403684,42.283646764745,1983-05-02,422
-84.4088483403684,42.283646764745,2008-07-06,188
-84.4088483403684,42.283646764745,1990-04-10,256
-84.4088483403684,42.283646764745,2007-12-22,150
-84.4088483403684,42.283646764745,2005-08-03,94.7
-84.4088483403684,42.283646764745,2008-03-20,378
-84.4088483403684,42.283646764745,2001-10-24,232
-84.4088483403684,42.283646764745,1997-03-01,486
-84.4088483403684,42.283646764745,2004-04-20,78.9
-84.4088483403684,42.283646764745,1996-01-27,177
-84.4088483403684,42.283646764745,2005-05-12,130
-84.4088483403684,42.283646764745,2006-01-04,186
-84.4088483403684,42.283646764745,2008-10-23,83.4
-84.4088483403684,42.283646764745,2010-04-19,102
-84.4088483403684,42.283646764745,1995-07-18,92.0
-84.4088483403684,42.283646764745,2009-02-22,296
-84.4088483403684,42.283646764745,1998-03-13,386
-84.4088483403684,42.283646764745,2013-12-15,61.9
-84.4088483403684,42.283646764745,1997-04-14,236
-84.4088483403684,42.283646764745,2010-12-07,100
-84.4088483403684,42.283646764745,2024-11-13,93.9
-84.4088483403684,42.283646764745,2025-01-31,147
-84.4088483403684,42.283646764745,1990-10-12,286
-84.4088483403684,42.283646764745,1983-10-28,124
-84.4088483403684,42.283646764745,2002-12-08,57.7
-84.4088483403684,42.283646764745,1989-07-27,188
-84.4088483403684,42.283646764745,1987-03-31,145
-84.4088483403684,42.283646764745,1997-03-04,421
-84.4088483403684,42.283646764745,2020-04-28,250
-84.4088483403684,42.283646764745,1994-05-27,109
-84.4088483403684,42.283646764745,2026-06-24,75.5
-84.4088483403684,42.283646764745,2017-03-28,323
-84.4088483403684,42.283646764745,1998-07-12,90.0
-84.4088483403684,42.283646764745,1997-07-17,83.0
-84.4088483403684,42.283646764745,1982-10-18,53.0
-84.4088483403684,42.283646764745,2022-08-19,70.9
-84.4088483403684,42.283646764745,2003-03-14,123
-84.4088483403684,42.283646764745,1982-08-25,66.0
-84.4088483403684,42.283646764745,1985-12-18,102
-84.4088483403684,42.283646764745,1991-04-28,320
-84.4088483403684,42.283646764745,2013-09-06,76.6
-84.4088483403684,42.283646764745,2009-01-11,115
-84.4088483403684,42.283646764745,2005-05-18,96.4
-84.4088483403684,42.283646764745,1990-11-16,200
-84.4088483403684,42.283646764745,2022-05-31,396
-84.4088483403684,42.283646764745,2012-01-21,322
-84.4088483403684,42.283646764745,2008-12-20,109
-84.4088483403684,42.283646764745,2011-05-12,235
-84.4088483403684,42.283646764745,2004-05-24,344
-84.4088483403684,42.283646764745,1981-04-20,252
-84.4088483403684,42.283646764745,2001-03-02,405
-84.4088483403684,42.283646764745,2016-12-13,138
-84.4088483403684,42.283646764745,1987-12-11,165
-84.4088483403684,42.283646764745,1998-01-25,203
-84.4088483403684,42.283646764745,1991-04-15,199
-84.4088483403684,42.283646764745,2010-01-02,149
-84.4088483403684,42.283646764745,2015-08-14,99.8
-84.4088483403684,42.283646764745,1989-01-09,155
-84.4088483403684,42.283646764745,2024-06-14,85.3
-84.4088483403684,42.283646764745,2012-11-20,51.6
-84.4088483403684,42.283646764745,2026-06-10,118
-84.4088483403684,42.283646764745,1990-11-06,222
-84.4088483403684,42.283646764745,2008-10-03,141
-84.4088483403684,42.283646764745,1980-01-05,111
-84.4088483403684,42.283646764745,1984-06-07,224
-84.4088483403684,42.283646764745,1996-01-16,85.0
-84.4088483403684,42.283646764745,2014-10-20,67.5
-84.4088483403684,42.283646764745,2024-04-05,209
-84.4088483403684,42.283646764745,1991-11-21,166
-84.4088483403684,42.283646764745,1997-05-13,210
-84.4088483403684,42.283646764745,2004-05-05,96.6
-84.4088483403684,42.283646764745,1992-12-03,246
-84.4088483403684,42.283646764745,2022-06-13,191
-84.4088483403684,42.283646764745,2013-06-08,71.8
-84.4088483403684,42.283646764745,2013-07-12,74.9
-84.4088483403684,42.283646764745,2010-06-03,407
-84.4088483403684,42.283646764745,1984-08-04,43.0
-84.4088483403684,42.283646764745,2009-08-04,66.3
-84.4088483403684,42.283646764745,2005-03-14,216
-84.4088483403684,42.283646764745,2016-07-04,39.0
-84.4088483403684,42.283646764745,2024-08-21,97.5
-84.4088483403684,42.283646764745,1997-11-13,113
-84.4088483403684,42.283646764745,1986-10-17,176
-84.4088483403684,42.283646764745,1990-08-18,71.0
-84.4088483403684,42.283646764745,1991-03-19,211
-84.4088483403684,42.283646764745,2001-07-29,66.0
-84.4088483403684,42.283646764745,2015-10-12,40.1
-84.4088483403684,42.283646764745,2016-04-08,187
-84.4088483403684,42.283646764745,2015-09-06,67.9
-84.4088483403684,42.283646764745,2014-07-04,96.8
-84.4088483403684,42.283646764745,2009-01-18,164
-84.4088483403684,42.283646764745,2026-09-06,163
-84.4088483403684,42.283646764745,1999-02-25,102
-84.4088483403684,42.283646764745,2001-07-21,64.0
-84.4088483403684,42.283646764745,2012-01-31,285
-84.4088483403684,42.283646764745,2000-01-15,115
-84.4088483403684,42.283646764745,1980-03-29,258
-84.4088483403684,42.283646764745,2009-01-07,175
-84.4088483403684,42.283646764745,2008-07-08,220
-84.4088483403684,42.283646764745,2003-07-03,45.6
-84.4088483403684,42.283646764745,1996-05-14,265
-84.4088483403684,42.283646764745,2002-07-20,40.0
-84.4088483403684,42.283646764745,2023-09-11,77.0
-84.4088483403684,42.283646764745,1987-03-25,104
-84.4088483403684,42.283646764745,2000-05-06,118
-84.4088483403684,42.283646764745,1992-03-25,207
-84.4088483403684,42.283646764745,2007-06-30,77.3
-84.4088483403684,42.283646764745,1997-08-18,122
-84.4088483403684,42.283646764745,1986-09-20,49.0
-84.4088483403684,42.283646764745,2015-03-13,139
-84.4088483403684,42.283646764745,2019-09-22,70.8
-84.4088483403684,42.283646764745,1992-02-26,196
-84.4088483403684,42.283646764745,2018-06-04,203
-84.4088483403684,42.283646764745,1982-12-12,180
-84.4088483403684,42.283646764745,1994-01-27,124
-84.4088483403684,42.283646764745,1982-01-13,100
-84.4088483403684,42.283646764745,1981-11-02,181
-84.4088483403684,42.283646764745,2025-09-03,51.8
-84.4088483403684,42.283646764745,2023-02-28,267
-84.4088483403684,42.283646764745,2024-06-20,169
-84.4088483403684,42.283646764745,1985-02-15,76.0
-84.4088483403684,42.283646764745,2012-08-18,46.7
-84.4088483403684,42.283646764745,1984-10-02,48.0
-84.4088483403684,42.283646764745,2002-11-15,109
-84.4088483403684,42.283646764745,1983-12-16,311
-84.4088483403684,42.283646764745,1982-01-22,78.0
-84.4088483403684,42.283646764745,1980-07-11,63.0
-84.4088483403684,42.283646764745,2008-08-06,55.6
-84.4088483403684,42.283646764745,2018-05-05,156
-84.4088483403684,42.283646764745,1994-05-01,220
-84.4088483403684,42.283646764745,2003-05-03,165
-84.4088483403684,42.283646764745,2000-06-09,135
-84.4088483403684,42.283646764745,1993-04-01,466
-84.4088483403684,42.283646764745,1988-12-08,160
-84.4088483403684,42.283646764745,2019-09-28,157
-84.4088483403684,42.283646764745,1994-09-01,71.0
-84.4088483403684,42.283646764745,1995-11-29,170
-84.4088483403684,42.283646764745,2000-08-22,79.0
-84.4088483403684,42.283646764745,2011-12-26,294
-84.4088483403684,42.283646764745,1985-11-15,229
-84.4088483403684,42.283646764745,1995-08-11,212
-84.4088483403684,42.283646764745,1981-02-18,218
-84.4088483403684,42.283646764745,1987-04-01,154
-84.4088483403684,42.283646764745,1994-01-29,191
-84.4088483403684,42.283646764745,1992-06-05,107
-84.4088483403684,42.283646764745,1988-11-15,224
-84.4088483403684,42.283646764745,1982-07-05,95.0
-84.4088483403684,42.283646764745,1986-05-18,129
-84.4088483403684,42.283646764745,2003-12-06,74.4
-84.4088483403684,42.283646764745,1995-01-07,91.0
-84.4088483403684,42.283646764745,1991-10-08,95.0
-84.4088483403684,42.283646764745,1988-12-20,102
-84.4088483403684,42.283646764745,1980-03-04,65.0
-84.4088483403684,42.283646764745,2015-01-02,92.4
-84.4088483403684,42.283646764745,2017-09-09,30.0
-84.4088483403684,42.283646764745,2013-03-30,78.7
-84.4088483403684,42.283646764745,1997-04-13,238
-84.4088483403684,42.283646764745,2005-07-27,193
-84.4088483403684,42.283646764745,1999-03-26,184
-84.4088483403684,42.283646764745,2012-10-24,76.6
-84.4088483403684,42.283646764745,2011-02-27,175
-84.4088483403684,42.283646764745,2000-05-19,280
-84.4088483403684,42.283646764745,1986-11-03,142
-84.4088483403684,42.283646764745,2008-04-24,189
-84.4088483403684,42.283646764745,1997-03-19,270
-84.4088483403684,42.283646764745,2019-05-14,215
-84.4088483403684,42.283646764745,1997-02-23,423
-84.4088483403684,42.283646764745,2002-09-18,57.0
-84.4088483403684,42.283646764745,1990-08-28,92.0
-84.4088483403684,42.283646764745,1981-06-10,233
-84.4088483403684,42.283646764745,1993-08-19,66.0
-84.4088483403684,42.283646764745,1996-11-26,126
-84.4088483403684,42.283646764745,2000-04-07,86.0
-84.4088483403684,42.283646764745,1986-01-15,123
-84.4088483403684,42.283646764745,1982-09-23,59.0
-84.4088483403684,42.283646764745,2025-02-08,102
-84.4088483403684,42.283646764745,2021-10-06,344
-84.4088483403684,42.283646764745,2022-11-23,71.7
-84.4088483403684,42.283646764745,2000-01-02,62.0
-84.4088483403684,42.283646764745,1997-07-05,68.0
-84.4088483403684,42.283646764745,2011-12-28,286
-84.4088483403684,42.283646764745,2025-12-01,82.4
-84.4088483403684,42.283646764745,2017-03-23,194
-84.4088483403684,42.283646764745,2001-09-04,56.0
-84.4088483403684,42.283646764745,1990-06-01,174
-84.4088483403684,42.283646764745,1999-11-09,49.0
-84.4088483403684,42.283646764745,2021-11-16,195
-84.4088483403684,42.283646764745,2020-03-29,424
-84.4088483403684,42.283646764745,1982-03-25,565
-84.4088483403684,42.283646764745,2010-04-29,229
-84.4088483403684,42.283646764745,2015-05-27,68.6
-84.4088483403684,42.283646764745,1990-05-27,257
-84.4088483403684,42.283646764745,1993-04-14,309
-84.4088483403684,42.283646764745,2000-02-18,66.0
-84.4088483403684,42.283646764745,1989-01-11,184
-84.4088483403684,42.283646764745,1997-08-27,86.0
-84.4088483403684,42.283646764745,2011-09-17,127
-84.4088483403684,42.283646764745,2005-11-03,42.1
-84.4088483403684,42.283646764745,2021-05-05,87.9
-84.4088483403684,42.283646764745,1993-07-30,132
-84.4088483403684,42.283646764745,1989-10-30,104
-84.4088483403684,42.283646764745,2004-11-28,204
-84.4088483403684,42.283646764745,1988-07-25,68.0
-84.4088483403684,42.283646764745,2005-11-19,63.4
-84.4088483403684,42.283646764745,2008-06-02,113
-84.4088483403684,42.283646764745,2005-02-01,135
-84.4088483403684,42.283646764745,2018-02-03,106
-84.4088483403684,42.283646764745,1990-02-20,187
-84.4088483403684,42.283646764745,2020-06-01,318
-84.4088483403684,42.283646764745,2019-10-09,136
-84.4088483403684,42.283646764745,2018-01-16,110
-84.4088483403684,42.283646764745,1983-07-29,83.0
-84.4088483403684,42.283646764745,1997-07-09,80.0
-84.4088483403684,42.283646764745,1992-01-07,127
-84.4088483403684,42.283646764745,2001-01-08,115
-84.4088483403684,42.283646764745,1985-03-12,361
-84.4088483403684,42.283646764745,2004-11-04,127
-84.4088483403684,42.283646764745,1999-01-15,74.0
-84.4088483403684,42.283646764745,1997-10-19,66.0
-84.4088483403684,42.283646764745,2000-03-13,82.0
-84.4088483403684,42.283646764745,2003-11-26,174
-84.4088483403684,42.283646764745,1985-06-05,72.0
-84.4088483403684,42.283646764745,1997-07-15,72.0
-84.4088483403684,42.283646764745,2003-08-25,43.7
-84.4088483403684,42.283646764745,2012-05-18,85.2
-84.4088483403684,42.283646764745,2026-03-28,163
-84.4088483403684,42.283646764745,2018-03-16,198
-84.4088483403684,42.283646764745,2021-06-20,77.0
-84.4088483403684,42.283646764745,1987-08-27,131
-84.4088483403684,42.283646764745,2022-06-16,137
-84.4088483403684,42.283646764745,1980-02-29,74.0
-84.4088483403684,42.283646764745,2023-03-31,276
-84.4088483403684,42.283646764745,2026-04-20,404
-84.4088483403684,42.283646764745,2008-06-19,99.0
-84.4088483403684,42.283646764745,1995-02-07,99.0
-84.4088483403684,42.283646764745,1997-12-01,130
-84.4088483403684,42.283646764745,1987-12-10,162
-84.4088483403684,42.283646764745,1999-06-25,80.0
-84.4088483403684,42.283646764745,2009-11-03,255
-84.4088483403684,42.283646764745,2018-01-03,83.6
-84.4088483403684,42.283646764745,2012-05-14,98.6
-84.4088483403684,42.283646764745,2022-09-08,59.7
-84.4088483403684,42.283646764745,1988-08-24,46.0
-84.4088483403684,42.283646764745,2017-05-21,214
-84.4088483403684,42.283646764745,1981-10-07,264
-84.4088483403684,42.283646764745,1998-07-19,74.0
-84.4088483403684,42.283646764745,1995-02-21,122
-84.4088483403684,42.283646764745,2003-06-05,88.5
-84.4088483403684,42.283646764745,2001-05-04,111
-84.4088483403684,42.283646764745,1982-11-22,193
-84.4088483403684,42.283646764745,2008-05-12,161
-84.4088483403684,42.283646764745,1991-10-25,115
-84.4088483403684,42.283646764745,2023-10-30,105
-84.4088483403684,42.283646764745,2016-06-11,55.7
-84.4088483403684,42.283646764745,1995-08-22,188
-84.4088483403684,42.283646764745,1989-04-05,318
-84.4088483403684,42.283646764745,2021-07-09,79.0
-84.4088483403684,42.283646764745,1994-12-14,196
-84.4088483403684,42.283646764745,1981-05-13,257
-84.4088483403684,42.283646764745,1985-08-19,48.0
-84.4088483403684,42.283646764745,1991-12-07,169
-84.4088483403684,42.283646764745,1994-11-20,125
-84.4088483403684,42.283646764745,2005-07-22,168
-84.4088483403684,42.283646764745,2023-07-30,134
-84.4088483403684,42.283646764745,1992-10-31,171
-84.4088483403684,42.283646764745,2023-06-19,51.8
-84.4088483403684,42.283646764745,2022-11-30,73.4
-84.4088483403684,42.283646764745,2021-01-16,87.0
-84.4088483403684,42.283646764745,2026-09-09,129
-84.4088483403684,42.283646764745,1989-10-02,65.0
-84.4088483403684,42.283646764745,2012-03-27,235
-84.4088483403684,42.283646764745,2003-07-11,49.2
-84.4088483403684,42.283646764745,2009-01-01,330
-84.4088483403684,42.283646764745,2014-12-29,102
-84.4088483403684,42.283646764745,1995-08-15,141
-84.4088483403684,42.283646764745,1999-05-22,145
-84.4088483403684,42.283646764745,1990-02-18,194
-84.4088483403684,42.283646764745,2019-07-18,77.6
-84.4088483403684,42.283646764745,1996-09-11,64.0
-84.4088483403684,42.283646764745,1979-09-07,51.0
-84.4088483403684,42.283646764745,1981-07-03,77.0
-84.4088483403684,42.283646764745,1986-05-06,164
-84.4088483403684,42.283646764745,1983-04-14,344
-84.4088483403684,42.283646764745,1980-12-23,86.0
-84.4088483403684,42.283646764745,2001-06-10,260
-84.4088483403684,42.283646764745,2002-07-22,45.0
-84.4088483403684,42.283646764745,1990-06-09,147
-84.4088483403684,42.283646764745,2015-04-25,90.6
-84.4088483403684,42.283646764745,1979-08-19,127
-84.4088483403684,42.283646764745,1989-08-27,70.0
-84.4088483403684,42.283646764745,2015-08-19,62.3
-84.4088483403684,42.283646764745,2017-07-10,84.7
-84.4088483403684,42.283646764745,1997-07-28,72.0
-84.4088483403684,42.283646764745,2005-03-16,253
-84.4088483403684,42.283646764745,2003-08-05,52.7
-84.4088483403684,42.283646764745,1999-10-15,53.0
-84.4088483403684,42.283646764745,2023-03-03,270
-84.4088483403684,42.283646764745,2013-11-13,72.5
-84.4088483403684,42.283646764745,2005-07-05,77.6
-84.4088483403684,42.283646764745,1985-11-14,228
-84.4088483403684,42.283646764745,2012-02-19,183
-84.4088483403684,42.283646764745,2025-11-16,61.0
-84.4088483403684,42.283646764745,2007-12-12,184
-84.4088483403684,42.283646764745,2024-02-06,303
-84.4088483403684,42.283646764745,2011-06-07,238
-84.4088483403684,42.283646764745,2012-03-05,334
-84.4088483403684,42.283646764745,2026-09-29,92.5
-84.4088483403684,42.283646764745,2026-09-13,86.8
-84.4088483403684,42.283646764745,1997-03-30,332
-84.4088483403684,42.283646764745,2021-01-14,84.2
-84.4088483403684,42.283646764745,1991-05-16,173
-84.4088483403684,42.283646764745,2008-07-27,81.1
-84.4088483403684,42.283646764745,2003-02-05,62.9
-84.4088483403684,42.283646764745,1994-03-25,318
-84.4088483403684,42.283646764745,2003-06-25,56.7
-84.4088483403684,42.283646764745,1998-09-15,64.0
-84.4088483403684,42.283646764745,1987-12-14,172
-84.4088483403684,42.283646764745,1979-05-17,139
-84.4088483403684,42.283646764745,2011-01-03,127
-84.4088483403684,42.283646764745,2022-01-11,103
-84.4088483403684,42.283646764745,1989-01-19,134
-84.4088483403684,42.283646764745,2012-03-23,314
-84.4088483403684,42.283646764745,2013-07-01,155
-84.4088483403684,42.283646764745,1981-12-24,76.0
-84.4088483403684,42.283646764745,2000-09-30,70.0
-84.4088483403684,42.283646764745,2020-03-25,201
-84.4088483403684,42.283646764745,2013-02-18,182
-84.4088483403684,42.283646764745,1984-02-19,340
-84.4088483403684,42.283646764745,1990-08-08,63.0
-84.4088483403684,42.283646764745,2006-12-17,262
-84.4088483403684,42.283646764745,1980-03-09,66.0
-84.4088483403684,42.283646764745,2011-10-11,82.5
-84.4088483403684,42.283646764745,2013-04-04,75.9
-84.4088483403684,42.283646764745,1980-05-15,153
-84.4088483403684,42.283646764745,1979-11-04,39.0
-84.4088483403684,42.283646764745,2022-04-29,256
-84.4088483403684,42.283646764745,2020-05-09,127
-84.4088483403684,42.283646764745,2003-12-26,90.0
-84.4088483403684,42.283646764745,2018-12-22,89.4
-84.4088483403684,42.283646764745,1994-01-20,119
-84.4088483403684,42.283646764745,2005-07-25,173
-84.4088483403684,42.283646764745,1987-11-01,106
-84.4088483403684,42.283646764745,2003-10-12,61.0
-84.4088483403684,42.283646764745,2022-06-10,253
-84.4088483403684,42.283646764745,1997-01-02,131
-84.4088483403684,42.283646764745,2007-03-25,337
-84.4088483403684,42.283646764745,1985-05-05,92.0
-84.4088483403684,42.283646764745,1996-06-02,90.0
-84.4088483403684,42.283646764745,2007-01-19,354
-84.4088483403684,42.283646764745,2004-10-09,59.1
-84.4088483403684,42.283646764745,2011-01-16,129
-84.4088483403684,42.283646764745,2010-08-19,82.9
-84.4088483403684,42.283646764745,2010-04-08,242
-84.4088483403684,42.283646764745,1994-01-08,121
-84.4088483403684,42.283646764745,1981-06-17,241
-84.4088483403684,42.283646764745,2003-09-04,62.6
-84.4088483403684,42.283646764745,2000-04-13,99.0
-84.4088483403684,42.283646764745,1997-08-07,59.0
-84.4088483403684,42.283646764745,1993-12-15,146
-84.4088483403684,42.283646764745,1979-06-25,38.0
-84.4088483403684,42.283646764745,2014-09-07,48.7
-84.4088483403684,42.283646764745,1981-05-01,247
-84.4088483403684,42.283646764745,2025-01-23,93.1
-84.4088483403684,42.283646764745,2012-08-09,90.5
-84.4088483403684,42.283646764745,2018-07-09,65.3
-84.4088483403684,42.283646764745,1986-10-23,157
-84.4088483403684,42.283646764745,2009-07-09,136
-84.4088483403684,42.283646764745,2019-04-24,187
-84.4088483403684,42.283646764745,1983-12-04,127
-84.4088483403684,42.283646764745,1981-07-24,142
-84.4088483403684,42.283646764745,2025-04-10,237
-84.4088483403684,42.283646764745,1987-01-27,106
-84.4088483403684,42.283646764745,2015-12-07,129
-84.4088483403684,42.283646764745,2021-01-15,94.3
-84.4088483403684,42.283646764745,1991-05-17,169
-84.4088483403684,42.283646764745,2002-01-20,122
-84.4088483403684,42.283646764745,2023-11-12,95.6
-84.4088483403684,42.283646764745,2016-04-30,145
-84.4088483403684,42.283646764745,2025-03-12,182
-84.4088483403684,42.283646764745,2021-03-06,121
-84.4088483403684,42.283646764745,2024-01-16,136
-84.4088483403684,42.283646764745,2018-05-08,158
-84.4088483403684,42.283646764745,1991-12-06,163
-84.4088483403684,42.283646764745,1997-01-15,102
-84.4088483403684,42.283646764745,1988-06-22,46.0
-84.4088483403684,42.283646764745,2025-02-18,88.0
-84.4088483403684,42.283646764745,2009-03-10,513
-84.4088483403684,42.283646764745,2019-02-17,118
-84.4088483403684,42.283646764745,2017-10-19,119
-84.4088483403684,42.283646764745,1988-07-29,41.0
-84.4088483403684,42.283646764745,1993-12-23,148
-84.4088483403684,42.283646764745,2004-06-01,268
-84.4088483403684,42.283646764745,1996-02-03,112
-84.4088483403684,42.283646764745,2008-02-02,168
-84.4088483403684,42.283646764745,2004-06-20,248
-84.4088483403684,42.283646764745,1985-10-21,185
-84.4088483403684,42.283646764745,2016-12-25,64.4
-84.4088483403684,42.283646764745,2003-05-25,135
-84.4088483403684,42.283646764745,2005-01-03,226
-84.4088483403684,42.283646764745,2005-05-19,106
-84.4088483403684,42.283646764745,2012-11-19,52.6
-84.4088483403684,42.283646764745,1983-08-08,90.0
-84.4088483403684,42.283646764745,1985-06-01,130
-84.4088483403684,42.283646764745,1981-05-24,218
-84.4088483403684,42.283646764745,2018-09-29,42.6
-84.4088483403684,42.283646764745,1995-03-14,299
-84.4088483403684,42.283646764745,1997-10-14,83.0
-84.4088483403684,42.283646764745,1994-02-24,294
-84.4088483403684,42.283646764745,2023-09-21,67.5
-84.4088483403684,42.283646764745,2025-07-19,73.5
-84.4088483403684,42.283646764745,1991-06-10,135
-84.4088483403684,42.283646764745,1996-01-03,81.0
-84.4088483403684,42.283646764745,2006-12-22,198
-84.4088483403684,42.283646764745,1980-12-08,233
-84.4088483403684,42.283646764745,1998-11-27,148
-84.4088483403684,42.283646764745,2023-04-28,156
-84.4088483403684,42.283646764745,2023-12-10,134
-84.4088483403684,42.283646764745,1980-04-27,179
-84.4088483403684,42.283646764745,1989-04-23,175
-84.4088483403684,42.283646764745,2004-01-29,69.1
-84.4088483403684,42.283646764745,2020-08-25,50.4
-84.4088483403684,42.283646764745,2003-09-24,118
-84.4088483403684,42.283646764745,1999-04-05,165
-84.4088483403684,42.283646764745,1985-05-20,74.0
-84.4088483403684,42.283646764745,1985-03-05,461
-84.4088483403684,42.283646764745,1985-01-25,157
-84.4088483403684,42.283646764745,2012-06-14,48.1
-84.4088483403684,42.283646764745,2008-10-15,90.6
-84.4088483403684,42.283646764745,2022-03-10,309
-84.4088483403684,42.283646764745,1987-06-19,52.0
-84.4088483403684,42.283646764745,2002-09-13,37.0
-84.4088483403684,42.283646764745,1983-05-11,386
-84.4088483403684,42.283646764745,1989-07-03,153
-84.4088483403684,42.283646764745,1979-02-21,57.0
-84.4088483403684,42.283646764745,1989-05-16,146
-84.4088483403684,42.283646764745,1990-02-23,358
-84.4088483403684,42.283646764745,2015-08-04,70.3
-84.4088483403684,42.283646764745,2006-05-09,84.7
-84.4088483403684,42.283646764745,2000-06-04,126
-84.4088483403684,42.283646764745,1995-09-10,61.0
-84.4088483403684,42.283646764745,2025-03-15,190
-84.4088483403684,42.283646764745,1988-05-21,73.0
-84.4088483403684,42.283646764745,1992-11-29,329
-84.4088483403684,42.283646764745,1980-08-02,170
-84.4088483403684,42.283646764745,2020-03-01,190
-84.4088483403684,42.283646764745,2013-11-10,191
-84.4088483403684,42.283646764745,2009-11-22,95.0
-84.4088483403684,42.283646764745,1995-04-15,280
-84.4088483403684,42.283646764745,1988-09-21,55.0
-84.4088483403684,42.283646764745,1986-05-13,81.0
-84.4088483403684,42.283646764745,2023-03-12,316
-84.4088483403684,42.283646764745,1984-09-03,25.0
-84.4088483403684,42.283646764745,2000-10-18,102
-84.4088483403684,42.283646764745,1982-10-30,57.0
-84.4088483403684,42.283646764745,2014-02-11,75.8
-84.4088483403684,42.283646764745,1993-12-30,84.0
-84.4088483403684,42.283646764745,1979-06-22,47.0
-84.4088483403684,42.283646764745,2019-11-26,126
-84.4088483403684,42.283646764745,2016-06-17,55.0
-84.4088483403684,42.283646764745,2020-09-07,48.3
-84.4088483403684,42.283646764745,1992-01-12,162
-84.4088483403684,42.283646764745,1997-03-12,271
-84.4088483403684,42.283646764745,1988-03-20,157
-84.4088483403684,42.283646764745,2024-08-05,140
-84.4088483403684,42.283646764745,2013-03-15,269
-84.4088483403684,42.283646764745,1992-08-03,248
-84.4088483403684,42.283646764745,2003-11-28,162
-84.4088483403684,42.283646764745,2026-04-24,293
-84.4088483403684,42.283646764745,2001-03-23,189
-84.4088483403684,42.283646764745,1989-02-03,174
-84.4088483403684,42.283646764745,2009-06-23,340
-84.4088483403684,42.283646764745,2026-05-14,99.9
-84.4088483403684,42.283646764745,2016-06-13,53.1
-84.4088483403684,42.283646764745,2000-03-25,107
-84.4088483403684,42.283646764745,1990-02-06,195
-84.4088483403684,42.283646764745,2020-06-08,171
-84.4088483403684,42.283646764745,2013-11-27,82.4
-84.4088483403684,42.283646764745,2006-04-21,191
-84.4088483403684,42.283646764745,1989-09-21,130
-84.4088483403684,42.283646764745,1990-01-05,175
-84.4088483403684,42.283646764745,1981-12-23,82.0
-84.4088483403684,42.283646764745,1996-11-08,238
-84.4088483403684,42.283646764745,1986-03-29,280
-84.4088483403684,42.283646764745,2005-01-01,130
-84.4088483403684,42.283646764745,2006-04-30,87.6
-84.4088483403684,42.283646764745,2009-01-26,134
-84.4088483403684,42.283646764745,2011-05-30,467
-84.4088483403684,42.283646764745,2019-11-01,297
-84.4088483403684,42.283646764745,1993-08-09,76.0
-84.4088483403684,42.283646764745,1982-02-15,152
-84.4088483403684,42.283646764745,2025-09-06,48.3
-84.4088483403684,42.283646764745,2019-08-15,52.9
-84.4088483403684,42.283646764745,2005-05-16,127
-84.4088483403684,42.283646764745,1980-12-13,210
-84.4088483403684,42.283646764745,1983-05-08,488
-84.4088483403684,42.283646764745,1988-09-02,35.0
-84.4088483403684,42.283646764745,2008-07-22,104
-84.4088483403684,42.283646764745,1988-09-10,35.0
-84.4088483403684,42.283646764745,1996-09-16,63.0
-84.4088483403684,42.283646764745,2006-07-07,140
-84.4088483403684,42.283646764745,1981-04-26,242
-84.4088483403684,42.283646764745,1979-12-03,141
-84.4088483403684,42.283646764745,2011-11-29,398
-84.4088483403684,42.283646764745,1999-05-14,99.0
-84.4088483403684,42.283646764745,1983-10-26,75.0
-84.4088483403684,42.283646764745,2009-09-29,139
-84.4088483403684,42.283646764745,2001-07-26,78.0
-84.4088483403684,42.283646764745,2024-01-17,119
-84.4088483403684,42.283646764745,2003-05-09,263
-84.4088483403684,42.283646764745,2002-03-14,335
-84.4088483403684,42.283646764745,1981-06-02,244
-84.4088483403684,42.283646764745,2026-05-22,92.1
-84.4088483403684,42.283646764745,2002-11-27,64.9
-84.4088483403684,42.283646764745,2008-08-07,60.1
-84.4088483403684,42.283646764745,2025-04-27,107
-84.4088483403684,42.283646764745,2002-09-23,47.0
-84.4088483403684,42.283646764745,2021-07-30,72.7
-84.4088483403684,42.283646764745,2018-01-20,104
-84.4088483403684,42.283646764745,2005-10-25,36.5
-84.4088483403684,42.283646764745,1984-01-07,99.0
-84.4088483403684,42.283646764745,2014-01-14,189
-84.4088483403684,42.283646764745,1996-12-07,141
-84.4088483403684,42.283646764745,2013-03-27,85.1
-84.4088483403684,42.283646764745,1993-09-06,148
-84.4088483403684,42.283646764745,1989-02-21,138
-84.4088483403684,42.283646764745,1983-08-17,79.0
-84.4088483403684,42.283646764745,2000-05-15,106
-84.4088483403684,42.283646764745,2023-04-17,211
-84.4088483403684,42.283646764745,2006-07-02,200
-84.4088483403684,42.283646764745,2008-10-26,93.5
-84.4088483403684,42.283646764745,1985-01-10,215
-84.4088483403684,42.283646764745,2008-10-18,83.6
-84.4088483403684,42.283646764745,1999-04-09,213
-84.4088483403684,42.283646764745,1987-03-26,109
-84.4088483403684,42.283646764745,1999-03-01,111
-84.4088483403684,42.283646764745,2001-09-27,80.0
-84.4088483403684,42.283646764745,2003-10-13,78.9
-84.4088483403684,42.283646764745,2020-12-10,83.1
-84.4088483403684,42.283646764745,1994-04-17,280
-84.4088483403684,42.283646764745,2005-09-17,50.6
-84.4088483403684,42.283646764745,1988-04-07,273
-84.4088483403684,42.283646764745,2006-09-11,81.0
-84.4088483403684,42.283646764745,2011-06-19,135
-84.4088483403684,42.283646764745,1996-06-11,210
-84.4088483403684,42.283646764745,1993-08-11,77.0
-84.4088483403684,42.283646764745,1990-07-12,77.0
-84.4088483403684,42.283646764745,1990-08-01,69.0
-84.4088483403684,42.283646764745,1990-01-09,227
-84.4088483403684,42.283646764745,2020-11-11,77.5
-84.4088483403684,42.283646764745,2001-02-07,131
-84.4088483403684,42.283646764745,1980-05-19,186
-84.4088483403684,42.283646764745,1989-06-02,416
-84.4088483403684,42.283646764745,1996-03-23,173
-84.4088483403684,42.283646764745,1992-07-20,198
-84.4088483403684,42.283646764745,1994-04-02,218
-84.4088483403684,42.283646764745,2002-10-30,50.6
-84.4088483403684,42.283646764745,2009-05-03,366
-84.4088483403684,42.283646764745,1996-11-07,226
-84.4088483403684,42.283646764745,1982-10-08,58.0
-84.4088483403684,42.283646764745,1988-12-06,167
-84.4088483403684,42.283646764745,1993-07-23,195
-84.4088483403684,42.283646764745,2002-07-30,137
-84.4088483403684,42.283646764745,2021-12-07,216
-84.4088483403684,42.283646764745,2022-07-31,63.4
-84.4088483403684,42.283646764745,2012-08-07,28.7
-84.4088483403684,42.283646764745,2006-02-14,178
-84.4088483403684,42.283646764745,2025-05-04,163
-84.4088483403684,42.283646764745,2010-01-20,122
-84.4088483403684,42.283646764745,2000-05-22,188
-84.4088483403684,42.283646764745,2026-02-22,160
-84.4088483403684,42.283646764745,2004-11-09,133
-84.4088483403684,42.283646764745,1997-02-10,154
-84.4088483403684,42.283646764745,2002-05-08,145
-84.4088483403684,42.283646764745,2006-12-20,233
-84.4088483403684,42.283646764745,2010-02-21,94.3
-84.4088483403684,42.283646764745,2005-09-16,96.8
-84.4088483403684,42.283646764745,2011-03-02,236
-84.4088483403684,42.283646764745,2011-12-24,314
-84.4088483403684,42.283646764745,1981-09-25,187
-84.4088483403684,42.283646764745,1984-10-26,114
-84.4088483403684,42.283646764745,2020-10-22,147
-84.4088483403684,42.283646764745,2006-06-06,90.0
-84.4088483403684,42.283646764745,1985-09-08,71.0
-84.4088483403684,42.283646764745,1988-09-26,152
-84.4088483403684,42.283646764745,2022-01-27,105
-84.4088483403684,42.283646764745,2026-02-08,85.2
-84.4088483403684,42.283646764745,2016-01-14,144
-84.4088483403684,42.283646764745,2016-07-21,43.3
-84.4088483403684,42.283646764745,2024-03-02,121
-84.4088483403684,42.283646764745,2013-05-10,148
-84.4088483403684,42.283646764745,2019-05-29,217
-84.4088483403684,42.283646764745,2024-08-04,150
-84.4088483403684,42.283646764745,2021-08-15,185
-84.4088483403684,42.283646764745,1985-04-05,442
-84.4088483403684,42.283646764745,2006-08-09,81.9
-84.4088483403684,42.283646764745,2020-09-01,62.0
-84.4088483403684,42.283646764745,2016-06-06,63.1
-84.4088483403684,42.283646764745,1992-04-19,147
-84.4088483403684,42.283646764745,2012-07-26,39.8
-84.4088483403684,42.283646764745,2017-09-19,30.1
-84.4088483403684,42.283646764745,2025-04-28,122
-84.4088483403684,42.283646764745,2014-10-14,137
-84.4088483403684,42.283646764745,2017-04-21,292
-84.4088483403684,42.283646764745,2004-11-13,117
-84.4088483403684,42.283646764745,2004-09-18,48.5
-84.4088483403684,42.283646764745,2007-02-27,119
-84.4088483403684,42.283646764745,2013-03-28,83.0
-84.4088483403684,42.283646764745,2014-04-26,125
-84.4088483403684,42.283646764745,2023-08-15,169
-84.4088483403684,42.283646764745,1993-04-15,306
-84.4088483403684,42.283646764745,1990-07-19,82.0
-84.4088483403684,42.283646764745,2018-07-19,43.3
-84.4088483403684,42.283646764745,1997-05-14,209
-84.4088483403684,42.283646764745,2004-09-15,90.9
-84.4088483403684,42.283646764745,1993-07-26,176
-84.4088483403684,42.283646764745,2001-06-06,254
-84.4088483403684,42.283646764745,2019-07-09,95.7
-84.4088483403684,42.283646764745,2010-10-13,58.2
-84.4088483403684,42.283646764745,2020-06-18,114
-84.4088483403684,42.283646764745,2017-08-12,34.5
-84.4088483403684,42.283646764745,1987-01-15,121
-84.4088483403684,42.283646764745,1997-08-09,57.0
-84.4088483403684,42.283646764745,1990-05-09,174
-84.4088483403684,42.283646764745,2024-07-13,608
-84.4088483403684,42.283646764745,2026-03-01,115
-84.4088483403684,42.283646764745,2000-03-08,93.0
-84.4088483403684,42.283646764745,1982-07-19,90.0
-84.4088483403684,42.283646764745,2026-06-28,69.7
-84.4088483403684,42.283646764745,2025-10-18,57.0
-84.4088483403684,42.283646764745,2009-12-07,116
-84.4088483403684,42.283646764745,2005-11-26,89.2
-84.4088483403684,42.283646764745,1987-11-06,68.0
-84.4088483403684,42.283646764745,2024-01-09,131
-84.4088483403684,42.283646764745,2014-01-21,162
-84.4088483403684,42.283646764745,1996-04-12,144
-84.4088483403684,42.283646764745,2014-04-02,329
-84.4088483403684,42.283646764745,1981-09-04,165
-84.4088483403684,42.283646764745,1985-08-11,48.0
-84.4088483403684,42.283646764745,1996-08-24,70.0
-84.4088483403684,42.283646764745,2003-06-23,56.6
-84.4088483403684,42.283646764745,1993-06-08,179
-84.4088483403684,42.283646764745,1989-05-12,102
-84.4088483403684,42.283646764745,2005-03-18,249
-84.4088483403684,42.283646764745,2023-05-07,208
-84.4088483403684,42.283646764745,1998-12-22,75.0
-84.4088483403684,42.283646764745,1984-11-05,57.0
-84.4088483403684,42.283646764745,2009-07-05,124
-84.4088483403684,42.283646764745,1981-07-17,60.0
-84.4088483403684,42.283646764745,2000-06-20,122
-84.4088483403684,42.283646764745,1993-11-10,144
-84.4088483403684,42.283646764745,1998-08-21,80.0
-84.4088483403684,42.283646764745,2019-10-21,90.1
-84.4088483403684,42.283646764745,1995-11-21,128
-84.4088483403684,42.283646764745,1991-03-06,213
-84.4088483403684,42.283646764745,2025-01-11,125
-84.4088483403684,42.283646764745,1983-07-24,138
-84.4088483403684,42.283646764745,2008-02-07,406
-84.4088483403684,42.283646764745,2012-04-02,154
-84.4088483403684,42.283646764745,2007-03-07,184
-84.4088483403684,42.283646764745,1984-04-08,238
-84.4088483403684,42.283646764745,1996-08-10,56.0
-84.4088483403684,42.283646764745,2006-02-28,161
-84.4088483403684,42.283646764745,1999-06-21,77.0
-84.4088483403684,42.283646764745,2000-06-11,124
-84.4088483403684,42.283646764745,2006-01-29,306
-84.4088483403684,42.283646764745,1988-10-25,154
-84.4088483403684,42.283646764745,2014-02-19,131
-84.4088483403684,42.283646764745,1984-11-25,59.0
-84.4088483403684,42.283646764745,2004-09-02,70.2
-84.4088483403684,42.283646764745,2007-01-04,304
-84.4088483403684,42.283646764745,2025-02-23,88.4
-84.4088483403684,42.283646764745,1982-03-05,161
-84.4088483403684,42.283646764745,1985-04-10,454
-84.4088483403684,42.283646764745,2018-09-17,53.0
-84.4088483403684,42.283646764745,2015-08-10,69.6
-84.4088483403684,42.283646764745,1991-08-29,69.0
-84.4088483403684,42.283646764745,1989-07-05,106
-84.4088483403684,42.283646764745,2006-02-10,217
-84.4088483403684,42.283646764745,1999-04-08,163
-84.4088483403684,42.283646764745,2018-08-07,53.6
-84.4088483403684,42.283646764745,2011-04-04,182
-84.4088483403684,42.283646764745,2006-01-21,281
-84.4088483403684,42.283646764745,2022-07-27,82.7
-84.4088483403684,42.283646764745,2019-05-09,392
-84.4088483403684,42.283646764745,2002-04-03,234
-84.4088483403684,42.283646764745,2010-08-03,215
-84.4088483403684,42.283646764745,2000-07-13,115
-84.4088483403684,42.283646764745,2012-10-21,66.6
-84.4088483403684,42.283646764745,1992-12-20,237
-84.4088483403684,42.283646764745,2001-07-03,79.0
-84.4088483403684,42.283646764745,2003-02-22,57.6
-84.4088483403684,42.283646764745,2022-10-05,57.2
-84.4088483403684,42.283646764745,2010-07-09,115
-84.4088483403684,42.283646764745,2019-08-13,62.1
-84.4088483403684,42.283646764745,1995-03-04,137
-84.4088483403684,42.283646764745,1981-02-23,400
-84.4088483403684,42.283646764745,1990-06-21,95.0
-84.4088483403684,42.283646764745,2013-12-31,135
-84.4088483403684,42.283646764745,2017-10-01,25.2
-84.4088483403684,42.283646764745,2023-12-01,134
-84.4088483403684,42.283646764745,2021-04-27,131
-84.4088483403684,42.283646764745,1990-11-04,124
-84.4088483403684,42.283646764745,1981-11-27,172
-84.4088483403684,42.283646764745,2010-07-07,128
-84.4088483403684,42.283646764745,1993-07-21,256
-84.4088483403684,42.283646764745,2015-12-01,158
-84.4088483403684,42.283646764745,2019-01-19,63.4
-84.4088483403684,42.283646764745,1995-01-05,99.0
-84.4088483403684,42.283646764745,1988-10-24,151
-84.4088483403684,42.283646764745,1997-10-22,62.0
-84.4088483403684,42.283646764745,2004-12-13,236
-84.4088483403684,42.283646764745,1981-09-12,94.0
-84.4088483403684,42.283646764745,2022-05-06,333
-84.4088483403684,42.283646764745,1999-05-27,108
-84.4088483403684,42.283646764745,2017-12-30,87.5
-84.4088483403684,42.283646764745,2019-02-04,123
-84.4088483403684,42.283646764745,1994-12-06,159
-84.4088483403684,42.283646764745,2012-05-10,113
-84.4088483403684,42.283646764745,2017-03-03,304
-84.4088483403684,42.283646764745,2022-05-21,202
-84.4088483403684,42.283646764745,1999-11-29,59.0
-84.4088483403684,42.283646764745,2017-10-06,49.7
-84.4088483403684,42.283646764745,2009-06-22,347
-84.4088483403684,42.283646764745,2023-07-01,55.7
-84.4088483403684,42.283646764745,2023-07-17,72.7
-84.4088483403684,42.283646764745,2020-07-02,103
-84.4088483403684,42.283646764745,2007-09-14,69.4
-84.4088483403684,42.283646764745,2013-09-27,53.0
-84.4088483403684,42.283646764745,1996-03-09,154
-84.4088483403684,42.283646764745,2000-09-22,109
-84.4088483403684,42.283646764745,2001-07-11,63.0
-84.4088483403684,42.283646764745,1987-09-25,73.0
-84.4088483403684,42.283646764745,2018-04-18,304
-84.4088483403684,42.283646764745,2015-05-07,141
-84.4088483403684,42.283646764745,2023-01-04,164
-84.4088483403684,42.283646764745,1998-06-17,251
-84.4088483403684,42.283646764745,2022-02-17,335
-84.4088483403684,42.283646764745,2018-05-27,258
-84.4088483403684,42.283646764745,2022-09-01,71.0
-84.4088483403684,42.283646764745,2008-07-18,116
-84.4088483403684,42.283646764745,2000-01-24,63.0
-84.4088483403684,42.283646764745,1983-07-21,90.0
-84.4088483403684,42.283646764745,2008-01-21,290
-84.4088483403684,42.283646764745,2024-10-20,82.1
-84.4088483403684,42.283646764745,2009-08-01,74.1
-84.4088483403684,42.283646764745,1984-08-06,41.0
-84.4088483403684,42.283646764745,1994-05-21,113
-84.4088483403684,42.283646764745,2007-02-06,123
-84.4088483403684,42.283646764745,1994-04-27,189
-84.4088483403684,42.283646764745,1995-09-08,103
-84.4088483403684,42.283646764745,1999-12-20,103
-84.4088483403684,42.283646764745,2013-12-18,66.5
-84.4088483403684,42.283646764745,1989-08-28,77.0
-84.4088483403684,42.283646764745,1988-04-03,213
-84.4088483403684,42.283646764745,2004-07-10,89.0
-84.4088483403684,42.283646764745,1997-02-28,484
-84.4088483403684,42.283646764745,1988-10-16,65.0
-84.4088483403684,42.283646764745,1984-01-26,140
-84.4088483403684,42.283646764745,2012-07-05,46.5
-84.4088483403684,42.283646764745,2023-01-29,110
-84.4088483403684,42.283646764745,1991-03-28,196
-84.4088483403684,42.283646764745,1998-04-26,338
-84.4088483403684,42.283646764745,2020-05-11,137
-84.4088483403684,42.283646764745,1982-03-22,577
-84.4088483403684,42.283646764745,2010-11-10,59.8
-84.4088483403684,42.283646764745,1988-01-08,99.0
-84.4088483403684,42.283646764745,1981-11-26,192
-84.4088483403684,42.283646764745,2006-10-08,136
-84.4088483403684,42.283646764745,1982-06-27,93.0
-84.4088483403684,42.283646764745,1999-12-15,97.0
-84.4088483403684,42.283646764745,2015-01-01,75.9
-84.4088483403684,42.283646764745,2004-06-28,99.0
-84.4088483403684,42.283646764745,1999-11-15,50.0
-84.4088483403684,42.283646764745,2008-07-07,214
-84.4088483403684,42.283646764745,2012-04-20,133
-84.4088483403684,42.283646764745,2006-05-11,300
-84.4088483403684,42.283646764745,1998-10-22,70.0
-84.4088483403684,42.283646764745,1988-09-22,111
-84.4088483403684,42.283646764745,1999-04-07,164
-84.4088483403684,42.283646764745,1980-10-27,76.0
-84.4088483403684,42.283646764745,2024-03-09,182
-84.4088483403684,42.283646764745,1980-12-17,131
-84.4088483403684,42.283646764745,2014-01-31,82.3
-84.4088483403684,42.283646764745,2014-04-22,135
-84.4088483403684,42.283646764745,2010-08-27,68.3
-84.4088483403684,42.283646764745,1980-08-09,145
-84.4088483403684,42.283646764745,1979-02-08,60.0
-84.4088483403684,42.283646764745,2017-11-03,80.8
-84.4088483403684,42.283646764745,1992-01-24,139
-84.4088483403684,42.283646764745,2018-05-16,506
-84.4088483403684,42.283646764745,2002-05-03,142
-84.4088483403684,42.283646764745,1989-06-19,246
-84.4088483403684,42.283646764745,2015-07-04,235
-84.4088483403684,42.283646764745,2000-09-11,111
-84.4088483403684,42.283646764745,1990-12-02,182
-84.4088483403684,42.283646764745,1994-09-04,62.0
-84.4088483403684,42.283646764745,1989-12-07,94.0
-84.4088483403684,42.283646764745,2015-12-29,158
-84.4088483403684,42.283646764745,2009-05-29,337
-84.4088483403684,42.283646764745,2005-06-26,49.8
-84.4088483403684,42.283646764745,1989-04-11,288
-84.4088483403684,42.283646764745,2026-06-26,71.1
-84.4088483403684,42.283646764745,1992-03-01,173
-84.4088483403684,42.283646764745,1987-10-25,69.0
-84.4088483403684,42.283646764745,1980-07-12,66.0
-84.4088483403684,42.283646764745,1992-02-17,127
-84.4088483403684,42.283646764745,2018-04-02,173
-84.4088483403684,42.283646764745,2013-10-22,57.2
-84.4088483403684,42.283646764745,1990-05-31,188
-84.4088483403684,42.283646764745,2023-12-08,145
-84.4088483403684,42.283646764745,1990-03-06,313
-84.4088483403684,42.283646764745,1985-06-09,150
-84.4088483403684,42.283646764745,2022-07-19,88.8
-84.4088483403684,42.283646764745,1986-11-18,73.0
-84.4088483403684,42.283646764745,1987-02-04,91.0
-84.4088483403684,42.283646764745,2024-04-29,169
-84.4088483403684,42.283646764745,1990-11-05,246
-84.4088483403684,42.283646764745,2009-04-01,322
-84.4088483403684,42.283646764745,1991-01-03,322
-84.4088483403684,42.283646764745,2002-04-04,228
-84.4088483403684,42.283646764745,1997-09-20,170
-84.4088483403684,42.283646764745,1992-03-18,157
-84.4088483403684,42.283646764745,2015-06-23,453
-84.4088483403684,42.283646764745,2021-12-16,286
-84.4088483403684,42.283646764745,1989-10-22,105
-84.4088483403684,42.283646764745,1993-03-07,187
-84.4088483403684,42.283646764745,1984-02-17,341
-84.4088483403684,42.283646764745,2025-06-12,164
-84.4088483403684,42.283646764745,2001-12-04,259
-84.4088483403684,42.283646764745,2013-06-22,78.2
-84.4088483403684,42.283646764745,1998-11-17,89.0
-84.4088483403684,42.283646764745,2013-08-03,54.0
-84.4088483403684,42.283646764745,2025-03-06,241
-84.4088483403684,42.283646764745,1979-12-07,85.0
-84.4088483403684,42.283646764745,1998-01-06,262
-84.4088483403684,42.283646764745,2007-10-27,74.0
-84.4088483403684,42.283646764745,2016-02-23,88.4
-84.4088483403684,42.283646764745,1988-02-11,129
-84.4088483403684,42.283646764745,2017-11-02,101
-84.4088483403684,42.283646764745,2017-02-17,236
-84.4088483403684,42.283646764745,1980-03-14,141
-84.4088483403684,42.283646764745,2016-06-03,61.3
-84.4088483403684,42.283646764745,2000-02-21,76.0
-84.4088483403684,42.283646764745,2012-12-31,50.4
-84.4088483403684,42.283646764745,2009-03-17,489
-84.4088483403684,42.283646764745,2020-03-17,138
-84.4088483403684,42.283646764745,2019-07-25,80.3
-84.4088483403684,42.283646764745,2003-12-17,120
-84.4088483403684,42.283646764745,2021-02-17,68.0
-84.4088483403684,42.283646764745,2013-03-05,101
-84.4088483403684,42.283646764745,2011-01-09,152
-84.4088483403684,42.283646764745,2018-08-28,49.1
-84.4088483403684,42.283646764745,1991-08-28,69.0
-84.4088483403684,42.283646764745,1986-08-16,49.0
-84.4088483403684,42.283646764745,2005-04-18,105
-84.4088483403684,42.283646764745,2009-05-23,413
-84.4088483403684,42.283646764745,1993-01-23,326
-84.4088483403684,42.283646764745,1984-05-05,166
-84.4088483403684,42.283646764745,1992-01-16,130
-84.4088483403684,42.283646764745,2000-02-25,152
-84.4088483403684,42.283646764745,2008-09-01,41.8
-84.4088483403684,42.283646764745,2016-07-17,37.8
-84.4088483403684,42.283646764745,1986-08-13,66.0
-84.4088483403684,42.283646764745,1979-04-30,183
-84.4088483403684,42.283646764745,1991-11-26,158
-84.4088483403684,42.283646764745,1988-05-09,92.0
-84.4088483403684,42.283646764745,1990-01-18,138
-84.4088483403684,42.283646764745,1979-12-08,77.0
-84.4088483403684,42.283646764745,1999-12-02,60.0
-84.4088483403684,42.283646764745,2010-04-04,137
-84.4088483403684,42.283646764745,2016-02-05,99.9
-84.4088483403684,42.283646764745,1983-02-04,167
-84.4088483403684,42.283646764745,2003-12-05,75.3
-84.4088483403684,42.283646764745,2025-05-31,122
-84.4088483403684,42.283646764745,1992-03-06,147
-84.4088483403684,42.283646764745,2000-03-22,147
-84.4088483403684,42.283646764745,2022-08-14,85.7
-84.4088483403684,42.283646764745,1988-02-12,123
-84.4088483403684,42.283646764745,2024-11-25,109
-84.4088483403684,42.283646764745,2026-01-10,148
-84.4088483403684,42.283646764745,2004-10-01,50.0
-84.4088483403684,42.283646764745,2016-08-07,31.7
-84.4088483403684,42.283646764745,2008-05-07,123
-84.4088483403684,42.283646764745,1994-03-16,217
-84.4088483403684,42.283646764745,1979-08-07,184
-84.4088483403684,42.283646764745,1989-05-13,116
-84.4088483403684,42.283646764745,2014-04-12,384
-84.4088483403684,42.283646764745,1998-09-29,55.0
-84.4088483403684,42.283646764745,1997-07-08,83.0
-84.4088483403684,42.283646764745,1997-12-27,176
-84.4088483403684,42.283646764745,2015-05-10,189
-84.4088483403684,42.283646764745,1988-08-29,38.0
-84.4088483403684,42.283646764745,2018-04-28,186
-84.4088483403684,42.283646764745,2016-03-21,151
-84.4088483403684,42.283646764745,2022-10-02,57.7
-84.4088483403684,42.283646764745,2026-09-22,139
-84.4088483403684,42.283646764745,2018-07-31,39.5
-84.4088483403684,42.283646764745,2017-10-28,119
-84.4088483403684,42.283646764745,2019-04-20,290
-84.4088483403684,42.283646764745,2014-03-22,417
-84.4088483403684,42.283646764745,2022-05-12,230
-84.4088483403684,42.283646764745,2020-08-30,56.9
-84.4088483403684,42.283646764745,2000-10-16,114
-84.4088483403684,42.283646764745,1992-02-12,98.0
-84.4088483403684,42.283646764745,2023-02-10,154
-84.4088483403684,42.283646764745,2011-11-28,196
-84.4088483403684,42.283646764745,1987-12-08,161
-84.4088483403684,42.283646764745,2016-06-27,43.5
-84.4088483403684,42.283646764745,1982-09-14,82.0
-84.4088483403684,42.283646764745,2014-02-03,73.2
-84.4088483403684,42.283646764745,2026-01-14,134
-84.4088483403684,42.283646764745,1989-01-18,159
-84.4088483403684,42.283646764745,1979-09-28,40.0
-84.4088483403684,42.283646764745,2007-02-18,141
-84.4088483403684,42.283646764745,2026-05-13,133
-84.4088483403684,42.283646764745,1987-10-21,65.0
-84.4088483403684,42.283646764745,1995-03-09,240
-84.4088483403684,42.283646764745,2020-06-16,126
-84.4088483403684,42.283646764745,2008-11-30,104
-84.4088483403684,42.283646764745,1987-04-20,140
-84.4088483403684,42.283646764745,2017-07-20,56.0
-84.4088483403684,42.283646764745,1983-06-23,71.0
-84.4088483403684,42.283646764745,1993-09-20,130
-84.4088483403684,42.283646764745,2017-12-17,84.4
-84.4088483403684,42.283646764745,2012-01-15,198
-84.4088483403684,42.283646764745,1997-01-28,156
-84.4088483403684,42.283646764745,1994-07-12,118
-84.4088483403684,42.283646764745,2025-10-13,41.6
-84.4088483403684,42.283646764745,2016-07-06,40.1
-84.4088483403684,42.283646764745,2022-07-29,74.4
-84.4088483403684,42.283646764745,1990-10-21,286
-84.4088483403684,42.283646764745,1982-06-28,150
-84.4088483403684,42.283646764745,1982-09-10,42.0
-84.4088483403684,42.283646764745,1989-05-18,148
-84.4088483403684,42.283646764745,1991-11-12,87.0
-84.4088483403684,42.283646764745,2025-05-07,370
-84.4088483403684,42.283646764745,2020-07-10,130
-84.4088483403684,42.283646764745,2020-02-15,182
-84.4088483403684,42.283646764745,2004-07-21,119
-84.4088483403684,42.283646764745,2019-09-15,75.9
-84.4088483403684,42.283646764745,2015-01-27,72.1
-84.4088483403684,42.283646764745,2011-06-27,99.6
-84.4088483403684,42.283646764745,2019-02-14,123
-84.4088483403684,42.283646764745,1982-07-08,138
-84.4088483403684,42.283646764745,2018-03-27,145
-84.4088483403684,42.283646764745,2026-08-12,76.8
-84.4088483403684,42.283646764745,2025-01-08,138
-84.4088483403684,42.283646764745,1979-03-22,210
-84.4088483403684,42.283646764745,1985-08-28,50.0
-84.4088483403684,42.283646764745,2019-11-30,202
-84.4088483403684,42.283646764745,2000-12-20,126
-84.4088483403684,42.283646764745,1992-03-15,157
-84.4088483403684,42.283646764745,2019-07-12,80.8
-84.4088483403684,42.283646764745,2018-11-26,98.0
-84.4088483403684,42.283646764745,2018-10-05,93.7
-84.4088483403684,42.283646764745,1982-02-21,94.0
-84.4088483403684,42.283646764745,2022-05-11,254
-84.4088483403684,42.283646764745,2025-07-08,69.1
-84.4088483403684,42.283646764745,1987-10-12,57.0
-84.4088483403684,42.283646764745,2017-10-27,122
-84.4088483403684,42.283646764745,2017-03-08,287
-84.4088483403684,42.283646764745,1988-08-03,35.0
-84.4088483403684,42.283646764745,1993-09-30,264
-84.4088483403684,42.283646764745,1980-03-23,307
-84.4088483403684,42.283646764745,1990-04-15,230
-84.4088483403684,42.283646764745,2020-08-09,63.6
-84.4088483403684,42.283646764745,1986-06-16,134
-84.4088483403684,42.283646764745,1984-02-06,141
-84.4088483403684,42.283646764745,2017-12-04,86.0
-84.4088483403684,42.283646764745,1990-05-02,172
-84.4088483403684,42.283646764745,1984-07-17,46.0
-84.4088483403684,42.283646764745,2002-01-03,109
-84.4088483403684,42.283646764745,1995-08-20,238
-84.4088483403684,42.283646764745,2006-07-04,253
-84.4088483403684,42.283646764745,1984-07-14,46.0
-84.4088483403684,42.283646764745,2013-08-05,53.4
-84.4088483403684,42.283646764745,2005-11-28,165
-84.4088483403684,42.283646764745,1985-12-06,195
-84.4088483403684,42.283646764745,1986-02-17,128
-84.4088483403684,42.283646764745,1999-10-30,48.0
-84.4088483403684,42.283646764745,1998-11-22,76.0
-84.4088483403684,42.283646764745,1993-12-27,147
-84.4088483403684,42.283646764745,2010-07-26,338
-84.4088483403684,42.283646764745,2000-11-29,123
-84.4088483403684,42.283646764745,1987-06-24,53.0
-84.4088483403684,42.283646764745,2024-01-28,479
-84.4088483403684,42.283646764745,2019-01-04,202
-84.4088483403684,42.283646764745,1979-07-07,55.0
-84.4088483403684,42.283646764745,1993-07-29,147
-84.4088483403684,42.283646764745,2007-05-02,249
-84.4088483403684,42.283646764745,1988-07-10,33.0
-84.4088483403684,42.283646764745,1982-02-08,82.0
-84.4088483403684,42.283646764745,2005-07-01,71.1
-84.4088483403684,42.283646764745,1980-02-09,58.0
-84.4088483403684,42.283646764745,1983-12-21,202
-84.4088483403684,42.283646764745,2022-06-27,93.3
-84.4088483403684,42.283646764745,2022-11-06,89.9
-84.4088483403684,42.283646764745,1998-04-09,349
-84.4088483403684,42.283646764745,2021-10-27,405
-84.4088483403684,42.283646764745,2014-10-11,125
-84.4088483403684,42.283646764745,1987-05-06,88.0
-84.4088483403684,42.283646764745,2001-09-06,50.0
-84.4088483403684,42.283646764745,2010-03-07,137
-84.4088483403684,42.283646764745,1996-02-28,298
-84.4088483403684,42.283646764745,1990-02-08,199
-84.4088483403684,42.283646764745,2019-11-23,178
-84.4088483403684,42.283646764745,1988-11-18,295
-84.4088483403684,42.283646764745,1999-10-12,49.0
-84.4088483403684,42.283646764745,2025-05-03,127
-84.4088483403684,42.283646764745,1988-03-25,171
-84.4088483403684,42.283646764745,2019-02-11,203
-84.4088483403684,42.283646764745,2003-05-28,87.7
-84.4088483403684,42.283646764745,1983-09-09,52.0
-84.4088483403684,42.283646764745,2004-11-01,81.1
-84.4088483403684,42.283646764745,1989-03-19,190
-84.4088483403684,42.283646764745,1992-12-13,232
-84.4088483403684,42.283646764745,1987-08-31,79.0
-84.4088483403684,42.283646764745,1982-03-15,420
-84.4088483403684,42.283646764745,1988-02-09,150
-84.4088483403684,42.283646764745,2021-03-21,63.0
-84.4088483403684,42.283646764745,2013-01-31,173
-84.4088483403684,42.283646764745,2020-04-19,228
-84.4088483403684,42.283646764745,2011-01-08,157
-84.4088483403684,42.283646764745,2022-11-01,103
-84.4088483403684,42.283646764745,1981-03-31,178
-84.4088483403684,42.283646764745,2007-08-08,76.2
-84.4088483403684,42.283646764745,1986-07-12,128
-84.4088483403684,42.283646764745,2017-08-16,40.5
-84.4088483403684,42.283646764745,2009-08-03,69.8
-84.4088483403684,42.283646764745,2018-04-19,301
-84.4088483403684,42.283646764745,1991-01-08,326
-84.4088483403684,42.283646764745,2022-10-14,50.5
-84.4088483403684,42.283646764745,1989-11-13,101
-84.4088483403684,42.283646764745,2003-04-19,213
-84.4088483403684,42.283646764745,2007-02-22,146
-84.4088483403684,42.283646764745,2022-08-03,104
-84.4088483403684,42.283646764745,2012-02-05,331
-84.4088483403684,42.283646764745,1979-07-06,63.0
-84.4088483403684,42.283646764745,1998-12-09,105
-84.4088483403684,42.283646764745,1999-03-22,205
-84.4088483403684,42.283646764745,2011-06-21,133
-84.4088483403684,42.283646764745,1980-02-15,52.0
-84.4088483403684,42.283646764745,1991-02-25,246
-84.4088483403684,42.283646764745,2009-11-29,203
-84.4088483403684,42.283646764745,2009-03-15,549
-84.4088483403684,42.283646764745,1981-08-14,90.0
-84.4088483403684,42.283646764745,2025-12-20,92.1
-84.4088483403684,42.283646764745,2017-01-22,372
-84.4088483403684,42.283646764745,1998-08-26,73.0
-84.4088483403684,42.283646764745,2000-02-08,65.0
-84.4088483403684,42.283646764745,2013-08-08,58.5
-84.4088483403684,42.283646764745,2015-07-17,272
-84.4088483403684,42.283646764745,1981-03-16,118
-84.4088483403684,42.283646764745,1987-11-08,53.0
-84.4088483403684,42.283646764745,2007-09-23,54.3
-84.4088483403684,42.283646764745,1993-10-27,225
-84.4088483403684,42.283646764745,2013-03-16,280
-84.4088483403684,42.283646764745,2014-07-19,129
-84.4088483403684,42.283646764745,2007-03-29,336
-84.4088483403684,42.283646764745,2001-09-13,100
-84.4088483403684,42.283646764745,2020-03-27,204
-84.4088483403684,42.283646764745,2019-10-18,87.2
-84.4088483403684,42.283646764745,2006-11-23,233
-84.4088483403684,42.283646764745,1984-09-22,36.0
-84.4088483403684,42.283646764745,2002-10-08,45.2
-84.4088483403684,42.283646764745,1986-09-15,50.0
-84.4088483403684,42.283646764745,1984-03-02,98.0
-84.4088483403684,42.283646764745,1985-09-30,68.0
-84.4088483403684,42.283646764745,2004-08-15,72.5
-84.4088483403684,42.283646764745,2010-09-30,61.7
-84.4088483403684,42.283646764745,2009-07-06,120
-84.4088483403684,42.283646764745,2018-07-20,47.2
-84.4088483403684,42.283646764745,1986-04-16,189
-84.4088483403684,42.283646764745,1982-09-18,135
-84.4088483403684,42.283646764745,2005-06-08,55.9
-84.4088483403684,42.283646764745,2021-05-28,142
-84.4088483403684,42.283646764745,1981-10-03,269
-84.4088483403684,42.283646764745,2002-08-14,76.0
-84.4088483403684,42.283646764745,1983-06-01,218
-84.4088483403684,42.283646764745,1996-12-28,146
-84.4088483403684,42.283646764745,2010-05-21,297
-84.4088483403684,42.283646764745,2003-09-08,43.7
-84.4088483403684,42.283646764745,1982-02-11,140
-84.4088483403684,42.283646764745,2002-10-23,48.0
-84.4088483403684,42.283646764745,1988-07-01,35.0
-84.4088483403684,42.283646764745,1979-01-08,75.0
-84.4088483403684,42.283646764745,1992-02-01,127
-84.4088483403684,42.283646764745,2019-12-01,232
-84.4088483403684,42.283646764745,1996-01-20,212
-84.4088483403684,42.283646764745,2005-04-10,153
-84.4088483403684,42.283646764745,2010-09-25,115
-84.4088483403684,42.283646764745,1988-04-18,198
-84.4088483403684,42.283646764745,2002-07-08,51.0
-84.4088483403684,42.283646764745,2012-05-22,72.6
-84.4088483403684,42.283646764745,2002-03-01,238
-84.4088483403684,42.283646764745,2001-01-09,107
-84.4088483403684,42.283646764745,1979-02-15,135
-84.4088483403684,42.283646764745,1999-02-26,93.0
-84.4088483403684,42.283646764745,1992-03-22,157
-84.4088483403684,42.283646764745,2007-06-03,246
-84.4088483403684,42.283646764745,2012-02-18,183
-84.4088483403684,42.283646764745,1999-02-27,94.0
-84.4088483403684,42.283646764745,1990-09-25,103
-84.4088483403684,42.283646764745,1983-07-08,159
-84.4088483403684,42.283646764745,1987-03-18,158
-84.4088483403684,42.283646764745,2018-04-15,257
-84.4088483403684,42.283646764745,2001-03-09,252
-84.4088483403684,42.283646764745,1996-03-14,153
-84.4088483403684,42.283646764745,2011-09-30,116
-84.4088483403684,42.283646764745,2026-07-29,54.9
-84.4088483403684,42.283646764745,2010-05-30,251
-84.4088483403684,42.283646764745,2001-08-02,65.0
-84.4088483403684,42.283646764745,1980-07-05,72.0
-84.4088483403684,42.283646764745,2013-12-10,63.4
-84.4088483403684,42.283646764745,1994-10-12,100
-84.4088483403684,42.283646764745,2001-05-24,208
-84.4088483403684,42.283646764745,1992-08-04,249
-84.4088483403684,42.283646764745,1990-07-22,94.0
-84.4088483403684,42.283646764745,2023-02-01,97.4
-84.4088483403684,42.283646764745,1998-11-23,80.0
-84.4088483403684,42.283646764745,2017-09-30,26.0
-84.4088483403684,42.283646764745,2024-09-05,73.9
-84.4088483403684,42.283646764745,2012-08-10,103
-84.4088483403684,42.283646764745,2010-06-28,424
-84.4088483403684,42.283646764745,2020-08-23,51.8
-84.4088483403684,42.283646764745,2017-08-15,62.3
-84.4088483403684,42.283646764745,1989-03-11,123
-84.4088483403684,42.283646764745,1979-07-18,50.0
-84.4088483403684,42.283646764745,2017-06-25,57.6
-84.4088483403684,42.283646764745,2024-10-16,88.7
-84.4088483403684,42.283646764745,1989-08-06,144
-84.4088483403684,42.283646764745,1994-04-03,205
-84.4088483403684,42.283646764745,2001-02-09,367
-84.4088483403684,42.283646764745,1991-08-06,56.0
-84.4088483403684,42.283646764745,2016-03-14,171
-84.4088483403684,42.283646764745,2021-08-12,411
-84.4088483403684,42.283646764745,2019-06-01,190
-84.4088483403684,42.283646764745,1987-05-12,78.0
-84.4088483403684,42.283646764745,2026-05-30,105
-84.4088483403684,42.283646764745,2020-07-03,98.1
-84.4088483403684,42.283646764745,2002-12-06,59.3
-84.4088483403684,42.283646764745,1995-01-02,159
-84.4088483403684,42.283646764745,1986-03-31,259
-84.4088483403684,42.283646764745,1986-10-18,167
-84.4088483403684,42.283646764745,2011-01-06,185
-84.4088483403684,42.283646764745,1991-07-23,70.0
-84.4088483403684,42.283646764745,2021-01-21,78.2
-84.4088483403684,42.283646764745,2001-09-05,53.0
-84.4088483403684,42.283646764745,2013-12-21,123
-84.4088483403684,42.283646764745,1988-12-09,157
-84.4088483403684,42.283646764745,2013-12-14,60.0
-84.4088483403684,42.283646764745,2017-06-20,63.3
-84.4088483403684,42.283646764745,2011-12-08,518
-84.4088483403684,42.283646764745,1985-10-06,54.0
-84.4088483403684,42.283646764745,1979-06-14,50.0
-84.4088483403684,42.283646764745,1981-08-20,111
-84.4088483403684,42.283646764745,1996-05-12,275
-84.4088483403684,42.283646764745,2015-01-18,84.6
-84.4088483403684,42.283646764745,2014-12-22,69.6
-84.4088483403684,42.283646764745,1983-12-26,95.0
-84.4088483403684,42.283646764745,1999-07-17,70.0
-84.4088483403684,42.283646764745,1998-02-24,351
-84.4088483403684,42.283646764745,2026-09-05,237
-84.4088483403684,42.283646764745,2016-09-07,39.9
-84.4088483403684,42.283646764745,2012-11-16,53.2
-84.4088483403684,42.283646764745,2021-04-29,78.2
-84.4088483403684,42.283646764745,1983-04-04,243
-84.4088483403684,42.283646764745,2024-02-19,135
-84.4088483403684,42.283646764745,1997-09-15,82.0
-84.4088483403684,42.283646764745,2025-11-01,59.5
-84.4088483403684,42.283646764745,2009-05-10,195
-84.4088483403684,42.283646764745,1982-08-14,56.0
-84.4088483403684,42.283646764745,2005-01-02,163
-84.4088483403684,42.283646764745,2008-02-08,419
-84.4088483403684,42.283646764745,2003-11-20,98.7
-84.4088483403684,42.283646764745,2014-04-30,184
-84.4088483403684,42.283646764745,2009-05-01,400
-84.4088483403684,42.283646764745,1998-09-12,56.0
-84.4088483403684,42.283646764745,2020-04-30,279
-84.4088483403684,42.283646764745,1989-12-29,79.0
-84.4088483403684,42.283646764745,1983-02-03,167
-84.4088483403684,42.283646764745,1999-12-29,60.0
-84.4088483403684,42.283646764745,2006-08-18,61.8
-84.4088483403684,42.283646764745,1998-02-13,215
-84.4088483403684,42.283646764745,2010-11-17,76.0
-84.4088483403684,42.283646764745,1998-11-04,70.0
-84.4088483403684,42.283646764745,2019-04-12,137
-84.4088483403684,42.283646764745,1984-10-25,120
-84.4088483403684,42.283646764745,1997-02-05,161
-84.4088483403684,42.283646764745,1995-07-24,77.0
-84.4088483403684,42.283646764745,2022-08-13,86.0
-84.4088483403684,42.283646764745,2000-08-11,161
-84.4088483403684,42.283646764745,2020-01-29,239
-84.4088483403684,42.283646764745,1980-10-11,73.0
-84.4088483403684,42.283646764745,1989-07-25,146
-84.4088483403684,42.283646764745,2000-08-13,131
-84.4088483403684,42.283646764745,2004-07-25,89.1
-84.4088483403684,42.283646764745,2021-09-18,41.6
-84.4088483403684,42.283646764745,2019-09-16,76.7
-84.4088483403684,42.283646764745,2008-02-03,209
-84.4088483403684,42.283646764745,2018-11-18,129
-84.4088483403684,42.283646764745,2017-11-25,174
-84.4088483403684,42.283646764745,2009-02-25,208
-84.4088483403684,42.283646764745,2003-10-27,67.9
-84.4088483403684,42.283646764745,2012-12-04,184
-84.4088483403684,42.283646764745,1984-04-27,234
-84.4088483403684,42.283646764745,1980-08-23,162
-84.4088483403684,42.283646764745,2000-06-22,230
-84.4088483403684,42.283646764745,2009-03-18,472
-84.4088483403684,42.283646764745,2007-02-25,113
-84.4088483403684,42.283646764745,1979-04-18,196
-84.4088483403684,42.283646764745,1995-05-24,161
-84.4088483403684,42.283646764745,1994-01-21,115
-84.4088483403684,42.283646764745,2002-08-30,53.0
-84.4088483403684,42.283646764745,1998-05-07,372
-84.4088483403684,42.283646764745,2023-10-28,105
-84.4088483403684,42.283646764745,1987-06-02,130
-84.4088483403684,42.283646764745,2006-07-19,173
-84.4088483403684,42.283646764745,1991-07-21,54.0
-84.4088483403684,42.283646764745,2009-05-26,354
-84.4088483403684,42.283646764745,2010-05-16,340
-84.4088483403684,42.283646764745,2022-03-02,262
-84.4088483403684,42.283646764745,2025-08-17,56.5
-84.4088483403684,42.283646764745,2006-06-28,304
-84.4088483403684,42.283646764745,1988-04-23,157
-84.4088483403684,42.283646764745,2022-12-08,67.9
-84.4088483403684,42.283646764745,2006-12-23,269
-84.4088483403684,42.283646764745,1988-10-04,122
-84.4088483403684,42.283646764745,2002-12-12,57.2
-84.4088483403684,42.283646764745,1998-08-05,71.0
-84.4088483403684,42.283646764745,2009-05-13,171
-84.4088483403684,42.283646764745,1981-02-16,179
-84.4088483403684,42.283646764745,1979-06-15,51.0
-84.4088483403684,42.283646764745,2012-10-26,72.6
-84.4088483403684,42.283646764745,2010-02-17,97.5
-84.4088483403684,42.283646764745,1987-04-07,193
-84.4088483403684,42.283646764745,2009-12-05,116
-84.4088483403684,42.283646764745,1999-01-16,77.0
-84.4088483403684,42.283646764745,1986-11-28,165
-84.4088483403684,42.283646764745,2006-11-28,143
-84.4088483403684,42.283646764745,2024-05-04,163
-84.4088483403684,42.283646764745,2012-06-03,61.6
-84.4088483403684,42.283646764745,1987-11-12,54.0
-84.4088483403684,42.283646764745,1993-09-28,255
-84.4088483403684,42.283646764745,1992-05-25,100
-84.4088483403684,42.283646764745,1998-04-11,291
-84.4088483403684,42.283646764745,1986-10-11,240
-84.4088483403684,42.283646764745,2021-05-01,66.3
-84.4088483403684,42.283646764745,1987-12-31,186
-84.4088483403684,42.283646764745,2025-11-12,66.6
-84.4088483403684,42.283646764745,1999-05-13,102
-84.4088483403684,42.283646764745,2020-01-07,283
-84.4088483403684,42.283646764745,1999-07-03,134
-84.4088483403684,42.283646764745,2013-11-24,85.9
-84.4088483403684,42.283646764745,1992-01-18,150
-84.4088483403684,42.283646764745,1993-01-10,460
-84.4088483403684,42.283646764745,1982-06-16,103
-84.4088483403684,42.283646764745,1992-12-01,273
-84.4088483403684,42.283646764745,2017-05-17,179
-84.4088483403684,42.283646764745,2024-02-11,233
-84.4088483403684,42.283646764745,2023-09-30,67.2
-84.4088483403684,42.283646764745,1998-08-29,68.0
-84.4088483403684,42.283646764745,2026-05-23,161
-84.4088483403684,42.283646764745,2017-04-03,257
-84.4088483403684,42.283646764745,2013-03-24,195
-84.4088483403684,42.283646764745,2013-06-25,119
-84.4088483403684,42.283646764745,2020-07-20,87.1
-84.4088483403684,42.283646764745,1980-05-26,82.0
-84.4088483403684,42.283646764745,2021-03-25,62.5
-84.4088483403684,42.283646764745,1994-09-29,64.0
-84.4088483403684,42.283646764745,2003-09-07,42.4
-84.4088483403684,42.283646764745,1981-12-16,89.0
-84.4088483403684,42.283646764745,1980-11-26,130
-84.4088483403684,42.283646764745,2008-07-10,203
-84.4088483403684,42.283646764745,1993-12-12,154
-84.4088483403684,42.283646764745,1996-02-19,92.0
-84.4088483403684,42.283646764745,1982-04-05,450
-84.4088483403684,42.283646764745,1993-03-16,258
-84.4088483403684,42.283646764745,1982-02-27,110
-84.4088483403684,42.283646764745,2006-08-16,64.6
-84.4088483403684,42.283646764745,2023-12-17,104
-84.4088483403684,42.283646764745,2015-12-15,64.7
-84.4088483403684,42.283646764745,1989-05-20,152
-84.4088483403684,42.283646764745,2022-05-19,194
-84.4088483403684,42.283646764745,2026-04-12,233
-84.4088483403684,42.283646764745,1999-12-23,134
-84.4088483403684,42.283646764745,2008-03-10,331
-84.4088483403684,42.283646764745,2004-11-18,105
-84.4088483403684,42.283646764745,1983-10-16,124
-84.4088483403684,42.283646764745,2016-06-20,50.1
-84.4088483403684,42.283646764745,1981-07-09,141
-84.4088483403684,42.283646764745,1985-06-26,63.0
-84.4088483403684,42.283646764745,1988-04-14,254
-84.4088483403684,42.283646764745,1996-11-04,107
-84.4088483403684,42.283646764745,2002-10-11,42.6
-84.4088483403684,42.283646764745,2011-12-31,337
-84.4088483403684,42.283646764745,1989-11-14,123
-84.4088483403684,42.283646764745,2006-05-30,135
-84.4088483403684,42.283646764745,2005-08-27,75.5
-84.4088483403684,42.283646764745,2002-04-11,255
-84.4088483403684,42.283646764745,1990-02-26,372
-84.4088483403684,42.283646764745,1987-11-18,56.0
-84.4088483403684,42.283646764745,1992-10-09,119
-84.4088483403684,42.283646764745,1998-01-21,238
-84.4088483403684,42.283646764745,2015-06-25,364
-84.4088483403684,42.283646764745,1991-09-09,74.0
-84.4088483403684,42.283646764745,2023-10-22,115
-84.4088483403684,42.283646764745,2017-04-02,300
-84.4088483403684,42.283646764745,2019-06-14,275
-84.4088483403684,42.283646764745,2010-08-29,63.3
-84.4088483403684,42.283646764745,1986-07-18,156
-84.4088483403684,42.283646764745,1998-01-03,98.0
-84.4088483403684,42.283646764745,1998-08-12,103
-84.4088483403684,42.283646764745,2013-02-01,150
-84.4088483403684,42.283646764745,1982-12-08,206
-84.4088483403684,42.283646764745,2020-11-23,73.0
-84.4088483403684,42.283646764745,2023-05-20,84.4
-84.4088483403684,42.283646764745,2010-10-15,55.3
-84.4088483403684,42.283646764745,2024-03-19,165
-84.4088483403684,42.283646764745,2017-01-01,95.9
-84.4088483403684,42.283646764745,1987-06-21,80.0
-84.4088483403684,42.283646764745,2016-08-22,59.4
-84.4088483403684,42.283646764745,1992-01-14,158
-84.4088483403684,42.283646764745,2001-03-28,158
-84.4088483403684,42.283646764745,1984-07-01,47.0
-84.4088483403684,42.283646764745,2000-01-23,63.0
-84.4088483403684,42.283646764745,2010-07-24,219
-84.4088483403684,42.283646764745,2005-11-12,44.3
-84.4088483403684,42.283646764745,2012-07-24,33.9
-84.4088483403684,42.283646764745,2004-02-05,74.7
-84.4088483403684,42.283646764745,1986-10-27,101
-84.4088483403684,42.283646764745,1997-12-14,105
-84.4088483403684,42.283646764745,2000-08-24,116
-84.4088483403684,42.283646764745,1986-01-13,129
-84.4088483403684,42.283646764745,2005-04-22,93.4
-84.4088483403684,42.283646764745,2014-11-15,66.6
-84.4088483403684,42.283646764745,2023-03-28,232
-84.4088483403684,42.283646764745,2014-05-02,187
-84.4088483403684,42.283646764745,1993-06-07,162
-84.4088483403684,42.283646764745,1982-10-06,62.0
-84.4088483403684,42.283646764745,2021-01-03,105
-84.4088483403684,42.283646764745,2021-04-02,154
-84.4088483403684,42.283646764745,1990-08-19,138
-84.4088483403684,42.283646764745,1988-06-25,37.0
-84.4088483403684,42.283646764745,1983-12-23,119
-84.4088483403684,42.283646764745,2005-07-16,105
-84.4088483403684,42.283646764745,2023-02-24,173
-84.4088483403684,42.283646764745,1981-03-02,300
-84.4088483403684,42.283646764745,2024-09-02,78.7
-84.4088483403684,42.283646764745,2020-12-16,90.1
-84.4088483403684,42.283646764745,2016-02-04,103
-84.4088483403684,42.283646764745,2023-09-20,68.9
-84.4088483403684,42.283646764745,2023-06-23,48.3
-84.4088483403684,42.283646764745,1987-04-09,188
-84.4088483403684,42.283646764745,1993-08-02,109
-84.4088483403684,42.283646764745,1982-07-30,82.0
-84.4088483403684,42.283646764745,2012-04-19,136
-84.4088483403684,42.283646764745,1981-12-08,164
-84.4088483403684,42.283646764745,2010-07-16,188
-84.4088483403684,42.283646764745,2007-12-30,165
-84.4088483403684,42.283646764745,1983-11-09,72.0
-84.4088483403684,42.283646764745,1981-10-02,295
-84.4088483403684,42.283646764745,1980-07-28,72.0
-84.4088483403684,42.283646764745,1980-05-24,162
-84.4088483403684,42.283646764745,2025-03-17,215
-84.4088483403684,42.283646764745,2019-02-22,167
-84.4088483403684,42.283646764745,1991-02-24,246
-84.4088483403684,42.283646764745,1987-09-23,95.0
-84.4088483403684,42.283646764745,2026-04-13,225
-84.4088483403684,42.283646764745,1987-03-03,140
-84.4088483403684,42.283646764745,2016-10-26,106
-84.4088483403684,42.283646764745,2005-08-17,65.3
-84.4088483403684,42.283646764745,2003-09-27,114
-84.4088483403684,42.283646764745,2013-01-17,205
-84.4088483403684,42.283646764745,1995-10-30,130
-84.4088483403684,42.283646764745,2007-02-07,116
-84.4088483403684,42.283646764745,2026-02-17,97.2
-84.4088483403684,42.283646764745,1982-05-02,172
-84.4088483403684,42.283646764745,2019-02-24,197
-84.4088483403684,42.283646764745,2000-04-27,309
-84.4088483403684,42.283646764745,2016-08-08,31.8
-84.4088483403684,42.283646764745,2016-04-06,194
-84.4088483403684,42.283646764745,1999-05-21,144
-84.4088483403684,42.283646764745,2001-09-17,58.0
-84.4088483403684,42.283646764745,1991-02-07,193
-84.4088483403684,42.283646764745,2025-01-06,171
-84.4088483403684,42.283646764745,2003-09-15,53.7
-84.4088483403684,42.283646764745,1987-07-11,40.0
-84.4088483403684,42.283646764745,2019-06-30,129
-84.4088483403684,42.283646764745,1982-05-17,161
-84.4088483403684,42.283646764745,2016-02-22,87.9
-84.4088483403684,42.283646764745,1982-11-08,178
-84.4088483403684,42.283646764745,2002-07-06,47.0
-84.4088483403684,42.283646764745,1991-04-18,186
-84.4088483403684,42.283646764745,2009-12-11,137
-84.4088483403684,42.283646764745,1997-03-07,388
-84.4088483403684,42.283646764745,1991-11-16,115
-84.4088483403684,42.283646764745,1980-05-25,102
-84.4088483403684,42.283646764745,2023-11-01,95.9
-84.4088483403684,42.283646764745,1996-03-01,299
-84.4088483403684,42.283646764745,2000-09-08,60.0
-84.4088483403684,42.283646764745,1995-09-15,56.0
-84.4088483403684,42.283646764745,1998-12-26,69.0
-84.4088483403684,42.283646764745,1987-10-07,57.0
-84.4088483403684,42.283646764745,1983-08-20,111
-84.4088483403684,42.283646764745,2020-07-05,89.0
-84.4088483403684,42.283646764745,2008-09-09,91.6
-84.4088483403684,42.283646764745,2008-08-15,53.5
-84.4088483403684,42.283646764745,2021-02-12,66.9
-84.4088483403684,42.283646764745,2024-03-14,196
-84.4088483403684,42.283646764745,2016-05-15,206
-84.4088483403684,42.283646764745,1983-08-25,59.0
-84.4088483403684,42.283646764745,1991-09-28,47.0
-84.4088483403684,42.283646764745,1989-07-20,97.0
-84.4088483403684,42.283646764745,2006-01-18,210
-84.4088483403684,42.283646764745,2022-02-12,129
-84.4088483403684,42.283646764745,2007-07-24,47.4
-84.4088483403684,42.283646764745,1995-11-01,151
-84.4088483403684,42.283646764745,2020-06-15,159
-84.4088483403684,42.283646764745,1994-01-02,85.0
-84.4088483403684,42.283646764745,2005-10-31,42.0
-84.4088483403684,42.283646764745,2005-06-27,52.2
-84.4088483403684,42.283646764745,1990-10-07,118
-84.4088483403684,42.283646764745,2014-12-05,147
-84.4088483403684,42.283646764745,1998-06-15,164
-84.4088483403684,42.283646764745,2008-11-29,103
-84.4088483403684,42.283646764745,2023-12-26,109
-84.4088483403684,42.283646764745,2004-03-23,183
-84.4088483403684,42.283646764745,1992-05-08,127
-84.4088483403684,42.283646764745,1993-09-09,106
-84.4088483403684,42.283646764745,2007-06-29,85.6
-84.4088483403684,42.283646764745,2014-09-10,76.3
-84.4088483403684,42.283646764745,1983-03-07,178
-84.4088483403684,42.283646764745,1984-01-28,80.0
-84.4088483403684,42.283646764745,2001-01-02,119
-84.4088483403684,42.283646764745,1988-07-27,42.0
-84.4088483403684,42.283646764745,2011-04-02,162
-84.4088483403684,42.283646764745,1986-12-03,175
-84.4088483403684,42.283646764745,2014-04-27,118
-84.4088483403684,42.283646764745,2010-01-24,120
-84.4088483403684,42.283646764745,1991-02-01,145
-84.4088483403684,42.283646764745,1994-12-03,149
-84.4088483403684,42.283646764745,1995-09-16,57.0
-84.4088483403684,42.283646764745,1996-01-10,83.0
-84.4088483403684,42.283646764745,2005-06-01,82.6
-84.4088483403684,42.283646764745,1981-01-30,74.0
-84.4088483403684,42.283646764745,2006-11-07,165
-84.4088483403684,42.283646764745,2005-06-29,64.1
-84.4088483403684,42.283646764745,2013-09-28,51.3
-84.4088483403684,42.283646764745,1985-04-16,327
-84.4088483403684,42.283646764745,1981-10-21,170
-84.4088483403684,42.283646764745,1988-10-20,145
-84.4088483403684,42.283646764745,2006-02-24,225
-84.4088483403684,42.283646764745,1999-06-22,74.0
-84.4088483403684,42.283646764745,2009-07-07,138
-84.4088483403684,42.283646764745,2009-10-31,269
-84.4088483403684,42.283646764745,2026-04-30,223
-84.4088483403684,42.283646764745,2012-07-27,45.7
-84.4088483403684,42.283646764745,2006-07-03,174
-84.4088483403684,42.283646764745,2026-05-24,165
-84.4088483403684,42.283646764745,1999-08-05,62.0
-84.4088483403684,42.283646764745,2017-09-07,44.4
-84.4088483403684,42.283646764745,1982-02-22,105
-84.4088483403684,42.283646764745,1980-07-30,54.0
-84.4088483403684,42.283646764745,2011-07-07,67.5
-84.4088483403684,42.283646764745,1985-07-04,44.0
-84.4088483403684,42.283646764745,2001-03-18,279
-84.4088483403684,42.283646764745,1984-04-09,236
-84.4088483403684,42.283646764745,2017-10-29,115
-84.4088483403684,42.283646764745,2006-10-28,197
-84.4088483403684,42.283646764745,2005-11-17,65.4
-84.4088483403684,42.283646764745,1999-06-24,109
-84.4088483403684,42.283646764745,1998-10-15,73.0
-84.4088483403684,42.283646764745,1997-02-18,157
-84.4088483403684,42.283646764745,1980-05-08,123
-84.4088483403684,42.283646764745,2014-07-30,50.9
-84.4088483403684,42.283646764745,2013-09-08,64.9
-84.4088483403684,42.283646764745,1993-10-06,167
-84.4088483403684,42.283646764745,2000-11-02,88.0
-84.4088483403684,42.283646764745,2007-04-02,291
-84.4088483403684,42.283646764745,2017-10-31,69.4
-84.4088483403684,42.283646764745,2019-04-04,274
-84.4088483403684,42.283646764745,1998-11-09,130
-84.4088483403684,42.283646764745,1987-01-08,114
-84.4088483403684,42.283646764745,1980-06-26,88.0
-84.4088483403684,42.283646764745,2010-03-29,228
-84.4088483403684,42.283646764745,1994-12-09,192
-84.4088483403684,42.283646764745,2023-08-01,89.7
-84.4088483403684,42.283646764745,2020-07-26,70.2
-84.4088483403684,42.283646764745,2021-03-31,190
-84.4088483403684,42.283646764745,2022-11-13,56.6
-84.4088483403684,42.283646764745,1989-04-14,166
-84.4088483403684,42.283646764745,2005-10-27,39.2
-84.4088483403684,42.283646764745,1987-01-16,119
-84.4088483403684,42.283646764745,2003-11-21,97.6
-84.4088483403684,42.283646764745,1979-01-03,150
-84.4088483403684,42.283646764745,2021-11-28,230
-84.4088483403684,42.283646764745,1983-10-13,107
-84.4088483403684,42.283646764745,2014-05-09,171
-84.4088483403684,42.283646764745,2024-10-17,88.7
-84.4088483403684,42.283646764745,2004-09-01,72.3
-84.4088483403684,42.283646764745,2022-02-15,114
-84.4088483403684,42.283646764745,1999-11-20,60.0
-84.4088483403684,42.283646764745,1996-10-18,115
-84.4088483403684,42.283646764745,1987-08-09,41.0
-84.4088483403684,42.283646764745,2020-12-04,85.6
-84.4088483403684,42.283646764745,1992-08-27,148
-84.4088483403684,42.283646764745,1984-09-05,26.0
-84.4088483403684,42.283646764745,2001-03-27,159
-84.4088483403684,42.283646764745,1988-06-17,45.0
-84.4088483403684,42.283646764745,2003-12-10,133
-84.4088483403684,42.283646764745,2008-01-30,304
-84.4088483403684,42.283646764745,2009-06-14,278
-84.4088483403684,42.283646764745,2012-11-14,53.6
-84.4088483403684,42.283646764745,2013-04-24,528
-84.4088483403684,42.283646764745,1986-09-08,46.0
-84.4088483403684,42.283646764745,2015-08-24,59.5
-84.4088483403684,42.283646764745,2015-09-22,51.9
-84.4088483403684,42.283646764745,2018-02-10,93.4
-84.4088483403684,42.283646764745,1998-09-23,58.0
-84.4088483403684,42.283646764745,2007-02-26,119
-84.4088483403684,42.283646764745,1982-08-02,71.0
-84.4088483403684,42.283646764745,2000-04-15,130
-84.4088483403684,42.283646764745,1990-02-13,213
-84.4088483403684,42.283646764745,2001-08-12,40.0
-84.4088483403684,42.283646764745,2022-12-24,62.6
-84.4088483403684,42.283646764745,2013-01-15,197
-84.4088483403684,42.283646764745,1999-12-18,82.0
-84.4088483403684,42.283646764745,1979-04-08,171
-84.4088483403684,42.283646764745,2017-08-31,30.0
-84.4088483403684,42.283646764745,2012-07-19,59.6
-84.4088483403684,42.283646764745,1979-07-23,42.0
-84.4088483403684,42.283646764745,1985-12-13,177
-84.4088483403684,42.283646764745,2024-12-31,203
-84.4088483403684,42.283646764745,2007-04-29,235
-84.4088483403684,42.283646764745,2001-09-15,85.0
-84.4088483403684,42.283646764745,1983-12-20,208
-84.4088483403684,42.283646764745,2020-03-08,211
-84.4088483403684,42.283646764745,1979-08-05,162
-84.4088483403684,42.283646764745,2003-04-18,226
-84.4088483403684,42.283646764745,2000-10-30,93.0
-84.4088483403684,42.283646764745,2011-12-01,513
-84.4088483403684,42.283646764745,1983-06-15,169
-84.4088483403684,42.283646764745,2006-03-26,154
-84.4088483403684,42.283646764745,2013-03-08,96.1
-84.4088483403684,42.283646764745,2015-10-28,91.4
-84.4088483403684,42.283646764745,1985-05-12,70.0
-84.4088483403684,42.283646764745,1993-04-26,286
-84.4088483403684,42.283646764745,1988-11-12,221
-84.4088483403684,42.283646764745,1980-04-09,351
-84.4088483403684,42.283646764745,2014-11-08,65.6
-84.4088483403684,42.283646764745,1992-06-29,90.0
-84.4088483403684,42.283646764745,1979-09-21,42.0
-84.4088483403684,42.283646764745,2022-03-03,247
-84.4088483403684,42.283646764745,2023-05-18,80.6
-84.4088483403684,42.283646764745,1988-04-22,155
-84.4088483403684,42.283646764745,2010-02-24,111
-84.4088483403684,42.283646764745,2006-02-25,215
-84.4088483403684,42.283646764745,2024-01-21,101
-84.4088483403684,42.283646764745,2014-02-28,160
-84.4088483403684,42.283646764745,1992-02-13,107
-84.4088483403684,42.283646764745,2023-02-25,169
-84.4088483403684,42.283646764745,1985-12-19,101
-84.4088483403684,42.283646764745,1986-01-05,71.0
-84.4088483403684,42.283646764745,1981-02-19,290
-84.4088483403684,42.283646764745,2023-08-27,92.0
-84.4088483403684,42.283646764745,1986-10-08,283
-84.4088483403684,42.283646764745,2013-05-02,312
-84.4088483403684,42.283646764745,2017-02-13,262
-84.4088483403684,42.283646764745,2009-07-10,107
-84.4088483403684,42.283646764745,1988-08-18,68.0
-84.4088483403684,42.283646764745,2005-12-25,80.4
-84.4088483403684,42.283646764745,1996-08-16,51.0
-84.4088483403684,42.283646764745,1991-10-21,66.0
-84.4088483403684,42.283646764745,1982-06-14,95.0
-84.4088483403684,42.283646764745,1987-08-30,75.0
-84.4088483403684,42.283646764745,2007-02-02,149
-84.4088483403684,42.283646764745,1990-04-05,233
-84.4088483403684,42.283646764745,2011-08-27,76.0
-84.4088483403684,42.283646764745,2001-01-23,118
-84.4088483403684,42.283646764745,1980-08-11,110
-84.4088483403684,42.283646764745,2012-09-06,33.9
-84.4088483403684,42.283646764745,2007-01-05,454
-84.4088483403684,42.283646764745,2024-03-29,128
-84.4088483403684,42.283646764745,1983-07-30,145
-84.4088483403684,42.283646764745,1992-09-11,290
-84.4088483403684,42.283646764745,2015-05-23,65.6
-84.4088483403684,42.283646764745,1985-07-07,63.0
-84.4088483403684,42.283646764745,2006-11-16,247
-84.4088483403684,42.283646764745,2008-07-26,90.1
-84.4088483403684,42.283646764745,2021-01-11,111
-84.4088483403684,42.283646764745,1985-12-30,122
-84.4088483403684,42.283646764745,2002-07-28,243
-84.4088483403684,42.283646764745,2019-01-15,147
-84.4088483403684,42.283646764745,1991-05-01,254
-84.4088483403684,42.283646764745,1989-10-07,55.0
-84.4088483403684,42.283646764745,1979-09-17,42.0
-84.4088483403684,42.283646764745,1990-06-23,108
-84.4088483403684,42.283646764745,1982-12-15,125
-84.4088483403684,42.283646764745,1987-08-28,101
-84.4088483403684,42.283646764745,2008-02-05,280
-84.4088483403684,42.283646764745,2013-12-07,72.5
-84.4088483403684,42.283646764745,1996-02-16,87.0
-84.4088483403684,42.283646764745,1997-12-29,174
-84.4088483403684,42.283646764745,1989-03-28,219
-84.4088483403684,42.283646764745,2012-10-02,38.0
-84.4088483403684,42.283646764745,1998-08-13,100
-84.4088483403684,42.283646764745,1981-01-04,72.0
-84.4088483403684,42.283646764745,1983-06-25,65.0
-84.4088483403684,42.283646764745,1985-12-22,84.0
-84.4088483403684,42.283646764745,2008-04-03,420
-84.4088483403684,42.283646764745,2000-07-18,106
-84.4088483403684,42.283646764745,1996-08-26,63.0
-84.4088483403684,42.283646764745,2023-06-24,48.5
-84.4088483403684,42.283646764745,1987-10-22,64.0
-84.4088483403684,42.283646764745,2016-07-30,88.4
-84.4088483403684,42.283646764745,2015-11-29,156
-84.4088483403684,42.283646764745,1990-04-13,230
-84.4088483403684,42.283646764745,1999-08-03,59.0
-84.4088483403684,42.283646764745,1982-02-06,78.0
-84.4088483403684,42.283646764745,1983-09-24,52.0
-84.4088483403684,42.283646764745,2014-10-28,64.8
-84.4088483403684,42.283646764745,2001-01-26,106
-84.4088483403684,42.283646764745,2001-02-19,363
-84.4088483403684,42.283646764745,2025-04-08,237
-84.4088483403684,42.283646764745,2011-01-12,143
-84.4088483403684,42.283646764745,1986-07-25,73.0
-84.4088483403684,42.283646764745,2024-11-10,122
-84.4088483403684,42.283646764745,2026-05-05,202
-84.4088483403684,42.283646764745,2019-05-07,365
-84.4088483403684,42.283646764745,1997-08-13,94.0
-84.4088483403684,42.283646764745,2025-09-24,47.9
-84.4088483403684,42.283646764745,1996-07-15,64.0
-84.4088483403684,42.283646764745,1999-02-01,309
-84.4088483403684,42.283646764745,2011-12-06,545
-84.4088483403684,42.283646764745,2012-08-30,35.8
-84.4088483403684,42.283646764745,1984-06-15,89.0
-84.4088483403684,42.283646764745,2007-05-07,139
-84.4088483403684,42.283646764745,1985-09-25,59.0
-84.4088483403684,42.283646764745,2001-02-12,417
-84.4088483403684,42.283646764745,1995-08-23,183
-84.4088483403684,42.283646764745,2013-11-26,85.9
-84.4088483403684,42.283646764745,2012-02-02,362
-84.4088483403684,42.283646764745,2021-03-12,119
-84.4088483403684,42.283646764745,2024-02-28,131
-84.4088483403684,42.283646764745,1989-03-06,132
-84.4088483403684,42.283646764745,2010-09-04,64.0
-84.4088483403684,42.283646764745,2010-11-11,57.8
-84.4088483403684,42.283646764745,1994-09-11,55.0
-84.4088483403684,42.283646764745,1993-11-21,134
-84.4088483403684,42.283646764745,2013-05-24,65.8
-84.4088483403684,42.283646764745,2017-09-03,26.6
-84.4088483403684,42.283646764745,2024-03-27,138
-84.4088483403684,42.283646764745,1989-04-20,188
-84.4088483403684,42.283646764745,1988-02-21,147
-84.4088483403684,42.283646764745,1995-03-30,164
-84.4088483403684,42.283646764745,2004-07-08,148
-84.4088483403684,42.283646764745,1997-08-12,96.0
-84.4088483403684,42.283646764745,2019-11-29,227
-84.4088483403684,42.283646764745,1994-02-03,149
-84.4088483403684,42.283646764745,2024-08-15,122
-84.4088483403684,42.283646764745,2024-07-19,401
-84.4088483403684,42.283646764745,2001-06-14,138
-84.4088483403684,42.283646764745,2008-09-12,115
-84.4088483403684,42.283646764745,1985-07-18,139
-84.4088483403684,42.283646764745,2000-09-28,74.0
-84.4088483403684,42.283646764745,2021-09-27,184
-84.4088483403684,42.283646764745,1985-08-16,59.0
-84.4088483403684,42.283646764745,1986-06-22,121
-84.4088483403684,42.283646764745,1990-05-29,231
-84.4088483403684,42.283646764745,2006-09-10,72.3
-84.4088483403684,42.283646764745,2025-04-24,108
-84.4088483403684,42.283646764745,1993-08-17,67.0
-84.4088483403684,42.283646764745,1990-01-10,229
-84.4088483403684,42.283646764745,1993-01-15,407
-84.4088483403684,42.283646764745,1994-05-05,239
-84.4088483403684,42.283646764745,1991-09-13,96.0
-84.4088483403684,42.283646764745,1983-06-07,264
-84.4088483403684,42.283646764745,2025-11-20,62.4
-84.4088483403684,42.283646764745,1986-08-27,64.0
-84.4088483403684,42.283646764745,1989-01-05,141
-84.4088483403684,42.283646764745,1992-09-24,219
-84.4088483403684,42.283646764745,2008-10-09,89.7
-84.4088483403684,42.283646764745,2005-08-28,60.8
-84.4088483403684,42.283646764745,1989-12-21,81.0
-84.4088483403684,42.283646764745,2013-05-29,86.2
-84.4088483403684,42.283646764745,2001-01-20,112
-84.4088483403684,42.283646764745,2003-05-26,119
-84.4088483403684,42.283646764745,1985-10-14,116
-84.4088483403684,42.283646764745,2010-08-16,95.7
-84.4088483403684,42.283646764745,2021-10-20,283
-84.4088483403684,42.283646764745,1993-11-25,104
-84.4088483403684,42.283646764745,1992-07-14,137
-84.4088483403684,42.283646764745,1980-02-23,147
-84.4088483403684,42.283646764745,2001-10-15,197
-84.4088483403684,42.283646764745,1988-03-07,135
-84.4088483403684,42.283646764745,2019-12-12,212
-84.4088483403684,42.283646764745,2018-08-18,49.3
-84.4088483403684,42.283646764745,2002-09-21,50.0
-84.4088483403684,42.283646764745,1988-09-06,42.0
-84.4088483403684,42.283646764745,2017-09-20,31.4
-84.4088483403684,42.283646764745,2019-05-18,274
-84.4088483403684,42.283646764745,1992-09-29,192
-84.4088483403684,42.283646764745,2002-06-21,70.0
-84.4088483403684,42.283646764745,2023-12-16,101
-84.4088483403684,42.283646764745,2002-11-08,48.1
-84.4088483403684,42.283646764745,2000-06-03,150
-84.4088483403684,42.283646764745,2002-12-01,54.0
-84.4088483403684,42.283646764745,1989-09-18,98.0
-84.4088483403684,42.283646764745,1979-03-02,144
-84.4088483403684,42.283646764745,2002-12-27,75.0
-84.4088483403684,42.283646764745,1986-05-03,118
-84.4088483403684,42.283646764745,2021-09-19,41.6
-84.4088483403684,42.283646764745,2009-09-23,76.2
-84.4088483403684,42.283646764745,1988-04-15,244
-84.4088483403684,42.283646764745,2015-11-26,143
-84.4088483403684,42.283646764745,2000-06-19,109
-84.4088483403684,42.283646764745,1982-07-29,93.0
-84.4088483403684,42.283646764745,2000-04-26,314
-84.4088483403684,42.283646764745,1980-12-24,128
-84.4088483403684,42.283646764745,2021-07-01,206
-84.4088483403684,42.283646764745,1984-05-14,115
-84.4088483403684,42.283646764745,1991-09-22,51.0
-84.4088483403684,42.283646764745,2014-04-25,130
-84.4088483403684,42.283646764745,1986-07-29,122
-84.4088483403684,42.283646764745,1987-11-17,58.0
-84.4088483403684,42.283646764745,1996-10-02,103
-84.4088483403684,42.283646764745,2023-05-28,68.0
-84.4088483403684,42.283646764745,1986-04-21,191
-84.4088483403684,42.283646764745,2020-03-03,205
-84.4088483403684,42.283646764745,1999-03-27,128
-84.4088483403684,42.283646764745,1992-02-08,104
-84.4088483403684,42.283646764745,2013-11-30,74.0
-84.4088483403684,42.283646764745,1981-06-04,181
-84.4088483403684,42.283646764745,1979-02-12,55.0
-84.4088483403684,42.283646764745,2010-01-12,129
-84.4088483403684,42.283646764745,2010-12-26,75.0
-84.4088483403684,42.283646764745,1983-06-29,173
-84.4088483403684,42.283646764745,1994-10-26,96.0
-84.4088483403684,42.283646764745,1991-06-12,139
-84.4088483403684,42.283646764745,2014-01-08,161
-84.4088483403684,42.283646764745,2020-04-15,228
-84.4088483403684,42.283646764745,2011-05-24,196
-84.4088483403684,42.283646764745,1999-11-27,58.0
-84.4088483403684,42.283646764745,1995-10-10,79.0
-84.4088483403684,42.283646764745,2010-10-27,187
-84.4088483403684,42.283646764745,2020-10-14,61.2
-84.4088483403684,42.283646764745,1997-09-02,75.0
-84.4088483403684,42.283646764745,2015-08-12,60.7
-84.4088483403684,42.283646764745,1988-01-26,114
-84.4088483403684,42.283646764745,2003-06-22,55.1
-84.4088483403684,42.283646764745,2017-11-09,86.4
-84.4088483403684,42.283646764745,2009-11-27,213
-84.4088483403684,42.283646764745,1996-07-05,73.0
-84.4088483403684,42.283646764745,1980-06-19,150
-84.4088483403684,42.283646764745,2012-03-25,305
-84.4088483403684,42.283646764745,2020-05-24,626
-84.4088483403684,42.283646764745,1981-10-15,170
-84.4088483403684,42.283646764745,2022-04-08,275
-84.4088483403684,42.283646764745,1988-03-27,174
-84.4088483403684,42.283646764745,2006-08-04,104
-84.4088483403684,42.283646764745,1983-05-13,342
-84.4088483403684,42.283646764745,1993-06-16,157
-84.4088483403684,42.283646764745,1986-04-12,112
-84.4088483403684,42.283646764745,1998-04-20,181
-84.4088483403684,42.283646764745,1996-03-10,150
-84.4088483403684,42.283646764745,2009-02-08,171
-84.4088483403684,42.283646764745,1983-03-20,172
-84.4088483403684,42.283646764745,2000-12-09,96.0
-84.4088483403684,42.283646764745,2012-07-13,35.6
-84.4088483403684,42.283646764745,1980-05-31,171
-84.4088483403684,42.283646764745,2001-09-22,84.0
-84.4088483403684,42.283646764745,2004-04-17,83.0
-84.4088483403684,42.283646764745,1983-01-17,102
-84.4088483403684,42.283646764745,2010-12-31,113
-84.4088483403684,42.283646764745,1986-01-22,176
-84.4088483403684,42.283646764745,2018-12-12,135
-84.4088483403684,42.283646764745,2025-04-09,228
-84.4088483403684,42.283646764745,2002-02-17,160
-84.4088483403684,42.283646764745,1998-08-10,136
-84.4088483403684,42.283646764745,2003-06-29,51.4
-84.4088483403684,42.283646764745,2012-06-12,52.9
-84.4088483403684,42.283646764745,2006-06-04,163
-84.4088483403684,42.283646764745,1982-05-16,165
-84.4088483403684,42.283646764745,1997-04-08,251
-84.4088483403684,42.283646764745,2018-01-14,107
-84.4088483403684,42.283646764745,2019-05-27,213
-84.4088483403684,42.283646764745,2001-04-01,152
-84.4088483403684,42.283646764745,1980-09-30,94.0
-84.4088483403684,42.283646764745,1997-11-04,144
-84.4088483403684,42.283646764745,1985-01-06,298
-84.4088483403684,42.283646764745,2011-11-06,106
-84.4088483403684,42.283646764745,1998-09-27,54.0
-84.4088483403684,42.283646764745,2014-12-07,136
-84.4088483403684,42.283646764745,1982-11-26,149
-84.4088483403684,42.283646764745,2014-07-15,102
-84.4088483403684,42.283646764745,2024-02-15,168
-84.4088483403684,42.283646764745,2002-12-31,86.0
-84.4088483403684,42.283646764745,2022-10-26,74.5
-84.4088483403684,42.283646764745,2021-10-23,176
-84.4088483403684,42.283646764745,1994-11-25,93.0
-84.4088483403684,42.283646764745,2012-07-28,37.0
-84.4088483403684,42.283646764745,1986-04-25,191
-84.4088483403684,42.283646764745,2026-05-29,113
-84.4088483403684,42.283646764745,1982-10-16,48.0
-84.4088483403684,42.283646764745,2017-10-02,27.6
-84.4088483403684,42.283646764745,1983-05-16,279
-84.4088483403684,42.283646764745,2021-02-18,68.4
-84.4088483403684,42.283646764745,1981-02-06,129
-84.4088483403684,42.283646764745,2015-03-20,223
-84.4088483403684,42.283646764745,1984-09-25,123
-84.4088483403684,42.283646764745,2021-08-08,56.8
-84.4088483403684,42.283646764745,2014-05-15,305
-84.4088483403684,42.283646764745,2006-03-06,107
-84.4088483403684,42.283646764745,1995-03-13,291
-84.4088483403684,42.283646764745,2015-06-28,313
-84.4088483403684,42.283646764745,1980-09-29,143
-84.4088483403684,42.283646764745,1992-11-05,270
-84.4088483403684,42.283646764745,2024-08-20,101
-84.4088483403684,42.283646764745,2008-04-17,286
-84.4088483403684,42.283646764745,1982-03-14,374
-84.4088483403684,42.283646764745,1979-06-24,33.0
-84.4088483403684,42.283646764745,1980-04-08,361
-84.4088483403684,42.283646764745,2014-11-09,66.1
-84.4088483403684,42.283646764745,1991-11-22,162
-84.4088483403684,42.283646764745,1995-09-21,69.0
-84.4088483403684,42.283646764745,2006-01-09,206
-84.4088483403684,42.283646764745,1986-09-25,261
-84.4088483403684,42.283646764745,2015-12-26,95.5
-84.4088483403684,42.283646764745,2020-08-21,55.2
-84.4088483403684,42.283646764745,1988-02-24,171
-84.4088483403684,42.283646764745,2007-08-13,62.0
-84.4088483403684,42.283646764745,2026-07-11,149
-84.4088483403684,42.283646764745,2026-04-25,322
-84.4088483403684,42.283646764745,2026-01-21,96.3
-84.4088483403684,42.283646764745,2009-04-24,343
-84.4088483403684,42.283646764745,1979-11-30,161
-84.4088483403684,42.283646764745,2006-08-02,90.7
-84.4088483403684,42.283646764745,1994-12-13,201
-84.4088483403684,42.283646764745,2021-08-25,62.6
-84.4088483403684,42.283646764745,2022-05-26,265
-84.4088483403684,42.283646764745,1995-05-02,157
-84.4088483403684,42.283646764745,1986-06-25,75.0
-84.4088483403684,42.283646764745,2004-06-11,265
-84.4088483403684,42.283646764745,1986-12-04,173
-84.4088483403684,42.283646764745,1991-09-05,77.0
-84.4088483403684,42.283646764745,1980-12-26,133
-84.4088483403684,42.283646764745,2016-06-15,59.2
-84.4088483403684,42.283646764745,2005-06-15,73.2
-84.4088483403684,42.283646764745,1979-08-04,191
-84.4088483403684,42.283646764745,1988-11-02,85.0
-84.4088483403684,42.283646764745,2024-07-25,255
-84.4088483403684,42.283646764745,2008-03-06,362
-84.4088483403684,42.283646764745,1982-10-05,64.0
-84.4088483403684,42.283646764745,2012-11-11,46.4
-84.4088483403684,42.283646764745,2015-03-25,227
-84.4088483403684,42.283646764745,2022-09-03,66.1
-84.4088483403684,42.283646764745,1995-04-12,248
-84.4088483403684,42.283646764745,2003-05-23,154
-84.4088483403684,42.283646764745,2005-11-11,42.4
-84.4088483403684,42.283646764745,2012-05-29,94.0
-84.4088483403684,42.283646764745,1983-02-22,177
-84.4088483403684,42.283646764745,1994-11-15,163
-84.4088483403684,42.283646764745,2026-08-17,67.4
-84.4088483403684,42.283646764745,2015-01-31,66.8
-84.4088483403684,42.283646764745,2014-03-19,373
-84.4088483403684,42.283646764745,2024-06-08,113
-84.4088483403684,42.283646764745,2000-02-11,64.0
-84.4088483403684,42.283646764745,2017-03-14,137
-84.4088483403684,42.283646764745,1994-02-07,134
-84.4088483403684,42.283646764745,1984-01-15,130
-84.4088483403684,42.283646764745,1997-06-11,112
-84.4088483403684,42.283646764745,2024-05-07,179
-84.4088483403684,42.283646764745,2000-04-22,319
-84.4088483403684,42.283646764745,1979-07-12,104
-84.4088483403684,42.283646764745,2007-06-04,245
-84.4088483403684,42.283646764745,2017-09-21,32.1
-84.4088483403684,42.283646764745,1992-04-12,144
-84.4088483403684,42.283646764745,2005-07-11,59.5
-84.4088483403684,42.283646764745,2021-11-06,298
-84.4088483403684,42.283646764745,2016-06-28,41.8
-84.4088483403684,42.283646764745,1998-06-04,89.0
-84.4088483403684,42.283646764745,1984-05-09,147
-84.4088483403684,42.283646764745,1997-12-03,135
-84.4088483403684,42.283646764745,1994-03-11,233
-84.4088483403684,42.283646764745,2021-08-01,73.1
-84.4088483403684,42.283646764745,1990-06-27,90.0
-84.4088483403684,42.283646764745,2013-12-25,143
-84.4088483403684,42.283646764745,1988-12-28,173
-84.4088483403684,42.283646764745,1979-05-09,212
-84.4088483403684,42.283646764745,1994-09-09,61.0
-84.4088483403684,42.283646764745,1998-02-02,210
-84.4088483403684,42.283646764745,1993-03-21,245
-84.4088483403684,42.283646764745,1986-04-27,176
-84.4088483403684,42.283646764745,1979-07-29,31.0
-84.4088483403684,42.283646764745,1994-06-20,163
-84.4088483403684,42.283646764745,2008-09-28,94.6
-84.4088483403684,42.283646764745,2025-06-08,195
-84.4088483403684,42.283646764745,2023-11-13,94.0
-84.4088483403684,42.283646764745,2009-03-01,259
-84.4088483403684,42.283646764745,1992-01-23,147
-84.4088483403684,42.283646764745,2020-01-05,309
-84.4088483403684,42.283646764745,1996-09-03,53.0
-84.4088483403684,42.283646764745,1995-06-19,59.0
-84.4088483403684,42.283646764745,1979-11-23,153
-84.4088483403684,42.283646764745,2024-07-28,178
-84.4088483403684,42.283646764745,2011-03-11,396
-84.4088483403684,42.283646764745,2006-11-30,208
-84.4088483403684,42.283646764745,2011-02-14,111
-84.4088483403684,42.283646764745,2012-10-22,70.5
-84.4088483403684,42.283646764745,2000-12-24,129
-84.4088483403684,42.283646764745,2023-03-20,215
-84.4088483403684,42.283646764745,1989-05-05,108
-84.4088483403684,42.283646764745,1980-07-16,138
-84.4088483403684,42.283646764745,1984-12-16,139
-84.4088483403684,42.283646764745,2000-04-01,76.0
-84.4088483403684,42.283646764745,2016-07-01,48.2
-84.4088483403684,42.283646764745,2021-07-19,87.9
-84.4088483403684,42.283646764745,2010-07-10,146
-84.4088483403684,42.283646764745,2016-10-28,101
-84.4088483403684,42.283646764745,2000-12-05,135
-84.4088483403684,42.283646764745,2026-08-09,53.7
-84.4088483403684,42.283646764745,2016-12-29,96.7
-84.4088483403684,42.283646764745,2011-05-28,463
-84.4088483403684,42.283646764745,1980-11-21,67.0
-84.4088483403684,42.283646764745,2024-08-02,161
-84.4088483403684,42.283646764745,2009-05-02,380
-84.4088483403684,42.283646764745,1996-07-27,54.0
-84.4088483403684,42.283646764745,2014-01-26,138
-84.4088483403684,42.283646764745,1984-05-11,95.0
-84.4088483403684,42.283646764745,1989-11-19,173
-84.4088483403684,42.283646764745,1998-08-27,69.0
-84.4088483403684,42.283646764745,1998-09-18,56.0
-84.4088483403684,42.283646764745,1993-07-02,214
-84.4088483403684,42.283646764745,1998-05-15,222
-84.4088483403684,42.283646764745,2018-05-17,494
-84.4088483403684,42.283646764745,2018-11-09,158
-84.4088483403684,42.283646764745,1984-05-18,161
-84.4088483403684,42.283646764745,1997-09-08,68.0
-84.4088483403684,42.283646764745,2019-03-07,95.5
-84.4088483403684,42.283646764745,2012-11-08,48.6
-84.4088483403684,42.283646764745,1993-05-02,232
-84.4088483403684,42.283646764745,1984-07-26,46.0
-84.4088483403684,42.283646764745,1988-10-26,113
-84.4088483403684,42.283646764745,2000-02-14,65.0
-84.4088483403684,42.283646764745,1986-07-06,58.0
-84.4088483403684,42.283646764745,1996-08-29,60.0
-84.4088483403684,42.283646764745,2001-06-26,116
-84.4088483403684,42.283646764745,1993-04-22,290
-84.4088483403684,42.283646764745,2001-03-10,238
-84.4088483403684,42.283646764745,2019-06-22,172
-84.4088483403684,42.283646764745,1986-11-09,110
-84.4088483403684,42.283646764745,1994-07-31,75.0
-84.4088483403684,42.283646764745,2025-03-28,158
-84.4088483403684,42.283646764745,1985-08-30,46.0
-84.4088483403684,42.283646764745,1979-09-16,33.0
-84.4088483403684,42.283646764745,1998-03-14,370
-84.4088483403684,42.283646764745,2014-03-28,375
-84.4088483403684,42.283646764745,2014-11-02,60.5
-84.4088483403684,42.283646764745,2008-11-27,109
-84.4088483403684,42.283646764745,2004-05-12,261
-84.4088483403684,42.283646764745,2001-11-28,174
-84.4088483403684,42.283646764745,1983-08-02,195
-84.4088483403684,42.283646764745,1999-12-01,57.0
-84.4088483403684,42.283646764745,1981-08-17,77.0
-84.4088483403684,42.283646764745,2008-04-23,204
-84.4088483403684,42.283646764745,2024-11-26,105
-84.4088483403684,42.283646764745,2007-09-15,63.7
-84.4088483403684,42.283646764745,1986-09-28,236
-84.4088483403684,42.283646764745,1990-01-04,174
-84.4088483403684,42.283646764745,2000-03-10,138
-84.4088483403684,42.283646764745,2007-01-07,375
-84.4088483403684,42.283646764745,2019-09-13,138
-84.4088483403684,42.283646764745,2025-10-01,52.6
-84.4088483403684,42.283646764745,2000-03-31,90.0
-84.4088483403684,42.283646764745,1984-10-08,63.0
-84.4088483403684,42.283646764745,2022-05-17,195
-84.4088483403684,42.283646764745,2001-04-14,214
-84.4088483403684,42.283646764745,1995-06-10,84.0
-84.4088483403684,42.283646764745,1985-06-06,67.0
-84.4088483403684,42.283646764745,2013-07-05,95.0
-84.4088483403684,42.283646764745,2007-11-23,153
-84.4088483403684,42.283646764745,2026-06-08,75.2
-84.4088483403684,42.283646764745,1985-08-27,49.0
-84.4088483403684,42.283646764745,1990-04-26,270
-84.4088483403684,42.283646764745,1988-10-21,145
-84.4088483403684,42.283646764745,1999-07-18,66.0
-84.4088483403684,42.283646764745,2006-03-02,145
-84.4088483403684,42.283646764745,1986-11-17,70.0
-84.4088483403684,42.283646764745,2006-04-15,221
-84.4088483403684,42.283646764745,1987-02-12,112
-84.4088483403684,42.283646764745,2023-11-09,95.5
-84.4088483403684,42.283646764745,2012-06-06,61.6
-84.4088483403684,42.283646764745,1983-11-12,125
-84.4088483403684,42.283646764745,2019-02-06,200
-84.4088483403684,42.283646764745,2025-11-28,79.9
-84.4088483403684,42.283646764745,1996-05-07,214
-84.4088483403684,42.283646764745,2015-08-25,55.6
-84.4088483403684,42.283646764745,1989-08-24,76.0
-84.4088483403684,42.283646764745,2021-03-04,125
-84.4088483403684,42.283646764745,2019-05-01,424
-84.4088483403684,42.283646764745,1981-12-20,100
-84.4088483403684,42.283646764745,1995-05-23,81.0
-84.4088483403684,42.283646764745,1991-06-25,79.0
-84.4088483403684,42.283646764745,1990-11-27,218
-84.4088483403684,42.283646764745,2007-04-17,185
-84.4088483403684,42.283646764745,2019-02-05,144
-84.4088483403684,42.283646764745,2003-05-04,210
-84.4088483403684,42.283646764745,2000-01-06,76.0
-84.4088483403684,42.283646764745,1979-09-27,41.0
-84.4088483403684,42.283646764745,1979-12-24,210
-84.4088483403684,42.283646764745,2003-05-10,202
-84.4088483403684,42.283646764745,2004-12-12,238
-84.4088483403684,42.283646764745,2021-09-20,46.6
-84.4088483403684,42.283646764745,1996-11-27,123
-84.4088483403684,42.283646764745,1996-12-25,113
-84.4088483403684,42.283646764745,1987-06-18,43.0
-84.4088483403684,42.283646764745,1980-08-07,171
-84.4088483403684,42.283646764745,2002-07-23,49.0
-84.4088483403684,42.283646764745,2008-07-14,133
-84.4088483403684,42.283646764745,1985-07-06,65.0
-84.4088483403684,42.283646764745,1994-10-15,92.0
-84.4088483403684,42.283646764745,2005-10-22,35.8
-84.4088483403684,42.283646764745,1990-11-23,146
-84.4088483403684,42.283646764745,2024-05-10,194
-84.4088483403684,42.283646764745,1984-04-23,233
-84.4088483403684,42.283646764745,2017-04-13,447
-84.4088483403684,42.283646764745,2015-11-19,67.1
-84.4088483403684,42.283646764745,2025-02-22,89.1
-84.4088483403684,42.283646764745,2010-10-22,55.1
-84.4088483403684,42.283646764745,2008-06-26,100
-84.4088483403684,42.283646764745,2009-03-28,205
-84.4088483403684,42.283646764745,2000-06-21,281
-84.4088483403684,42.283646764745,2006-08-27,95.0
-84.4088483403684,42.283646764745,2012-01-23,408
-84.4088483403684,42.283646764745,2020-04-29,272
-84.4088483403684,42.283646764745,2008-10-31,89.1
-84.4088483403684,42.283646764745,2015-05-30,112
-84.4088483403684,42.283646764745,2022-05-14,225
-84.4088483403684,42.283646764745,2020-05-19,581
-84.4088483403684,42.283646764745,2002-04-19,278
-84.4088483403684,42.283646764745,2012-03-07,329
-84.4088483403684,42.283646764745,1995-10-12,73.0
-84.4088483403684,42.283646764745,1988-05-16,89.0
-84.4088483403684,42.283646764745,2014-06-01,82.4
-84.4088483403684,42.283646764745,2015-07-16,211
-84.4088483403684,42.283646764745,2016-08-11,30.9
-84.4088483403684,42.283646764745,2005-05-04,146
-84.4088483403684,42.283646764745,2022-06-22,111
-84.4088483403684,42.283646764745,2008-12-25,170
-84.4088483403684,42.283646764745,1994-03-24,326
-84.4088483403684,42.283646764745,2007-07-17,55.1
-84.4088483403684,42.283646764745,1979-02-11,48.0
-84.4088483403684,42.283646764745,2014-07-11,95.5
-84.4088483403684,42.283646764745,2023-05-27,68.4
-84.4088483403684,42.283646764745,2024-10-05,66.0
-84.4088483403684,42.283646764745,1993-06-13,221
-84.4088483403684,42.283646764745,1990-01-21,137
-84.4088483403684,42.283646764745,1991-02-16,172
-84.4088483403684,42.283646764745,1984-05-29,384
-84.4088483403684,42.283646764745,1983-07-27,118
-84.4088483403684,42.283646764745,2021-04-17,97.9
-84.4088483403684,42.283646764745,2022-10-01,58.9
-84.4088483403684,42.283646764745,2021-06-14,45.4
-84.4088483403684,42.283646764745,2020-01-13,413
-84.4088483403684,42.283646764745,1981-08-21,68.0
-84.4088483403684,42.283646764745,1997-11-18,104
-84.4088483403684,42.283646764745,1998-07-26,81.0
-84.4088483403684,42.283646764745,1998-12-20,112
-84.4088483403684,42.283646764745,1989-10-20,91.0
-84.4088483403684,42.283646764745,2002-06-18,90.0
-84.4088483403684,42.283646764745,2022-09-30,62.3
-84.4088483403684,42.283646764745,2024-05-01,160
-84.4088483403684,42.283646764745,1992-06-19,181
-84.4088483403684,42.283646764745,2003-02-03,81.6
-84.4088483403684,42.283646764745,2022-04-03,280
-84.4088483403684,42.283646764745,1994-09-12,59.0
-84.4088483403684,42.283646764745,1980-03-16,95.0
-84.4088483403684,42.283646764745,2019-02-16,121
-84.4088483403684,42.283646764745,1981-12-12,89.0
-84.4088483403684,42.283646764745,2011-04-11,359
-84.4088483403684,42.283646764745,2006-12-11,236
-84.4088483403684,42.283646764745,2014-02-16,124
-84.4088483403684,42.283646764745,2024-03-25,123
-84.4088483403684,42.283646764745,2013-10-23,57.0
-84.4088483403684,42.283646764745,1996-08-17,49.0
-84.4088483403684,42.283646764745,1979-01-12,122
-84.4088483403684,42.283646764745,2013-08-11,54.9
-84.4088483403684,42.283646764745,1980-11-18,75.0
-84.4088483403684,42.283646764745,2000-11-30,129
-84.4088483403684,42.283646764745,1984-07-09,62.0
-84.4088483403684,42.283646764745,2008-08-21,48.4
-84.4088483403684,42.283646764745,1980-06-15,232
-84.4088483403684,42.283646764745,2002-12-02,55.4
-84.4088483403684,42.283646764745,2010-06-01,288
-84.4088483403684,42.283646764745,2001-04-02,153
-84.4088483403684,42.283646764745,1985-10-17,63.0
-84.4088483403684,42.283646764745,2002-05-13,281
-84.4088483403684,42.283646764745,2001-07-15,59.0
-84.4088483403684,42.283646764745,2018-11-08,160
-84.4088483403684,42.283646764745,2018-01-23,183
-84.4088483403684,42.283646764745,2010-09-21,69.9
-84.4088483403684,42.283646764745,2005-03-07,247
-84.4088483403684,42.283646764745,1980-05-05,192
-84.4088483403684,42.283646764745,1984-05-04,178
-84.4088483403684,42.283646764745,2013-09-19,63.4
-84.4088483403684,42.283646764745,2015-07-18,232
-84.4088483403684,42.283646764745,2008-12-08,103
-84.4088483403684,42.283646764745,1980-06-06,152
-84.4088483403684,42.283646764745,1982-01-08,120
-84.4088483403684,42.283646764745,1995-05-25,182
-84.4088483403684,42.283646764745,1979-01-02,154
-84.4088483403684,42.283646764745,1996-05-10,274
-84.4088483403684,42.283646764745,1997-05-11,208
-84.4088483403684,42.283646764745,1998-09-06,57.0
-84.4088483403684,42.283646764745,1982-09-24,64.0
-84.4088483403684,42.283646764745,2019-10-30,237
-84.4088483403684,42.283646764745,1989-06-23,237
-84.4088483403684,42.283646764745,1994-08-19,149
-84.4088483403684,42.283646764745,2014-06-27,217
-84.4088483403684,42.283646764745,2009-04-23,374
-84.4088483403684,42.283646764745,2006-06-15,68.8
-84.4088483403684,42.283646764745,2025-07-23,67.8
-84.4088483403684,42.283646764745,1996-07-09,61.0
-84.4088483403684,42.283646764745,2018-04-20,295
-84.4088483403684,42.283646764745,2015-01-12,77.0
-84.4088483403684,42.283646764745,1996-09-14,64.0
-84.4088483403684,42.283646764745,2023-04-06,355
-84.4088483403684,42.283646764745,1997-12-31,108
-84.4088483403684,42.283646764745,2002-07-15,44.0
-84.4088483403684,42.283646764745,2005-02-12,213
-84.4088483403684,42.283646764745,2010-06-26,451
-84.4088483403684,42.283646764745,2010-01-28,133
-84.4088483403684,42.283646764745,1986-04-15,181
-84.4088483403684,42.283646764745,1989-06-25,196
-84.4088483403684,42.283646764745,2010-06-02,397
-84.4088483403684,42.283646764745,1989-01-15,169
-84.4088483403684,42.283646764745,1983-10-23,73.0
-84.4088483403684,42.283646764745,2009-01-03,333
-84.4088483403684,42.283646764745,2008-04-20,247
-84.4088483403684,42.283646764745,1985-10-23,190
-84.4088483403684,42.283646764745,1987-07-28,32.0
-84.4088483403684,42.283646764745,1995-09-11,63.0
-84.4088483403684,42.283646764745,1985-02-18,77.0
-84.4088483403684,42.283646764745,2009-12-24,102
-84.4088483403684,42.283646764745,1993-11-29,131
-84.4088483403684,42.283646764745,1990-12-05,203
-84.4088483403684,42.283646764745,2019-12-30,264
-84.4088483403684,42.283646764745,2019-12-09,162
-84.4088483403684,42.283646764745,2020-10-19,53.4
-84.4088483403684,42.283646764745,1988-03-13,201
-84.4088483403684,42.283646764745,1986-08-09,89.0
-84.4088483403684,42.283646764745,1981-10-04,241
-84.4088483403684,42.283646764745,1983-09-03,46.0
-84.4088483403684,42.283646764745,2006-11-15,151
-84.4088483403684,42.283646764745,2013-05-25,62.8
-84.4088483403684,42.283646764745,2012-02-10,188
-84.4088483403684,42.283646764745,2016-09-25,36.9
-84.4088483403684,42.283646764745,1979-11-11,51.0
-84.4088483403684,42.283646764745,2018-07-17,47.4
-84.4088483403684,42.283646764745,2008-11-16,125
-84.4088483403684,42.283646764745,2016-05-08,210
-84.4088483403684,42.283646764745,1982-02-13,140
-84.4088483403684,42.283646764745,1988-01-13,81.0
-84.4088483403684,42.283646764745,2007-01-25,179
-84.4088483403684,42.283646764745,1991-02-19,228
-84.4088483403684,42.283646764745,2022-04-16,211
-84.4088483403684,42.283646764745,2021-06-21,168
-84.4088483403684,42.283646764745,2022-08-07,76.0
-84.4088483403684,42.283646764745,2022-12-03,71.2
-84.4088483403684,42.283646764745,1997-10-02,111
-84.4088483403684,42.283646764745,2013-10-20,55.9
-84.4088483403684,42.283646764745,1999-02-23,129
-84.4088483403684,42.283646764745,2021-03-07,115
-84.4088483403684,42.283646764745,2018-07-16,51.7
-84.4088483403684,42.283646764745,1983-12-19,201
-84.4088483403684,42.283646764745,1983-09-04,41.0
-84.4088483403684,42.283646764745,2023-07-08,65.1
-84.4088483403684,42.283646764745,2025-03-23,181
-84.4088483403684,42.283646764745,2010-10-05,64.4
-84.4088483403684,42.283646764745,2010-06-04,375
-84.4088483403684,42.283646764745,1983-10-29,135
-84.4088483403684,42.283646764745,1991-09-14,94.0
-84.4088483403684,42.283646764745,1979-08-20,141
-84.4088483403684,42.283646764745,1982-03-17,505
-84.4088483403684,42.283646764745,2000-05-18,215
-84.4088483403684,42.283646764745,2000-08-28,89.0
-84.4088483403684,42.283646764745,1986-08-14,71.0
-84.4088483403684,42.283646764745,2026-05-26,173
-84.4088483403684,42.283646764745,1993-03-06,179
-84.4088483403684,42.283646764745,2015-05-08,151
-84.4088483403684,42.283646764745,2015-09-26,46.0
-84.4088483403684,42.283646764745,2016-04-18,258
-84.4088483403684,42.283646764745,2024-11-20,119
-84.4088483403684,42.283646764745,2011-12-03,522
-84.4088483403684,42.283646764745,2019-04-03,284
-84.4088483403684,42.283646764745,2014-11-27,100
-84.4088483403684,42.283646764745,1993-11-01,174
-84.4088483403684,42.283646764745,1984-03-11,71.0
-84.4088483403684,42.283646764745,2026-05-07,185
-84.4088483403684,42.283646764745,1980-06-29,57.0
-84.4088483403684,42.283646764745,1995-06-28,204
-84.4088483403684,42.283646764745,2012-11-21,51.6
-84.4088483403684,42.283646764745,1992-07-13,97.0
-84.4088483403684,42.283646764745,2003-08-14,57.1
-84.4088483403684,42.283646764745,2014-06-05,157
-84.4088483403684,42.283646764745,1995-12-02,161
-84.4088483403684,42.283646764745,2016-01-22,80.0
-84.4088483403684,42.283646764745,2021-09-09,44.3
-84.4088483403684,42.283646764745,2005-08-08,68.7
-84.4088483403684,42.283646764745,2021-12-23,263
-84.4088483403684,42.283646764745,1986-05-10,126
-84.4088483403684,42.283646764745,2013-06-05,82.9
-84.4088483403684,42.283646764745,2013-07-09,89.4
-84.4088483403684,42.283646764745,1999-07-23,66.0
-84.4088483403684,42.283646764745,2010-01-08,139
-84.4088483403684,42.283646764745,2008-09-03,104
-84.4088483403684,42.283646764745,2011-07-11,82.1
-84.4088483403684,42.283646764745,2024-09-13,64.8
-84.4088483403684,42.283646764745,1983-06-21,135
-84.4088483403684,42.283646764745,2026-08-07,53.3
-84.4088483403684,42.283646764745,2002-06-14,90.0
-84.4088483403684,42.283646764745,1984-04-01,258
-84.4088483403684,42.283646764745,1998-03-09,412
-84.4088483403684,42.283646764745,2016-06-08,58.1
-84.4088483403684,42.283646764745,1998-09-16,61.0
-84.4088483403684,42.283646764745,2024-03-11,161
-84.4088483403684,42.283646764745,2011-08-16,176
-84.4088483403684,42.283646764745,1987-05-03,95.0
-84.4088483403684,42.283646764745,1983-11-24,213
-84.4088483403684,42.283646764745,1997-09-30,113
-84.4088483403684,42.283646764745,2023-06-10,53.4
-84.4088483403684,42.283646764745,1979-02-20,51.0
-84.4088483403684,42.283646764745,2024-03-23,131
-84.4088483403684,42.283646764745,2008-12-07,97.4
-84.4088483403684,42.283646764745,1988-04-30,156
-84.4088483403684,42.283646764745,1980-04-02,230
-84.4088483403684,42.283646764745,1991-05-13,124
-84.4088483403684,42.283646764745,2024-11-05,97.3
-84.4088483403684,42.283646764745,2002-02-22,315
-84.4088483403684,42.283646764745,1985-07-03,50.0
-84.4088483403684,42.283646764745,1991-11-02,227
-84.4088483403684,42.283646764745,1998-09-19,53.0
-84.4088483403684,42.283646764745,2022-12-31,111
-84.4088483403684,42.283646764745,2008-12-04,111
-84.4088483403684,42.283646764745,2026-08-28,58.4
-84.4088483403684,42.283646764745,2025-08-21,52.6
-84.4088483403684,42.283646764745,2000-02-29,152
-84.4088483403684,42.283646764745,1991-04-10,189
-84.4088483403684,42.283646764745,1998-06-03,90.0
-84.4088483403684,42.283646764745,2015-06-03,312
-84.4088483403684,42.283646764745,2003-10-17,87.7
-84.4088483403684,42.283646764745,2022-11-22,72.0
-84.4088483403684,42.283646764745,1992-10-25,264
-84.4088483403684,42.283646764745,2022-03-13,282
-84.4088483403684,42.283646764745,1981-07-21,198
-84.4088483403684,42.283646764745,2013-10-15,58.3
-84.4088483403684,42.283646764745,1982-01-28,129
-84.4088483403684,42.283646764745,1998-06-28,97.0
-84.4088483403684,42.283646764745,2019-04-10,133
-84.4088483403684,42.283646764745,2016-07-19,38.1
-84.4088483403684,42.283646764745,2018-01-25,127
-84.4088483403684,42.283646764745,2007-06-16,118
-84.4088483403684,42.283646764745,1993-09-19,130
-84.4088483403684,42.283646764745,1997-06-02,163
-84.4088483403684,42.283646764745,2016-10-22,85.2
-84.4088483403684,42.283646764745,2020-10-12,55.8
-84.4088483403684,42.283646764745,1986-11-07,120
-84.4088483403684,42.283646764745,1987-10-29,122
-84.4088483403684,42.283646764745,1987-09-26,67.0
-84.4088483403684,42.283646764745,2007-09-24,58.6
-84.4088483403684,42.283646764745,2007-03-12,316
-84.4088483403684,42.283646764745,2009-06-12,292
-84.4088483403684,42.283646764745,1989-12-31,108
-84.4088483403684,42.283646764745,1984-06-26,59.0
-84.4088483403684,42.283646764745,1993-08-03,92.0
-84.4088483403684,42.283646764745,2000-03-12,90.0
-84.4088483403684,42.283646764745,2001-05-17,278
-84.4088483403684,42.283646764745,1988-10-10,68.0
-84.4088483403684,42.283646764745,2020-04-23,194
-84.4088483403684,42.283646764745,2002-09-24,46.0
-84.4088483403684,42.283646764745,2005-03-23,229
-84.4088483403684,42.283646764745,1988-01-04,165
-84.4088483403684,42.283646764745,2015-12-31,175
-84.4088483403684,42.283646764745,1981-11-04,178
-84.4088483403684,42.283646764745,1995-09-18,61.0
-84.4088483403684,42.283646764745,2024-04-07,186
-84.4088483403684,42.283646764745,2007-12-08,143
-84.4088483403684,42.283646764745,2001-05-06,114
-84.4088483403684,42.283646764745,2004-02-29,165
-84.4088483403684,42.283646764745,1979-12-18,65.0
-84.4088483403684,42.283646764745,2018-04-05,322
-84.4088483403684,42.283646764745,2026-05-10,158
-84.4088483403684,42.283646764745,2010-05-28,393
-84.4088483403684,42.283646764745,1986-02-13,144
-84.4088483403684,42.283646764745,1993-11-26,130
-84.4088483403684,42.283646764745,2018-03-30,173
-84.4088483403684,42.283646764745,1990-04-16,232
-84.4088483403684,42.283646764745,2017-08-30,33.2
-84.4088483403684,42.283646764745,1995-08-08,216
-84.4088483403684,42.283646764745,2025-04-22,137
-84.4088483403684,42.283646764745,1991-11-29,188
-84.4088483403684,42.283646764745,1997-03-16,324
-84.4088483403684,42.283646764745,1992-01-08,169
-84.4088483403684,42.283646764745,2025-06-17,104
-84.4088483403684,42.283646764745,2005-01-08,236
-84.4088483403684,42.283646764745,1996-01-25,159
-84.4088483403684,42.283646764745,2014-11-18,55.3
-84.4088483403684,42.283646764745,1987-05-08,134
-84.4088483403684,42.283646764745,1983-01-05,131
-84.4088483403684,42.283646764745,1992-11-16,315
-84.4088483403684,42.283646764745,2006-05-28,129
-84.4088483403684,42.283646764745,2002-10-15,43.0
-84.4088483403684,42.283646764745,2009-12-04,123
-84.4088483403684,42.283646764745,1983-05-27,231
-84.4088483403684,42.283646764745,1999-12-11,93.0
-84.4088483403684,42.283646764745,1991-02-17,199
-84.4088483403684,42.283646764745,2023-12-22,95.5
-84.4088483403684,42.283646764745,2006-11-20,261
-84.4088483403684,42.283646764745,1997-04-25,111
-84.4088483403684,42.283646764745,2011-05-03,378
-84.4088483403684,42.283646764745,1986-11-15,75.0
-84.4088483403684,42.283646764745,1995-01-11,102
-84.4088483403684,42.283646764745,2005-01-10,225
-84.4088483403684,42.283646764745,1979-11-14,64.0
-84.4088483403684,42.283646764745,2018-08-10,48.4
-84.4088483403684,42.283646764745,2025-01-15,117
-84.4088483403684,42.283646764745,2007-01-26,154
-84.4088483403684,42.283646764745,2016-02-03,104
-84.4088483403684,42.283646764745,2005-06-03,117
-84.4088483403684,42.283646764745,1979-01-23,70.0
-84.4088483403684,42.283646764745,2010-11-25,273
-84.4088483403684,42.283646764745,2005-10-02,46.8
-84.4088483403684,42.283646764745,1993-12-20,145
-84.4088483403684,42.283646764745,1991-05-31,117
-84.4088483403684,42.283646764745,2009-06-18,163
-84.4088483403684,42.283646764745,1993-04-04,460
-84.4088483403684,42.283646764745,1990-12-14,164
-84.4088483403684,42.283646764745,2013-08-09,58.2
-84.4088483403684,42.283646764745,2000-07-11,129
-84.4088483403684,42.283646764745,1987-07-18,34.0
-84.4088483403684,42.283646764745,1999-08-23,56.0
-84.4088483403684,42.283646764745,2020-04-08,382
-84.4088483403684,42.283646764745,1986-04-01,248
-84.4088483403684,42.283646764745,2010-09-28,75.2
-84.4088483403684,42.283646764745,2014-06-22,98.1
-84.4088483403684,42.283646764745,1989-06-14,278
-84.4088483403684,42.283646764745,2009-11-08,122
-84.4088483403684,42.283646764745,2002-11-11,59.2
-84.4088483403684,42.283646764745,1995-04-20,205
-84.4088483403684,42.283646764745,2004-01-01,114
-84.4088483403684,42.283646764745,1990-03-09,298
-84.4088483403684,42.283646764745,1982-10-10,59.0
-84.4088483403684,42.283646764745,2024-07-12,608
-84.4088483403684,42.283646764745,2003-02-08,57.3
-84.4088483403684,42.283646764745,2000-04-16,89.0
-84.4088483403684,42.283646764745,2002-07-07,45.0
-84.4088483403684,42.283646764745,1986-04-10,123
-84.4088483403684,42.283646764745,2023-05-26,70.7
-84.4088483403684,42.283646764745,2010-10-24,56.5
-84.4088483403684,42.283646764745,1979-01-14,55.0
-84.4088483403684,42.283646764745,2024-12-15,100
-84.4088483403684,42.283646764745,1998-08-11,110
-84.4088483403684,42.283646764745,2020-06-28,124
-84.4088483403684,42.283646764745,1982-11-18,162
-84.4088483403684,42.283646764745,1981-12-09,160
-84.4088483403684,42.283646764745,2004-04-07,154
-84.4088483403684,42.283646764745,1980-11-28,74.0
-84.4088483403684,42.283646764745,2000-08-18,79.0
-84.4088483403684,42.283646764745,2017-12-15,87.3
-84.4088483403684,42.283646764745,1997-08-17,145
-84.4088483403684,42.283646764745,2019-06-16,282
-84.4088483403684,42.283646764745,1994-04-12,254
-84.4088483403684,42.283646764745,2022-07-30,67.8
-84.4088483403684,42.283646764745,1991-10-09,96.0
-84.4088483403684,42.283646764745,2003-02-06,63.0
-84.4088483403684,42.283646764745,2013-09-25,58.5
-84.4088483403684,42.283646764745,1989-09-26,90.0
-84.4088483403684,42.283646764745,2008-04-05,422
-84.4088483403684,42.283646764745,2014-12-18,77.8
-84.4088483403684,42.283646764745,2015-11-24,70.2
-84.4088483403684,42.283646764745,1995-08-04,258
-84.4088483403684,42.283646764745,1989-10-06,58.0
-84.4088483403684,42.283646764745,1985-12-28,133
-84.4088483403684,42.283646764745,1989-12-23,75.0
-84.4088483403684,42.283646764745,2014-12-28,100
-84.4088483403684,42.283646764745,2021-05-06,89.8
-84.4088483403684,42.283646764745,1986-01-26,160
-84.4088483403684,42.283646764745,1987-08-12,34.0
-84.4088483403684,42.283646764745,1979-12-16,60.0
-84.4088483403684,42.283646764745,2003-03-12,124
-84.4088483403684,42.283646764745,1988-05-13,82.0
-84.4088483403684,42.283646764745,2010-04-21,83.1
-84.4088483403684,42.283646764745,1991-01-19,272
-84.4088483403684,42.283646764745,1988-05-03,149
-84.4088483403684,42.283646764745,2011-04-27,388
-84.4088483403684,42.283646764745,1982-01-04,140
-84.4088483403684,42.283646764745,2018-07-22,43.0
-84.4088483403684,42.283646764745,1992-10-28,237
-84.4088483403684,42.283646764745,1992-04-15,138
-84.4088483403684,42.283646764745,1994-04-11,209
-84.4088483403684,42.283646764745,2026-01-18,88.3
-84.4088483403684,42.283646764745,1987-07-17,38.0
-84.4088483403684,42.283646764745,2002-04-16,253
-84.4088483403684,42.283646764745,2007-01-23,192
-84.4088483403684,42.283646764745,1990-03-21,483
-84.4088483403684,42.283646764745,2015-03-22,201
-84.4088483403684,42.283646764745,1989-04-01,227
-84.4088483403684,42.283646764745,1984-06-18,128
-84.4088483403684,42.283646764745,2016-12-26,95.1
-84.4088483403684,42.283646764745,1987-05-09,137
-84.4088483403684,42.283646764745,1985-01-13,96.0
-84.4088483403684,42.283646764745,2003-07-22,57.2
-84.4088483403684,42.283646764745,2007-10-17,61.3
-84.4088483403684,42.283646764745,1987-01-10,113
-84.4088483403684,42.283646764745,2019-12-25,86.9
-84.4088483403684,42.283646764745,1994-02-04,145
-84.4088483403684,42.283646764745,1998-01-28,207
-84.4088483403684,42.283646764745,2008-07-19,114
-84.4088483403684,42.283646764745,2009-04-22,382
-84.4088483403684,42.283646764745,2006-05-17,305
-84.4088483403684,42.283646764745,1997-10-08,77.0
-84.4088483403684,42.283646764745,2024-04-25,164
-84.4088483403684,42.283646764745,2007-09-09,76.5
-84.4088483403684,42.283646764745,2010-03-23,283
-84.4088483403684,42.283646764745,1997-12-21,72.0
-84.4088483403684,42.283646764745,2010-01-05,153
-84.4088483403684,42.283646764745,2019-10-31,248
-84.4088483403684,42.283646764745,1983-01-31,85.0
-84.4088483403684,42.283646764745,1981-09-28,186
-84.4088483403684,42.283646764745,1990-08-10,61.0
-84.4088483403684,42.283646764745,2018-10-23,56.6
-84.4088483403684,42.283646764745,1990-12-27,154
-84.4088483403684,42.283646764745,2011-09-12,95.8
-84.4088483403684,42.283646764745,2008-03-02,220
-84.4088483403684,42.283646764745,1980-02-27,149
-84.4088483403684,42.283646764745,2020-03-02,199
-84.4088483403684,42.283646764745,2018-11-27,89.2
-84.4088483403684,42.283646764745,2002-12-11,56.4
-84.4088483403684,42.283646764745,2024-02-27,126
-84.4088483403684,42.283646764745,1998-01-29,212
-84.4088483403684,42.283646764745,2014-03-04,145
-84.4088483403684,42.283646764745,2012-05-09,146
-84.4088483403684,42.283646764745,1998-02-08,133
-84.4088483403684,42.283646764745,1987-05-30,93.0
-84.4088483403684,42.283646764745,1987-07-20,36.0
-84.4088483403684,42.283646764745,2024-10-10,58.7
-84.4088483403684,42.283646764745,1996-11-13,148
-84.4088483403684,42.283646764745,1979-06-04,69.0
-84.4088483403684,42.283646764745,2012-04-12,119
-84.4088483403684,42.283646764745,2021-03-30,219
-84.4088483403684,42.283646764745,1985-03-25,205
-84.4088483403684,42.283646764745,2024-12-29,184
-84.4088483403684,42.283646764745,1981-12-29,139
-84.4088483403684,42.283646764745,2017-02-02,153
-84.4088483403684,42.283646764745,1982-11-27,192
-84.4088483403684,42.283646764745,2015-08-13,59.1
-84.4088483403684,42.283646764745,2015-12-03,150
-84.4088483403684,42.283646764745,2019-04-29,331
-84.4088483403684,42.283646764745,2008-02-25,269
-84.4088483403684,42.283646764745,2022-03-09,317
-84.4088483403684,42.283646764745,2007-04-10,171
-84.4088483403684,42.283646764745,1989-02-27,84.0
-84.4088483403684,42.283646764745,2019-08-27,67.4
-84.4088483403684,42.283646764745,1990-07-25,82.0
-84.4088483403684,42.283646764745,2008-08-14,54.7
-84.4088483403684,42.283646764745,2005-05-22,97.4
-84.4088483403684,42.283646764745,2009-05-28,313
-84.4088483403684,42.283646764745,1990-03-17,550
-84.4088483403684,42.283646764745,2000-10-10,122
-84.4088483403684,42.283646764745,2002-01-26,159
-84.4088483403684,42.283646764745,2005-02-25,261
-84.4088483403684,42.283646764745,1995-01-03,155
-84.4088483403684,42.283646764745,2023-11-23,109
-84.4088483403684,42.283646764745,1996-03-11,153
-84.4088483403684,42.283646764745,2013-04-29,464
-84.4088483403684,42.283646764745,2004-04-21,86.8
-84.4088483403684,42.283646764745,2015-02-07,78.7
-84.4088483403684,42.283646764745,1991-09-24,54.0
-84.4088483403684,42.283646764745,2007-03-08,182
-84.4088483403684,42.283646764745,1998-03-18,340
-84.4088483403684,42.283646764745,1995-04-16,272
-84.4088483403684,42.283646764745,1995-07-25,70.0
-84.4088483403684,42.283646764745,2002-08-08,57.0
-84.4088483403684,42.283646764745,2008-01-27,133
-84.4088483403684,42.283646764745,2008-04-16,294
-84.4088483403684,42.283646764745,2023-04-07,305
-84.4088483403684,42.283646764745,2000-06-02,139
-84.4088483403684,42.283646764745,1984-05-24,265
-84.4088483403684,42.283646764745,2008-12-01,113
-84.4088483403684,42.283646764745,1983-02-07,160
-84.4088483403684,42.283646764745,2022-08-26,76.6
-84.4088483403684,42.283646764745,1998-07-22,90.0
-84.4088483403684,42.283646764745,1983-07-13,75.0
-84.4088483403684,42.283646764745,1986-12-14,158
-84.4088483403684,42.283646764745,2023-04-08,282
-84.4088483403684,42.283646764745,1979-08-21,140
-84.4088483403684,42.283646764745,1990-06-11,136
-84.4088483403684,42.283646764745,1994-07-23,117
-84.4088483403684,42.283646764745,2004-10-08,62.1
-84.4088483403684,42.283646764745,1993-01-13,452
-84.4088483403684,42.283646764745,1989-05-10,103
-84.4088483403684,42.283646764745,2000-01-16,106
-84.4088483403684,42.283646764745,2009-04-18,358
-84.4088483403684,42.283646764745,1996-07-21,53.0
-84.4088483403684,42.283646764745,1988-06-26,31.0
-84.4088483403684,42.283646764745,1984-09-06,27.0
-84.4088483403684,42.283646764745,2022-08-23,79.4
-84.4088483403684,42.283646764745,1998-09-04,62.0
-84.4088483403684,42.283646764745,1992-08-23,70.0
-84.4088483403684,42.283646764745,1980-09-03,209
-84.4088483403684,42.283646764745,1995-02-22,120
-84.4088483403684,42.283646764745,1985-09-14,69.0
-84.4088483403684,42.283646764745,1999-04-17,184
-84.4088483403684,42.283646764745,2011-11-04,114
-84.4088483403684,42.283646764745,1989-05-14,112
-84.4088483403684,42.283646764745,1987-09-04,70.0
-84.4088483403684,42.283646764745,1990-06-14,130
-84.4088483403684,42.283646764745,2012-01-12,177
-84.4088483403684,42.283646764745,2011-04-09,314
-84.4088483403684,42.283646764745,1983-09-11,44.0
-84.4088483403684,42.283646764745,2013-12-28,164
-84.4088483403684,42.283646764745,2026-05-03,205
-84.4088483403684,42.283646764745,2024-10-07,64.0
-84.4088483403684,42.283646764745,1997-11-09,134
-84.4088483403684,42.283646764745,2009-08-18,83.1
-84.4088483403684,42.283646764745,2019-08-12,58.9
-84.4088483403684,42.283646764745,1996-03-26,200
-84.4088483403684,42.283646764745,1998-01-24,214
-84.4088483403684,42.283646764745,2010-02-22,103
-84.4088483403684,42.283646764745,2006-05-26,214
-84.4088483403684,42.283646764745,1984-03-19,359
-84.4088483403684,42.283646764745,2004-02-18,71.4
-84.4088483403684,42.283646764745,1999-03-30,109
-84.4088483403684,42.283646764745,1989-05-21,146
-84.4088483403684,42.283646764745,2003-03-18,181
-84.4088483403684,42.283646764745,2010-01-13,127
-84.4088483403684,42.283646764745,2002-11-03,46.5
-84.4088483403684,42.283646764745,2011-09-25,67.9
-84.4088483403684,42.283646764745,1998-04-29,341
-84.4088483403684,42.283646764745,2002-01-28,159
-84.4088483403684,42.283646764745,2011-04-28,509
-84.4088483403684,42.283646764745,1996-06-04,92.0
-84.4088483403684,42.283646764745,2013-04-07,73.3
-84.4088483403684,42.283646764745,1979-05-08,190
-84.4088483403684,42.283646764745,2022-08-31,74.6
-84.4088483403684,42.283646764745,2021-09-06,44.7
-84.4088483403684,42.283646764745,1988-08-06,43.0
-84.4088483403684,42.283646764745,2001-10-26,334
-84.4088483403684,42.283646764745,1984-03-12,70.0
-84.4088483403684,42.283646764745,2018-12-17,91.3
-84.4088483403684,42.283646764745,2014-10-30,61.4
-84.4088483403684,42.283646764745,2015-11-03,69.0
-84.4088483403684,42.283646764745,1987-02-01,83.0
-84.4088483403684,42.283646764745,1998-04-06,241
-84.4088483403684,42.283646764745,2005-08-11,64.5
-84.4088483403684,42.283646764745,1992-08-22,75.0
-84.4088483403684,42.283646764745,1992-06-17,99.0
-84.4088483403684,42.283646764745,1986-02-19,216
-84.4088483403684,42.283646764745,2025-11-22,60.2
-84.4088483403684,42.283646764745,1986-03-05,163
-84.4088483403684,42.283646764745,2018-08-15,44.6
-84.4088483403684,42.283646764745,1998-06-12,225
-84.4088483403684,42.283646764745,1982-06-29,158
-84.4088483403684,42.283646764745,2014-09-01,44.3
-84.4088483403684,42.283646764745,2020-12-06,77.8
-84.4088483403684,42.283646764745,2014-09-26,70.2
-84.4088483403684,42.283646764745,1984-02-21,284
-84.4088483403684,42.283646764745,1986-01-01,67.0
-84.4088483403684,42.283646764745,2001-11-23,102
-84.4088483403684,42.283646764745,2003-01-06,82.0
-84.4088483403684,42.283646764745,2009-08-16,75.2
-84.4088483403684,42.283646764745,2009-09-28,117
-84.4088483403684,42.283646764745,2010-05-03,157
-84.4088483403684,42.283646764745,2017-03-24,284
-84.4088483403684,42.283646764745,2007-07-06,58.4
-84.4088483403684,42.283646764745,2012-05-25,107
-84.4088483403684,42.283646764745,2014-12-20,70.3
-84.4088483403684,42.283646764745,1984-03-18,353
-84.4088483403684,42.283646764745,2022-04-02,292
-84.4088483403684,42.283646764745,2013-06-06,78.6
-84.4088483403684,42.283646764745,2013-03-03,103
-84.4088483403684,42.283646764745,1999-03-12,200
-84.4088483403684,42.283646764745,2008-01-03,143
-84.4088483403684,42.283646764745,1986-05-31,105
-84.4088483403684,42.283646764745,2012-12-20,83.9
-84.4088483403684,42.283646764745,1993-03-19,248
-84.4088483403684,42.283646764745,2011-01-18,131
-84.4088483403684,42.283646764745,1980-07-25,53.0
-84.4088483403684,42.283646764745,1993-12-05,177
-84.4088483403684,42.283646764745,1985-05-28,96.0
-84.4088483403684,42.283646764745,1988-01-01,168
-84.4088483403684,42.283646764745,2024-12-22,86.8
-84.4088483403684,42.283646764745,2012-04-08,137
-84.4088483403684,42.283646764745,1996-05-21,189
-84.4088483403684,42.283646764745,1991-08-01,75.0
-84.4088483403684,42.283646764745,1988-08-17,36.0
-84.4088483403684,42.283646764745,1998-04-25,142
-84.4088483403684,42.283646764745,1993-05-10,261
-84.4088483403684,42.283646764745,2015-10-25,44.9
-84.4088483403684,42.283646764745,2009-12-25,141
-84.4088483403684,42.283646764745,1998-02-04,209
-84.4088483403684,42.283646764745,1982-06-23,125
-84.4088483403684,42.283646764745,2010-09-19,64.9
-84.4088483403684,42.283646764745,1991-06-03,128
-84.4088483403684,42.283646764745,1996-05-24,181
-84.4088483403684,42.283646764745,2021-07-15,62.2
-84.4088483403684,42.283646764745,2010-10-08,59.5
-84.4088483403684,42.283646764745,2013-06-20,91.4
-84.4088483403684,42.283646764745,2006-01-11,176
-84.4088483403684,42.283646764745,2010-10-18,53.5
-84.4088483403684,42.283646764745,1985-01-04,306
-84.4088483403684,42.283646764745,2018-05-14,479
-84.4088483403684,42.283646764745,2008-10-13,82.6
-84.4088483403684,42.283646764745,2014-02-17,121
-84.4088483403684,42.283646764745,2021-08-31,50.6
-84.4088483403684,42.283646764745,2025-07-22,69.4
-84.4088483403684,42.283646764745,1986-01-21,166
-84.4088483403684,42.283646764745,2001-12-28,131
-84.4088483403684,42.283646764745,2001-01-13,111
-84.4088483403684,42.283646764745,1994-06-06,80.0
-84.4088483403684,42.283646764745,2025-05-11,258
-84.4088483403684,42.283646764745,1999-04-14,191
-84.4088483403684,42.283646764745,1998-12-16,95.0
-84.4088483403684,42.283646764745,2001-08-09,54.0
-84.4088483403684,42.283646764745,1986-09-06,47.0
-84.4088483403684,42.283646764745,2009-10-22,146
-84.4088483403684,42.283646764745,2023-10-15,77.2
-84.4088483403684,42.283646764745,1998-04-16,298
-84.4088483403684,42.283646764745,2008-10-27,106
-84.4088483403684,42.283646764745,2014-12-10,128
-84.4088483403684,42.283646764745,2026-04-21,388
-84.4088483403684,42.283646764745,2017-05-27,292
-84.4088483403684,42.283646764745,2024-05-31,119
-84.4088483403684,42.283646764745,2021-09-25,197
-84.4088483403684,42.283646764745,1985-08-14,52.0
-84.4088483403684,42.283646764745,2018-07-02,99.6
-84.4088483403684,42.283646764745,2018-03-17,185
-84.4088483403684,42.283646764745,1983-10-24,62.0
-84.4088483403684,42.283646764745,1985-05-10,139
-84.4088483403684,42.283646764745,2025-01-29,87.1
-84.4088483403684,42.283646764745,1982-01-21,81.0
-84.4088483403684,42.283646764745,2011-03-30,200
-84.4088483403684,42.283646764745,2004-11-20,117
-84.4088483403684,42.283646764745,2016-02-25,94.3
-84.4088483403684,42.283646764745,1994-04-05,197
-84.4088483403684,42.283646764745,2022-07-26,84.6
-84.4088483403684,42.283646764745,1985-02-03,70.0
-84.4088483403684,42.283646764745,1984-09-17,42.0
-84.4088483403684,42.283646764745,2020-10-26,117
-84.4088483403684,42.283646764745,2002-11-20,68.5
-84.4088483403684,42.283646764745,1993-10-17,188
-84.4088483403684,42.283646764745,1998-01-23,216
-84.4088483403684,42.283646764745,1997-06-22,222
-84.4088483403684,42.283646764745,1998-02-18,396
-84.4088483403684,42.283646764745,2009-09-16,85.1
-84.4088483403684,42.283646764745,2007-07-23,47.9
-84.4088483403684,42.283646764745,1988-10-09,67.0
-84.4088483403684,42.283646764745,1995-10-13,71.0
-84.4088483403684,42.283646764745,2005-08-06,72.5
-84.4088483403684,42.283646764745,2004-04-05,172
-84.4088483403684,42.283646764745,1998-03-27,375
-84.4088483403684,42.283646764745,2004-08-31,73.9
-84.4088483403684,42.283646764745,1981-04-05,183
-84.4088483403684,42.283646764745,1987-12-07,151
-84.4088483403684,42.283646764745,2026-03-20,229
-84.4088483403684,42.283646764745,2006-05-23,193
-84.4088483403684,42.283646764745,1983-08-24,61.0
-84.4088483403684,42.283646764745,1996-08-04,60.0
-84.4088483403684,42.283646764745,2003-06-09,181
-84.4088483403684,42.283646764745,2003-01-11,64.8
-84.4088483403684,42.283646764745,1992-05-11,110
-84.4088483403684,42.283646764745,2004-07-16,75.0
-84.4088483403684,42.283646764745,2014-12-01,103
-84.4088483403684,42.283646764745,2009-01-28,90.6
-84.4088483403684,42.283646764745,2010-05-29,315
-84.4088483403684,42.283646764745,2010-09-03,71.2
-84.4088483403684,42.283646764745,2005-10-24,35.7
-84.4088483403684,42.283646764745,1998-09-01,64.0
-84.4088483403684,42.283646764745,2000-09-04,64.0
-84.4088483403684,42.283646764745,2007-12-11,159
-84.4088483403684,42.283646764745,2002-10-22,49.7
-84.4088483403684,42.283646764745,1979-10-03,40.0
-84.4088483403684,42.283646764745,2024-08-26,85.9
-84.4088483403684,42.283646764745,2007-11-10,60.2
-84.4088483403684,42.283646764745,1998-05-30,91.0
-84.4088483403684,42.283646764745,2020-01-19,411
-84.4088483403684,42.283646764745,2014-07-26,54.9
-84.4088483403684,42.283646764745,2001-12-05,194
-84.4088483403684,42.283646764745,2009-02-18,375
-84.4088483403684,42.283646764745,2021-01-19,87.9
-84.4088483403684,42.283646764745,2021-01-09,114
-84.4088483403684,42.283646764745,2013-12-01,72.3
-84.4088483403684,42.283646764745,2016-03-06,242
-84.4088483403684,42.283646764745,2000-02-17,65.0
-84.4088483403684,42.283646764745,1988-11-13,230
-84.4088483403684,42.283646764745,2002-11-13,116
-84.4088483403684,42.283646764745,2007-10-25,65.5
-84.4088483403684,42.283646764745,1992-06-01,94.0
-84.4088483403684,42.283646764745,2022-06-29,86.7
-84.4088483403684,42.283646764745,1984-08-02,41.0
-84.4088483403684,42.283646764745,2013-11-16,63.3
-84.4088483403684,42.283646764745,1989-09-17,99.0
-84.4088483403684,42.283646764745,1996-07-04,77.0
-84.4088483403684,42.283646764745,1991-05-20,156
-84.4088483403684,42.283646764745,1987-08-13,27.0
-84.4088483403684,42.283646764745,1988-07-04,27.0
-84.4088483403684,42.283646764745,1994-06-03,72.0
-84.4088483403684,42.283646764745,1996-09-19,61.0
-84.4088483403684,42.283646764745,1998-06-13,162
-84.4088483403684,42.283646764745,1982-11-24,243
-84.4088483403684,42.283646764745,1986-06-13,161
-84.4088483403684,42.283646764745,2026-08-25,60.2
-84.4088483403684,42.283646764745,2010-11-21,69.3
-84.4088483403684,42.283646764745,1982-03-26,551
-84.4088483403684,42.283646764745,2018-12-09,149
-84.4088483403684,42.283646764745,2007-04-03,206
-84.4088483403684,42.283646764745,2026-04-16,523
-84.4088483403684,42.283646764745,1986-08-11,55.0
-84.4088483403684,42.283646764745,2009-06-21,347
-84.4088483403684,42.283646764745,2023-08-14,103
-84.4088483403684,42.283646764745,2012-03-13,371
-84.4088483403684,42.283646764745,1995-06-16,64.0
-84.4088483403684,42.283646764745,2011-12-18,252
-84.4088483403684,42.283646764745,2019-10-05,152
-84.4088483403684,42.283646764745,2000-07-03,210
-84.4088483403684,42.283646764745,1986-11-21,88.0
-84.4088483403684,42.283646764745,1983-12-17,269
-84.4088483403684,42.283646764745,1996-01-19,228
-84.4088483403684,42.283646764745,2021-07-06,124
-84.4088483403684,42.283646764745,2020-06-12,203
-84.4088483403684,42.283646764745,1985-03-13,335
-84.4088483403684,42.283646764745,1980-06-09,224
-84.4088483403684,42.283646764745,1993-07-16,115
-84.4088483403684,42.283646764745,2016-11-10,126
-84.4088483403684,42.283646764745,2018-06-20,128
-84.4088483403684,42.283646764745,2000-05-09,141
-84.4088483403684,42.283646764745,2009-02-12,375
-84.4088483403684,42.283646764745,2001-03-21,215
-84.4088483403684,42.283646764745,1982-01-09,100
-84.4088483403684,42.283646764745,1996-02-17,90.0
-84.4088483403684,42.283646764745,2005-02-19,347
-84.4088483403684,42.283646764745,1981-01-07,82.0
-84.4088483403684,42.283646764745,1981-12-11,134
-84.4088483403684,42.283646764745,1997-03-29,345
-84.4088483403684,42.283646764745,1981-03-18,165
-84.4088483403684,42.283646764745,2015-06-29,296
-84.4088483403684,42.283646764745,2020-10-10,50.8
-84.4088483403684,42.283646764745,2016-05-01,189
-84.4088483403684,42.283646764745,1981-09-18,160
-84.4088483403684,42.283646764745,2021-08-14,234
-84.4088483403684,42.283646764745,1981-02-01,87.0
-84.4088483403684,42.283646764745,1979-10-10,92.0
-84.4088483403684,42.283646764745,2005-03-03,203
-84.4088483403684,42.283646764745,2005-03-24,232
-84.4088483403684,42.283646764745,2014-12-06,142
-84.4088483403684,42.283646764745,2004-08-08,85.8
-84.4088483403684,42.283646764745,1997-04-22,172
-84.4088483403684,42.283646764745,2014-08-31,53.5
-84.4088483403684,42.283646764745,2001-09-23,78.0
-84.4088483403684,42.283646764745,2002-07-26,101
-84.4088483403684,42.283646764745,2015-01-03,116
-84.4088483403684,42.283646764745,2002-10-18,41.6
-84.4088483403684,42.283646764745,2004-11-07,143
-84.4088483403684,42.283646764745,2024-06-28,103
-84.4088483403684,42.283646764745,1994-10-07,67.0
-84.4088483403684,42.283646764745,1996-01-05,87.0
-84.4088483403684,42.283646764745,2008-08-05,63.0
-84.4088483403684,42.283646764745,2022-03-27,424
-84.4088483403684,42.283646764745,1994-07-14,96.0
-84.4088483403684,42.283646764745,2006-11-27,147
-84.4088483403684,42.283646764745,2001-06-28,96.0
-84.4088483403684,42.283646764745,2021-03-11,121
-84.4088483403684,42.283646764745,2025-01-27,88.8
-84.4088483403684,42.283646764745,2010-10-28,131
-84.4088483403684,42.283646764745,2022-07-14,76.5
-84.4088483403684,42.283646764745,1986-05-16,84.0
-84.4088483403684,42.283646764745,1983-11-27,195
-84.4088483403684,42.283646764745,1984-02-18,343
-84.4088483403684,42.283646764745,2010-07-12,106
-84.4088483403684,42.283646764745,2019-01-09,183
-84.4088483403684,42.283646764745,1988-01-30,174
-84.4088483403684,42.283646764745,2020-06-19,112
-84.4088483403684,42.283646764745,1998-08-24,69.0
-84.4088483403684,42.283646764745,1994-02-08,115
-84.4088483403684,42.283646764745,2024-07-07,161
-84.4088483403684,42.283646764745,2008-01-24,164
-84.4088483403684,42.283646764745,1979-03-10,396
-84.4088483403684,42.283646764745,1993-07-22,218
-84.4088483403684,42.283646764745,1984-11-09,68.0
-84.4088483403684,42.283646764745,2024-07-08,123
-84.4088483403684,42.283646764745,2013-09-20,102
-84.4088483403684,42.283646764745,2004-01-14,81.1
-84.4088483403684,42.283646764745,2020-08-13,58.8
-84.4088483403684,42.283646764745,2008-01-20,321
-84.4088483403684,42.283646764745,2004-11-22,108
-84.4088483403684,42.283646764745,1979-06-08,67.0
-84.4088483403684,42.283646764745,1996-10-14,68.0
-84.4088483403684,42.283646764745,1980-04-10,353
-84.4088483403684,42.283646764745,2016-06-07,60.5
-84.4088483403684,42.283646764745,2018-11-01,90.1
-84.4088483403684,42.283646764745,1991-08-09,110
-84.4088483403684,42.283646764745,2021-07-26,94.2
-84.4088483403684,42.283646764745,2009-02-16,376
-84.4088483403684,42.283646764745,1994-08-11,162
-84.4088483403684,42.283646764745,1994-03-12,225
-84.4088483403684,42.283646764745,2010-03-20,314
-84.4088483403684,42.283646764745,2013-01-01,59.4
-84.4088483403684,42.283646764745,2001-10-21,317
-84.4088483403684,42.283646764745,2018-09-25,61.3
-84.4088483403684,42.283646764745,2025-07-10,94.5
-84.4088483403684,42.283646764745,1982-12-31,199
-84.4088483403684,42.283646764745,1994-02-21,222
-84.4088483403684,42.283646764745,2011-11-12,225
-84.4088483403684,42.283646764745,2020-06-27,216
-84.4088483403684,42.283646764745,2021-11-25,149
-84.4088483403684,42.283646764745,2000-02-15,66.0
-84.4088483403684,42.283646764745,2010-12-18,81.3
-84.4088483403684,42.283646764745,2005-12-16,68.9
-84.4088483403684,42.283646764745,2021-07-04,146
-84.4088483403684,42.283646764745,2023-08-03,87.8
-84.4088483403684,42.283646764745,1983-08-05,164
-84.4088483403684,42.283646764745,1983-03-18,187
-84.4088483403684,42.283646764745,1991-03-11,196
-84.4088483403684,42.283646764745,2023-08-08,87.7
-84.4088483403684,42.283646764745,2000-03-30,94.0
-84.4088483403684,42.283646764745,2010-12-06,111
-84.4088483403684,42.283646764745,1991-08-04,60.0
-84.4088483403684,42.283646764745,2013-06-24,70.9
-84.4088483403684,42.283646764745,2003-06-01,138
-84.4088483403684,42.283646764745,1980-05-30,83.0
-84.4088483403684,42.283646764745,1982-04-10,393
-84.4088483403684,42.283646764745,1994-03-18,201
-84.4088483403684,42.283646764745,2011-02-16,182
-84.4088483403684,42.283646764745,2010-05-24,443
-84.4088483403684,42.283646764745,2017-05-25,271
-84.4088483403684,42.283646764745,2010-06-30,311
-84.4088483403684,42.283646764745,1982-10-04,64.0
-84.4088483403684,42.283646764745,1980-07-19,60.0
-84.4088483403684,42.283646764745,1994-04-06,200
-84.4088483403684,42.283646764745,2018-12-14,144
-84.4088483403684,42.283646764745,2019-12-20,101
-84.4088483403684,42.283646764745,2015-08-05,68.1
-84.4088483403684,42.283646764745,2025-01-18,122
-84.4088483403684,42.283646764745,2010-01-16,128
-84.4088483403684,42.283646764745,2012-04-26,146
-84.4088483403684,42.283646764745,1991-06-27,63.0
-84.4088483403684,42.283646764745,1988-01-07,112
-84.4088483403684,42.283646764745,2020-01-14,416
-84.4088483403684,42.283646764745,2004-02-12,75.4
-84.4088483403684,42.283646764745,1991-03-17,203
-84.4088483403684,42.283646764745,1997-06-06,218
-84.4088483403684,42.283646764745,2025-02-27,121
-84.4088483403684,42.283646764745,1989-03-05,148
-84.4088483403684,42.283646764745,2025-04-30,149
-84.4088483403684,42.283646764745,1993-08-10,81.0
-84.4088483403684,42.283646764745,2018-05-03,173
-84.4088483403684,42.283646764745,1981-04-18,316
-84.4088483403684,42.283646764745,1994-05-03,222
-84.4088483403684,42.283646764745,2013-11-14,68.9
-84.4088483403684,42.283646764745,2000-12-19,129
-84.4088483403684,42.283646764745,1997-03-23,238
-84.4088483403684,42.283646764745,1985-05-14,72.0
-84.4088483403684,42.283646764745,2005-08-26,60.3
-84.4088483403684,42.283646764745,2004-01-26,70.3
-84.4088483403684,42.283646764745,2006-09-21,110
-84.4088483403684,42.283646764745,2006-05-14,328
-84.4088483403684,42.283646764745,1983-02-21,168
-84.4088483403684,42.283646764745,1992-09-08,182
-84.4088483403684,42.283646764745,2023-06-26,81.8
-84.4088483403684,42.283646764745,2004-04-01,210
-84.4088483403684,42.283646764745,1979-02-13,59.0
-84.4088483403684,42.283646764745,2018-01-01,84.7
-84.4088483403684,42.283646764745,2009-07-13,81.6
-84.4088483403684,42.283646764745,2023-07-21,63.3
-84.4088483403684,42.283646764745,1996-08-25,62.0
-84.4088483403684,42.283646764745,1986-08-04,51.0
-84.4088483403684,42.283646764745,1979-11-22,127
-84.4088483403684,42.283646764745,2017-05-13,231
-84.4088483403684,42.283646764745,1997-08-01,64.0
-84.4088483403684,42.283646764745,1997-09-10,171
-84.4088483403684,42.283646764745,1983-08-11,176
-84.4088483403684,42.283646764745,1994-05-18,95.0
-84.4088483403684,42.283646764745,1991-08-27,71.0
-84.4088483403684,42.283646764745,2026-06-04,79.8
-84.4088483403684,42.283646764745,2016-03-18,174
-84.4088483403684,42.283646764745,1987-10-03,57.0
-84.4088483403684,42.283646764745,2012-12-08,162
-84.4088483403684,42.283646764745,2026-01-25,85.6
-84.4088483403684,42.283646764745,1989-11-07,98.0
-84.4088483403684,42.283646764745,2007-01-10,360
-84.4088483403684,42.283646764745,1996-06-17,157
-84.4088483403684,42.283646764745,1996-11-29,77.0
-84.4088483403684,42.283646764745,1988-02-14,118
-84.4088483403684,42.283646764745,1979-12-19,67.0
-84.4088483403684,42.283646764745,2001-05-20,303
-84.4088483403684,42.283646764745,2025-05-20,161
-84.4088483403684,42.283646764745,1995-02-15,106
-84.4088483403684,42.283646764745,2001-08-20,51.0
-84.4088483403684,42.283646764745,1991-04-17,186
-84.4088483403684,42.283646764745,2018-02-20,492
-84.4088483403684,42.283646764745,2021-12-30,229
-84.4088483403684,42.283646764745,1989-08-18,83.0
-84.4088483403684,42.283646764745,1985-07-11,72.0
-84.4088483403684,42.283646764745,2016-01-13,151
-84.4088483403684,42.283646764745,1994-02-16,103
-84.4088483403684,42.283646764745,1993-06-01,106
-84.4088483403684,42.283646764745,2021-12-17,273
-84.4088483403684,42.283646764745,2015-04-10,140
-84.4088483403684,42.283646764745,2017-05-06,192
-84.4088483403684,42.283646764745,1999-09-20,32.0
-84.4088483403684,42.283646764745,2013-11-02,101
-84.4088483403684,42.283646764745,1987-06-30,46.0
-84.4088483403684,42.283646764745,1994-01-12,130
-84.4088483403684,42.283646764745,1984-07-08,42.0
-84.4088483403684,42.283646764745,2026-07-24,58.9
-84.4088483403684,42.283646764745,1999-04-01,131
-84.4088483403684,42.283646764745,1997-04-27,104
-84.4088483403684,42.283646764745,1991-08-02,66.0
-84.4088483403684,42.283646764745,2003-03-22,252
-84.4088483403684,42.283646764745,2008-02-20,383
-84.4088483403684,42.283646764745,1987-06-05,130
-84.4088483403684,42.283646764745,1990-05-15,214
-84.4088483403684,42.283646764745,2018-03-26,120
-84.4088483403684,42.283646764745,2001-04-06,230
-84.4088483403684,42.283646764745,2001-10-27,321
-84.4088483403684,42.283646764745,1989-01-25,129
-84.4088483403684,42.283646764745,2000-07-30,180
-84.4088483403684,42.283646764745,1994-01-14,125
-84.4088483403684,42.283646764745,2024-02-02,448
-84.4088483403684,42.283646764745,1985-08-09,58.0
-84.4088483403684,42.283646764745,1983-05-29,242
-84.4088483403684,42.283646764745,1990-02-02,155
-84.4088483403684,42.283646764745,2002-01-27,158
-84.4088483403684,42.283646764745,2013-08-14,134
-84.4088483403684,42.283646764745,2023-11-04,91.8
-84.4088483403684,42.283646764745,2015-10-20,38.2
-84.4088483403684,42.283646764745,1979-08-06,158
-84.4088483403684,42.283646764745,2012-12-30,58.1
-84.4088483403684,42.283646764745,1979-10-01,38.0
-84.4088483403684,42.283646764745,1991-05-28,138
-84.4088483403684,42.283646764745,1984-11-22,67.0
-84.4088483403684,42.283646764745,1998-04-21,173
-84.4088483403684,42.283646764745,1981-08-29,149
-84.4088483403684,42.283646764745,1989-06-20,243
-84.4088483403684,42.283646764745,1982-09-26,100
-84.4088483403684,42.283646764745,2026-05-21,94.8
-84.4088483403684,42.283646764745,1991-04-03,187
-84.4088483403684,42.283646764745,1998-04-07,236
-84.4088483403684,42.283646764745,1994-02-11,124
-84.4088483403684,42.283646764745,1995-03-19,268
-84.4088483403684,42.283646764745,1979-10-28,37.0
-84.4088483403684,42.283646764745,2007-10-06,63.5
-84.4088483403684,42.283646764745,2020-06-22,109
-84.4088483403684,42.283646764745,1981-01-27,78.0
-84.4088483403684,42.283646764745,1986-01-16,130
-84.4088483403684,42.283646764745,1988-05-31,54.0
-84.4088483403684,42.283646764745,1982-09-19,114
-84.4088483403684,42.283646764745,2001-06-09,277
-84.4088483403684,42.283646764745,1980-02-03,48.0
-84.4088483403684,42.283646764745,1985-12-04,145
-84.4088483403684,42.283646764745,2000-08-12,150
-84.4088483403684,42.283646764745,2012-08-23,39.0
-84.4088483403684,42.283646764745,2019-04-22,202
-84.4088483403684,42.283646764745,2013-04-01,79.2
-84.4088483403684,42.283646764745,1982-02-19,146
-84.4088483403684,42.283646764745,1981-03-09,189
-84.4088483403684,42.283646764745,1989-12-09,90.0
-84.4088483403684,42.283646764745,2000-08-21,69.0
-84.4088483403684,42.283646764745,1980-03-12,132
-84.4088483403684,42.283646764745,1992-08-07,212
-84.4088483403684,42.283646764745,2006-03-22,248
-84.4088483403684,42.283646764745,1986-03-06,138
-84.4088483403684,42.283646764745,2025-10-26,73.9
-84.4088483403684,42.283646764745,2018-06-01,349
-84.4088483403684,42.283646764745,2005-07-28,172
-84.4088483403684,42.283646764745,2004-07-04,103
-84.4088483403684,42.283646764745,2011-07-23,61.8
-84.4088483403684,42.283646764745,2002-05-12,315
-84.4088483403684,42.283646764745,2021-06-27,292
-84.4088483403684,42.283646764745,1982-12-24,138
-84.4088483403684,42.283646764745,1988-06-02,53.0
-84.4088483403684,42.283646764745,1990-02-10,214
-84.4088483403684,42.283646764745,2004-10-26,61.5
-84.4088483403684,42.283646764745,1981-05-10,192
-84.4088483403684,42.283646764745,1999-06-14,92.0
-84.4088483403684,42.283646764745,2014-11-29,106
-84.4088483403684,42.283646764745,2022-12-09,66.8
-84.4088483403684,42.283646764745,2011-04-22,237
-84.4088483403684,42.283646764745,2001-06-25,197
-84.4088483403684,42.283646764745,2016-11-18,68.8
-84.4088483403684,42.283646764745,2024-11-16,101
-84.4088483403684,42.283646764745,2021-09-12,42.0
-84.4088483403684,42.283646764745,2009-04-27,318
-84.4088483403684,42.283646764745,2012-04-18,185
-84.4088483403684,42.283646764745,2009-12-18,167
-84.4088483403684,42.283646764745,1985-06-27,63.0
-84.4088483403684,42.283646764745,1992-01-09,176
-84.4088483403684,42.283646764745,2013-10-01,51.1
-84.4088483403684,42.283646764745,1992-10-02,152
-84.4088483403684,42.283646764745,1981-09-13,83.0
-84.4088483403684,42.283646764745,2013-05-20,149
-84.4088483403684,42.283646764745,1987-04-16,153
-84.4088483403684,42.283646764745,2003-08-13,57.9
-84.4088483403684,42.283646764745,1986-01-08,78.0
-84.4088483403684,42.283646764745,1990-12-07,197
-84.4088483403684,42.283646764745,2005-11-27,139
-84.4088483403684,42.283646764745,1995-06-05,96.0
-84.4088483403684,42.283646764745,1992-06-12,116
-84.4088483403684,42.283646764745,2015-02-17,71.5
-84.4088483403684,42.283646764745,2013-01-11,82.0
-84.4088483403684,42.283646764745,1982-06-22,168
-84.4088483403684,42.283646764745,1996-09-02,52.0
-84.4088483403684,42.283646764745,2001-05-18,291
-84.4088483403684,42.283646764745,1993-06-19,166
-84.4088483403684,42.283646764745,2003-08-31,35.5
-84.4088483403684,42.283646764745,2011-12-27,301
-84.4088483403684,42.283646764745,1980-05-12,104
-84.4088483403684,42.283646764745,2011-02-03,81.6
-84.4088483403684,42.283646764745,1986-05-27,128
-84.4088483403684,42.283646764745,1988-02-15,146
-84.4088483403684,42.283646764745,1995-02-17,124
-84.4088483403684,42.283646764745,1991-05-09,185
-84.4088483403684,42.283646764745,2002-11-30,58.1
-84.4088483403684,42.283646764745,2003-12-13,114
-84.4088483403684,42.283646764745,2000-11-08,81.0
-84.4088483403684,42.283646764745,2011-01-27,74.2
-84.4088483403684,42.283646764745,2015-06-21,285
-84.4088483403684,42.283646764745,1988-01-21,172
-84.4088483403684,42.283646764745,1987-12-09,167
-84.4088483403684,42.283646764745,2019-08-29,65.2
-84.4088483403684,42.283646764745,2011-10-30,137
-84.4088483403684,42.283646764745,2006-01-28,231
-84.4088483403684,42.283646764745,2011-10-01,149
-84.4088483403684,42.283646764745,1983-10-22,71.0
-84.4088483403684,42.283646764745,1989-08-17,86.0
-84.4088483403684,42.283646764745,2003-07-02,46.5
-84.4088483403684,42.283646764745,2014-04-17,270
-84.4088483403684,42.283646764745,1987-03-24,104
-84.4088483403684,42.283646764745,1999-10-22,49.0
-84.4088483403684,42.283646764745,1981-01-23,70.0
-84.4088483403684,42.283646764745,2020-07-18,86.6
-84.4088483403684,42.283646764745,2023-05-04,183
-84.4088483403684,42.283646764745,2024-08-10,198
-84.4088483403684,42.283646764745,1993-12-29,91.0
-84.4088483403684,42.283646764745,1998-08-20,75.0
-84.4088483403684,42.283646764745,1990-11-03,121
-84.4088483403684,42.283646764745,1980-12-06,159
-84.4088483403684,42.283646764745,1987-08-03,33.0
-84.4088483403684,42.283646764745,2023-04-16,220
-84.4088483403684,42.283646764745,2007-10-14,53.2
-84.4088483403684,42.283646764745,2021-07-10,68.9
-84.4088483403684,42.283646764745,2005-08-18,63.7
-84.4088483403684,42.283646764745,2002-04-25,159
-84.4088483403684,42.283646764745,2009-04-12,312
-84.4088483403684,42.283646764745,1983-06-04,225
-84.4088483403684,42.283646764745,1987-12-12,171
-84.4088483403684,42.283646764745,1993-11-08,149
-84.4088483403684,42.283646764745,2012-04-21,127
-84.4088483403684,42.283646764745,1989-12-24,75.0
-84.4088483403684,42.283646764745,1985-12-31,77.0
-84.4088483403684,42.283646764745,1997-07-26,75.0
-84.4088483403684,42.283646764745,2006-12-10,252
-84.4088483403684,42.283646764745,1996-01-12,83.0
-84.4088483403684,42.283646764745,2004-04-27,77.5
-84.4088483403684,42.283646764745,1980-05-23,175
-84.4088483403684,42.283646764745,1982-04-22,277
-84.4088483403684,42.283646764745,1997-12-30,169
-84.4088483403684,42.283646764745,1979-05-29,89.0
-84.4088483403684,42.283646764745,1985-02-21,144
-84.4088483403684,42.283646764745,1979-05-07,190
-84.4088483403684,42.283646764745,1999-08-31,50.0
-84.4088483403684,42.283646764745,1986-01-20,115
-84.4088483403684,42.283646764745,2024-08-31,88.4
-84.4088483403684,42.283646764745,2011-08-22,76.3
-84.4088483403684,42.283646764745,2000-06-26,305
-84.4088483403684,42.283646764745,2006-06-16,67.7
-84.4088483403684,42.283646764745,1981-01-21,119
-84.4088483403684,42.283646764745,2021-08-19,78.8
-84.4088483403684,42.283646764745,1985-03-22,220
-84.4088483403684,42.283646764745,2016-02-26,96.9
-84.4088483403684,42.283646764745,1993-06-20,246
-84.4088483403684,42.283646764745,1994-09-27,75.0
-84.4088483403684,42.283646764745,1979-11-12,113
-84.4088483403684,42.283646764745,2020-10-06,55.3
-84.4088483403684,42.283646764745,2018-11-06,121
-84.4088483403684,42.283646764745,1991-02-06,187
-84.4088483403684,42.283646764745,2011-04-07,289
-84.4088483403684,42.283646764745,1994-11-01,127
-84.4088483403684,42.283646764745,2014-08-02,49.4
-84.4088483403684,42.283646764745,2004-05-14,266
-84.4088483403684,42.283646764745,2011-02-15,196
-84.4088483403684,42.283646764745,1979-10-19,47.0
-84.4088483403684,42.283646764745,1984-06-23,66.0
-84.4088483403684,42.283646764745,1997-10-30,94.0
-84.4088483403684,42.283646764745,2017-07-06,56.3
-84.4088483403684,42.283646764745,1986-10-13,237
-84.4088483403684,42.283646764745,1997-03-27,262
-84.4088483403684,42.283646764745,2018-09-20,49.5
-84.4088483403684,42.283646764745,1986-03-20,390
-84.4088483403684,42.283646764745,2017-03-30,376
-84.4088483403684,42.283646764745,1989-11-30,115
-84.4088483403684,42.283646764745,2015-04-27,85.9
-84.4088483403684,42.283646764745,1988-06-13,43.0
-84.4088483403684,42.283646764745,1983-11-15,90.0
-84.4088483403684,42.283646764745,1995-07-22,63.0
-84.4088483403684,42.283646764745,2009-12-01,113
-84.4088483403684,42.283646764745,2009-07-25,133
-84.4088483403684,42.283646764745,2004-01-11,86.7
-84.4088483403684,42.283646764745,2016-07-23,37.1
-84.4088483403684,42.283646764745,2012-08-11,58.6
-84.4088483403684,42.283646764745,2012-10-11,37.5
-84.4088483403684,42.283646764745,1989-10-23,106
-84.4088483403684,42.283646764745,1993-04-11,335
-84.4088483403684,42.283646764745,2007-03-31,314
-84.4088483403684,42.283646764745,2006-03-25,171
-84.4088483403684,42.283646764745,1979-01-04,171
-84.4088483403684,42.283646764745,1988-03-14,199
-84.4088483403684,42.283646764745,2004-07-12,93.6
-84.4088483403684,42.283646764745,2003-06-04,93.5
-84.4088483403684,42.283646764745,2010-07-14,85.4
-84.4088483403684,42.283646764745,2003-03-05,61.5
-84.4088483403684,42.283646764745,2013-12-02,73.1
-84.4088483403684,42.283646764745,2005-06-13,131
-84.4088483403684,42.283646764745,1988-02-23,180
-84.4088483403684,42.283646764745,1998-04-23,158
-84.4088483403684,42.283646764745,2024-11-22,117
-84.4088483403684,42.283646764745,1990-03-01,420
-84.4088483403684,42.283646764745,1989-06-03,531
-84.4088483403684,42.283646764745,2015-05-09,145
-84.4088483403684,42.283646764745,1994-08-09,65.0
-84.4088483403684,42.283646764745,2011-01-10,156
-84.4088483403684,42.283646764745,2008-12-16,169
-84.4088483403684,42.283646764745,1983-04-29,242
-84.4088483403684,42.283646764745,1997-06-19,82.0
-84.4088483403684,42.283646764745,2016-03-01,199
-84.4088483403684,42.283646764745,2006-07-16,94.6
-84.4088483403684,42.283646764745,2019-07-22,129
-84.4088483403684,42.283646764745,2025-05-17,177
-84.4088483403684,42.283646764745,2012-12-24,66.3
-84.4088483403684,42.283646764745,2010-02-01,112
-84.4088483403684,42.283646764745,1993-12-16,140
-84.4088483403684,42.283646764745,2006-01-31,269
-84.4088483403684,42.283646764745,2017-06-26,56.9
-84.4088483403684,42.283646764745,2011-07-16,59.3
-84.4088483403684,42.283646764745,2006-08-22,67.5
-84.4088483403684,42.283646764745,2017-04-10,470
-84.4088483403684,42.283646764745,2010-04-25,146
-84.4088483403684,42.283646764745,2015-01-16,74.4
-84.4088483403684,42.283646764745,1996-02-29,304
-84.4088483403684,42.283646764745,1979-08-26,56.0
-84.4088483403684,42.283646764745,1994-09-22,55.0
-84.4088483403684,42.283646764745,1985-06-20,85.0
-84.4088483403684,42.283646764745,1999-08-02,62.0
-84.4088483403684,42.283646764745,1992-09-12,270
-84.4088483403684,42.283646764745,1986-09-23,96.0
-84.4088483403684,42.283646764745,2000-04-06,74.0
-84.4088483403684,42.283646764745,2001-12-02,328
-84.4088483403684,42.283646764745,2009-08-02,70.8
-84.4088483403684,42.283646764745,1996-01-11,82.0
-84.4088483403684,42.283646764745,2024-10-30,83.7
-84.4088483403684,42.283646764745,1991-11-17,113
-84.4088483403684,42.283646764745,2005-07-04,106
-84.4088483403684,42.283646764745,1997-11-14,116
-84.4088483403684,42.283646764745,2011-10-02,153
-84.4088483403684,42.283646764745,1983-09-29,52.0
-84.4088483403684,42.283646764745,2002-08-16,68.0
-84.4088483403684,42.283646764745,2003-01-18,57.0
-84.4088483403684,42.283646764745,2009-10-19,89.8
-84.4088483403684,42.283646764745,2021-10-28,399
-84.4088483403684,42.283646764745,2024-08-06,287
-84.4088483403684,42.283646764745,2008-02-21,369
-84.4088483403684,42.283646764745,2020-08-04,68.1
-84.4088483403684,42.283646764745,1995-06-17,60.0
-84.4088483403684,42.283646764745,1997-07-25,79.0
-84.4088483403684,42.283646764745,1982-11-20,220
-84.4088483403684,42.283646764745,1988-03-03,171
-84.4088483403684,42.283646764745,1995-08-31,122
-84.4088483403684,42.283646764745,1986-05-09,149
-84.4088483403684,42.283646764745,2022-06-09,247
-84.4088483403684,42.283646764745,1989-02-17,136
-84.4088483403684,42.283646764745,2018-12-20,79.8
-84.4088483403684,42.283646764745,2008-03-30,384
-84.4088483403684,42.283646764745,2023-04-03,352
-84.4088483403684,42.283646764745,1998-10-12,84.0
-84.4088483403684,42.283646764745,1994-01-24,120
-84.4088483403684,42.283646764745,2017-01-16,164
-84.4088483403684,42.283646764745,1982-02-14,138
-84.4088483403684,42.283646764745,1993-10-18,183
-84.4088483403684,42.283646764745,2002-08-03,59.0
-84.4088483403684,42.283646764745,2026-02-06,84.7
-84.4088483403684,42.283646764745,1979-05-30,142
-84.4088483403684,42.283646764745,1999-06-12,83.0
-84.4088483403684,42.283646764745,1984-06-08,199
-84.4088483403684,42.283646764745,1987-06-06,110
-84.4088483403684,42.283646764745,1994-05-02,223
-84.4088483403684,42.283646764745,2015-03-18,225
-84.4088483403684,42.283646764745,1984-09-02,25.0
-84.4088483403684,42.283646764745,2017-07-02,54.5
-84.4088483403684,42.283646764745,2001-07-19,57.0
-84.4088483403684,42.283646764745,1992-09-28,234
-84.4088483403684,42.283646764745,2008-12-23,119
-84.4088483403684,42.283646764745,1983-03-25,178
-84.4088483403684,42.283646764745,2010-01-09,135
-84.4088483403684,42.283646764745,1981-03-29,162
-84.4088483403684,42.283646764745,1993-02-01,258
-84.4088483403684,42.283646764745,1980-02-17,45.0
-84.4088483403684,42.283646764745,2024-10-14,92.1
-84.4088483403684,42.283646764745,2025-12-16,85.7
-84.4088483403684,42.283646764745,2017-12-01,135
-84.4088483403684,42.283646764745,1979-05-15,100
-84.4088483403684,42.283646764745,1987-02-03,88.0
-84.4088483403684,42.283646764745,2017-08-13,32.9
-84.4088483403684,42.283646764745,1999-05-31,111
-84.4088483403684,42.283646764745,1996-02-02,117
-84.4088483403684,42.283646764745,1982-11-13,181
-84.4088483403684,42.283646764745,1979-02-05,58.0
-84.4088483403684,42.283646764745,2003-02-11,56.8
-84.4088483403684,42.283646764745,2016-05-02,189
-84.4088483403684,42.283646764745,2005-12-23,69.0
-84.4088483403684,42.283646764745,2013-01-25,63.6
-84.4088483403684,42.283646764745,2026-08-27,60.0
-84.4088483403684,42.283646764745,1984-03-30,307
-84.4088483403684,42.283646764745,1993-12-10,184
-84.4088483403684,42.283646764745,2023-01-15,85.0
-84.4088483403684,42.283646764745,2013-07-19,60.6
-84.4088483403684,42.283646764745,2017-04-19,206
-84.4088483403684,42.283646764745,1988-04-21,160
-84.4088483403684,42.283646764745,2023-01-31,78.9
-84.4088483403684,42.283646764745,1982-02-05,82.0
-84.4088483403684,42.283646764745,2023-02-27,261
-84.4088483403684,42.283646764745,2005-05-01,109
-84.4088483403684,42.283646764745,2004-08-23,68.8
-84.4088483403684,42.283646764745,1988-10-05,116
-84.4088483403684,42.283646764745,1984-01-19,74.0
-84.4088483403684,42.283646764745,1984-03-14,83.0
-84.4088483403684,42.283646764745,2022-07-25,88.8
-84.4088483403684,42.283646764745,2000-10-05,163
-84.4088483403684,42.283646764745,1981-12-30,119
-84.4088483403684,42.283646764745,2010-09-13,59.5
-84.4088483403684,42.283646764745,1988-12-05,169
-84.4088483403684,42.283646764745,2005-03-28,254
-84.4088483403684,42.283646764745,2010-11-18,70.9
-84.4088483403684,42.283646764745,2008-12-24,141
-84.4088483403684,42.283646764745,2014-04-14,364
-84.4088483403684,42.283646764745,1984-08-14,40.0
-84.4088483403684,42.283646764745,1981-01-18,106
-84.4088483403684,42.283646764745,2002-08-04,67.0
-84.4088483403684,42.283646764745,1987-05-15,77.0
-84.4088483403684,42.283646764745,2000-11-25,96.0
-84.4088483403684,42.283646764745,1980-10-01,81.0
-84.4088483403684,42.283646764745,2019-02-18,106
-84.4088483403684,42.283646764745,2015-09-23,52.6
-84.4088483403684,42.283646764745,1980-09-02,206
-84.4088483403684,42.283646764745,2022-10-23,56.1
-84.4088483403684,42.283646764745,2022-01-09,144
-84.4088483403684,42.283646764745,1994-10-10,102
-84.4088483403684,42.283646764745,2026-01-08,115
-84.4088483403684,42.283646764745,2009-05-09,213
-84.4088483403684,42.283646764745,1981-07-28,250
-84.4088483403684,42.283646764745,2000-02-02,60.0
-84.4088483403684,42.283646764745,2004-10-25,60.4
-84.4088483403684,42.283646764745,2010-09-27,112
-84.4088483403684,42.283646764745,2004-05-15,265
-84.4088483403684,42.283646764745,1990-07-15,76.0
-84.4088483403684,42.283646764745,1989-02-11,99.0
-84.4088483403684,42.283646764745,1999-10-28,49.0
-84.4088483403684,42.283646764745,2020-12-12,189
-84.4088483403684,42.283646764745,2003-04-30,116
-84.4088483403684,42.283646764745,1991-08-26,73.0
-84.4088483403684,42.283646764745,2015-04-11,134
-84.4088483403684,42.283646764745,1995-04-08,177
-84.4088483403684,42.283646764745,2019-07-04,189
-84.4088483403684,42.283646764745,1988-04-29,164
-84.4088483403684,42.283646764745,2022-01-15,126
-84.4088483403684,42.283646764745,2020-05-23,638
-84.4088483403684,42.283646764745,1995-03-27,184
-84.4088483403684,42.283646764745,2000-08-04,148
-84.4088483403684,42.283646764745,2004-06-29,92.8
-84.4088483403684,42.283646764745,2005-05-08,84.9
-84.4088483403684,42.283646764745,2008-12-28,388
-84.4088483403684,42.283646764745,1997-05-16,202
-84.4088483403684,42.283646764745,1999-08-30,49.0
-84.4088483403684,42.283646764745,1997-07-12,69.0
-84.4088483403684,42.283646764745,2011-03-25,355
-84.4088483403684,42.283646764745,2025-12-10,104
-84.4088483403684,42.283646764745,2019-10-20,81.5
-84.4088483403684,42.283646764745,1991-08-24,73.0
-84.4088483403684,42.283646764745,2002-03-07,261
-84.4088483403684,42.283646764745,2012-11-24,48.2
-84.4088483403684,42.283646764745,2013-11-18,94.5
-84.4088483403684,42.283646764745,1992-09-26,244
-84.4088483403684,42.283646764745,1993-03-08,199
-84.4088483403684,42.283646764745,1990-10-06,121
-84.4088483403684,42.283646764745,1995-03-08,239
-84.4088483403684,42.283646764745,1989-08-04,172
-84.4088483403684,42.283646764745,2026-06-16,85.5
-84.4088483403684,42.283646764745,2008-12-05,108
-84.4088483403684,42.283646764745,1988-02-29,119
-84.4088483403684,42.283646764745,2018-01-11,108
-84.4088483403684,42.283646764745,1995-12-29,86.0
-84.4088483403684,42.283646764745,1981-02-08,61.0
-84.4088483403684,42.283646764745,1993-08-07,87.0
-84.4088483403684,42.283646764745,2025-01-14,110
-84.4088483403684,42.283646764745,2016-02-18,74.1
-84.4088483403684,42.283646764745,1997-03-13,254
-84.4088483403684,42.283646764745,1991-10-14,80.0
-84.4088483403684,42.283646764745,2023-10-14,85.6
-84.4088483403684,42.283646764745,1991-05-26,155
-84.4088483403684,42.283646764745,2004-01-24,71.5
-84.4088483403684,42.283646764745,2005-04-25,113
-84.4088483403684,42.283646764745,2005-05-03,162
-84.4088483403684,42.283646764745,1994-12-27,193
-84.4088483403684,42.283646764745,2005-11-23,57.4
-84.4088483403684,42.283646764745,2011-03-01,241
-84.4088483403684,42.283646764745,2001-11-21,103
-84.4088483403684,42.283646764745,2000-04-03,82.0
-84.4088483403684,42.283646764745,2015-11-05,67.6
-84.4088483403684,42.283646764745,2007-06-11,234
-84.4088483403684,42.283646764745,1992-04-24,215
-84.4088483403684,42.283646764745,1984-04-14,217
-84.4088483403684,42.283646764745,1983-10-17,119
-84.4088483403684,42.283646764745,2002-12-22,84.4
-84.4088483403684,42.283646764745,1999-02-17,168
-84.4088483403684,42.283646764745,1979-07-21,38.0
-84.4088483403684,42.283646764745,2024-05-18,133
-84.4088483403684,42.283646764745,1992-12-12,216
-84.4088483403684,42.283646764745,1998-03-05,253
-84.4088483403684,42.283646764745,2025-04-23,133
-84.4088483403684,42.283646764745,2005-06-04,122
-84.4088483403684,42.283646764745,2012-11-10,45.9
-84.4088483403684,42.283646764745,2000-11-04,81.0
-84.4088483403684,42.283646764745,2023-11-18,83.6
-84.4088483403684,42.283646764745,1997-07-13,66.0
-84.4088483403684,42.283646764745,1996-06-23,144
-84.4088483403684,42.283646764745,1982-07-22,94.0
-84.4088483403684,42.283646764745,1992-10-17,274
-84.4088483403684,42.283646764745,2012-10-27,67.6
-84.4088483403684,42.283646764745,2018-07-30,38.8
-84.4088483403684,42.283646764745,1980-10-07,78.0
-84.4088483403684,42.283646764745,2016-09-13,42.6
-84.4088483403684,42.283646764745,1991-10-13,98.0
-84.4088483403684,42.283646764745,1979-07-26,48.0
-84.4088483403684,42.283646764745,2020-05-10,127
-84.4088483403684,42.283646764745,2026-06-25,77.1
-84.4088483403684,42.283646764745,2023-05-30,69.8
-84.4088483403684,42.283646764745,2009-07-24,124
-84.4088483403684,42.283646764745,1986-11-04,98.0
-84.4088483403684,42.283646764745,1984-03-13,72.0
-84.4088483403684,42.283646764745,2000-09-05,60.0
-84.4088483403684,42.283646764745,2002-05-26,214
-84.4088483403684,42.283646764745,2003-04-29,112
-84.4088483403684,42.283646764745,1990-10-25,201
-84.4088483403684,42.283646764745,2013-01-08,51.9
-84.4088483403684,42.283646764745,1987-05-28,67.0
-84.4088483403684,42.283646764745,1981-04-21,243
-84.4088483403684,42.283646764745,1998-10-16,71.0
-84.4088483403684,42.283646764745,1995-11-16,262
-84.4088483403684,42.283646764745,1991-08-25,72.0
-84.4088483403684,42.283646764745,1988-09-30,134
-84.4088483403684,42.283646764745,1997-06-07,212
-84.4088483403684,42.283646764745,1979-02-18,44.0
-84.4088483403684,42.283646764745,2016-03-26,162
-84.4088483403684,42.283646764745,1985-01-29,136
-84.4088483403684,42.283646764745,1997-05-10,215
-84.4088483403684,42.283646764745,1995-10-26,96.0
-84.4088483403684,42.283646764745,1991-09-07,64.0
-84.4088483403684,42.283646764745,2010-12-25,75.9
-84.4088483403684,42.283646764745,2004-03-01,176
-84.4088483403684,42.283646764745,2002-04-15,258
-84.4088483403684,42.283646764745,1981-01-09,74.0
-84.4088483403684,42.283646764745,1990-09-27,129
-84.4088483403684,42.283646764745,2013-08-16,129
-84.4088483403684,42.283646764745,1990-08-17,70.0
-84.4088483403684,42.283646764745,1989-03-26,207
-84.4088483403684,42.283646764745,2022-10-04,57.2
-84.4088483403684,42.283646764745,2008-01-31,283
-84.4088483403684,42.283646764745,2016-01-01,182
-84.4088483403684,42.283646764745,2015-02-01,64.7
-84.4088483403684,42.283646764745,2007-12-06,138
-84.4088483403684,42.283646764745,1997-12-09,100
-84.4088483403684,42.283646764745,2015-05-04,75.1
-84.4088483403684,42.283646764745,1985-06-18,154
-84.4088483403684,42.283646764745,2000-03-20,141
-84.4088483403684,42.283646764745,1995-08-10,236
-84.4088483403684,42.283646764745,2000-07-23,70.0
-84.4088483403684,42.283646764745,2005-07-18,84.6
-84.4088483403684,42.283646764745,2005-10-19,35.4
-84.4088483403684,42.283646764745,2012-09-20,36.9
-84.4088483403684,42.283646764745,2000-02-01,61.0
-84.4088483403684,42.283646764745,2018-04-06,322
-84.4088483403684,42.283646764745,1981-06-13,221
-84.4088483403684,42.283646764745,2001-02-04,134
-84.4088483403684,42.283646764745,1997-09-06,67.0
-84.4088483403684,42.283646764745,2003-04-04,315
-84.4088483403684,42.283646764745,2008-09-29,129
-84.4088483403684,42.283646764745,1982-11-28,208
-84.4088483403684,42.283646764745,2005-01-04,243
-84.4088483403684,42.283646764745,1982-07-15,126
-84.4088483403684,42.283646764745,1979-04-02,216
-84.4088483403684,42.283646764745,1986-10-16,180
-84.4088483403684,42.283646764745,2017-10-05,27.2
-84.4088483403684,42.283646764745,1984-06-05,294
-84.4088483403684,42.283646764745,2010-09-09,58.6
-84.4088483403684,42.283646764745,1997-06-26,130
-84.4088483403684,42.283646764745,2018-07-14,49.8
-84.4088483403684,42.283646764745,2026-08-21,61.0
-84.4088483403684,42.283646764745,2020-09-29,54.3
-84.4088483403684,42.283646764745,2020-01-18,420
-84.4088483403684,42.283646764745,2006-04-08,231
-84.4088483403684,42.283646764745,2008-12-19,99.6
-84.4088483403684,42.283646764745,1991-11-18,118
-84.4088483403684,42.283646764745,1983-09-07,62.0
-84.4088483403684,42.283646764745,1989-05-24,93.0
-84.4088483403684,42.283646764745,1993-08-01,117
-84.4088483403684,42.283646764745,1990-07-04,88.0
-84.4088483403684,42.283646764745,2015-08-09,60.5
-84.4088483403684,42.283646764745,2012-06-08,58.1
-84.4088483403684,42.283646764745,2010-09-17,66.6
-84.4088483403684,42.283646764745,2000-03-19,91.0
-84.4088483403684,42.283646764745,2003-10-10,57.1
-84.4088483403684,42.283646764745,2019-07-03,198
-84.4088483403684,42.283646764745,2023-02-06,86.4
-84.4088483403684,42.283646764745,2012-12-14,51.7
-84.4088483403684,42.283646764745,1990-10-31,125
-84.4088483403684,42.283646764745,1980-11-17,126
-84.4088483403684,42.283646764745,1993-04-20,314
-84.4088483403684,42.283646764745,1993-04-21,309
-84.4088483403684,42.283646764745,2024-05-29,130
-84.4088483403684,42.283646764745,1993-06-23,231
-84.4088483403684,42.283646764745,2004-12-28,83.4
-84.4088483403684,42.283646764745,1988-02-07,137
-84.4088483403684,42.283646764745,2006-08-05,97.4
-84.4088483403684,42.283646764745,1987-08-07,31.0
-84.4088483403684,42.283646764745,1979-10-06,40.0
-84.4088483403684,42.283646764745,2018-06-16,174
-84.4088483403684,42.283646764745,2007-05-04,218
-84.4088483403684,42.283646764745,1991-03-29,205
-84.4088483403684,42.283646764745,2013-02-05,159
-84.4088483403684,42.283646764745,2008-11-26,113
-84.4088483403684,42.283646764745,1990-04-17,261
-84.4088483403684,42.283646764745,1993-10-13,130
-84.4088483403684,42.283646764745,2009-09-26,66.6
-84.4088483403684,42.283646764745,1999-07-19,67.0
-84.4088483403684,42.283646764745,2005-02-04,176
-84.4088483403684,42.283646764745,2020-12-13,167
-84.4088483403684,42.283646764745,1982-08-08,64.0
-84.4088483403684,42.283646764745,1998-08-14,95.0
-84.4088483403684,42.283646764745,1980-06-14,207
-84.4088483403684,42.283646764745,2016-09-22,40.2
-84.4088483403684,42.283646764745,2003-06-16,65.0
-84.4088483403684,42.283646764745,1984-05-21,165
-84.4088483403684,42.283646764745,1990-08-14,75.0
-84.4088483403684,42.283646764745,2022-07-10,75.3
-84.4088483403684,42.283646764745,1999-12-19,77.0
-84.4088483403684,42.283646764745,1979-09-01,50.0
-84.4088483403684,42.283646764745,1980-10-13,58.0
-84.4088483403684,42.283646764745,2001-10-10,157
-84.4088483403684,42.283646764745,2011-12-25,305
-84.4088483403684,42.283646764745,1992-05-06,203
-84.4088483403684,42.283646764745,2020-01-17,425
-84.4088483403684,42.283646764745,2021-09-28,180
-84.4088483403684,42.283646764745,2011-07-21,54.5
-84.4088483403684,42.283646764745,2001-02-24,269
-84.4088483403684,42.283646764745,1984-02-26,215
-84.4088483403684,42.283646764745,1986-11-10,109
-84.4088483403684,42.283646764745,1981-12-10,155
-84.4088483403684,42.283646764745,2024-08-29,95.3
-84.4088483403684,42.283646764745,1991-06-15,120
-84.4088483403684,42.283646764745,2014-07-25,58.9
-84.4088483403684,42.283646764745,2013-11-25,83.5
-84.4088483403684,42.283646764745,2023-07-27,126
-84.4088483403684,42.283646764745,2007-05-25,117
-84.4088483403684,42.283646764745,2016-08-10,31.0
-84.4088483403684,42.283646764745,2021-10-14,327
-84.4088483403684,42.283646764745,2013-07-17,73.8
-84.4088483403684,42.283646764745,1994-06-05,64.0
-84.4088483403684,42.283646764745,1982-11-15,174
-84.4088483403684,42.283646764745,2004-11-12,121
-84.4088483403684,42.283646764745,1989-12-25,75.0
-84.4088483403684,42.283646764745,1991-04-04,187
-84.4088483403684,42.283646764745,2007-05-08,134
-84.4088483403684,42.283646764745,2009-02-15,381
-84.4088483403684,42.283646764745,2002-08-06,66.0
-84.4088483403684,42.283646764745,2018-09-10,62.6
-84.4088483403684,42.283646764745,2020-11-05,72.9
-84.4088483403684,42.283646764745,2023-02-17,121
-84.4088483403684,42.283646764745,2003-08-12,59.6
-84.4088483403684,42.283646764745,2005-11-08,41.3
-84.4088483403684,42.283646764745,1990-05-01,201
-84.4088483403684,42.283646764745,2014-10-25,63.7
-84.4088483403684,42.283646764745,2005-11-13,45.4
-84.4088483403684,42.283646764745,1994-10-17,88.0
-84.4088483403684,42.283646764745,1992-12-08,199
-84.4088483403684,42.283646764745,2022-04-28,249
-84.4088483403684,42.283646764745,2004-03-19,180
-84.4088483403684,42.283646764745,1980-11-30,128
-84.4088483403684,42.283646764745,2007-08-23,175
-84.4088483403684,42.283646764745,2007-07-26,48.2
-84.4088483403684,42.283646764745,1995-09-13,59.0
-84.4088483403684,42.283646764745,2014-12-02,98.7
-84.4088483403684,42.283646764745,1988-09-17,36.0
-84.4088483403684,42.283646764745,2004-02-04,74.5
-84.4088483403684,42.283646764745,1981-07-13,98.0
-84.4088483403684,42.283646764745,1981-02-11,94.0
-84.4088483403684,42.283646764745,2015-02-21,67.3
-84.4088483403684,42.283646764745,1987-01-22,128
-84.4088483403684,42.283646764745,2001-03-15,288
-84.4088483403684,42.283646764745,1986-10-19,159
-84.4088483403684,42.283646764745,2024-12-18,104
-84.4088483403684,42.283646764745,2006-09-16,129
-84.4088483403684,42.283646764745,2018-07-29,38.3
-84.4088483403684,42.283646764745,1999-04-18,164
-84.4088483403684,42.283646764745,2009-09-12,87.9
-84.4088483403684,42.283646764745,2011-06-01,444
-84.4088483403684,42.283646764745,2002-03-11,341
-84.4088483403684,42.283646764745,2010-06-15,437
-84.4088483403684,42.283646764745,1989-11-15,198
-84.4088483403684,42.283646764745,2003-03-17,166
-84.4088483403684,42.283646764745,2006-09-01,90.4
-84.4088483403684,42.283646764745,2001-08-15,39.0
-84.4088483403684,42.283646764745,1992-03-08,145
-84.4088483403684,42.283646764745,1982-09-28,92.0
-84.4088483403684,42.283646764745,2017-07-21,56.0
-84.4088483403684,42.283646764745,1988-12-29,158
-84.4088483403684,42.283646764745,2024-02-01,482
-84.4088483403684,42.283646764745,2008-11-05,132
-84.4088483403684,42.283646764745,2020-10-13,58.5
-84.4088483403684,42.283646764745,2023-10-09,74.9
-84.4088483403684,42.283646764745,2024-06-12,78.9
-84.4088483403684,42.283646764745,1986-03-13,342
-84.4088483403684,42.283646764745,2008-06-05,192
-84.4088483403684,42.283646764745,2014-01-28,124
-84.4088483403684,42.283646764745,1995-05-22,83.0
-84.4088483403684,42.283646764745,1997-11-05,144
-84.4088483403684,42.283646764745,1992-09-22,230
-84.4088483403684,42.283646764745,2017-02-21,205
-84.4088483403684,42.283646764745,1995-04-01,117
-84.4088483403684,42.283646764745,1983-04-13,314
-84.4088483403684,42.283646764745,2015-09-30,42.7
-84.4088483403684,42.283646764745,1992-03-11,177
-84.4088483403684,42.283646764745,2016-11-28,90.0
-84.4088483403684,42.283646764745,1994-03-04,176
-84.4088483403684,42.283646764745,2026-01-24,87.4
-84.4088483403684,42.283646764745,2022-06-28,88.5
-84.4088483403684,42.283646764745,1991-09-04,95.0
-84.4088483403684,42.283646764745,2021-12-09,218
-84.4088483403684,42.283646764745,1986-07-09,86.0
-84.4088483403684,42.283646764745,1994-06-27,150
-84.4088483403684,42.283646764745,1984-05-07,153
-84.4088483403684,42.283646764745,1979-10-17,44.0
-84.4088483403684,42.283646764745,2021-05-27,83.3
-84.4088483403684,42.283646764745,1980-10-04,72.0
-84.4088483403684,42.283646764745,1985-12-10,183
-84.4088483403684,42.283646764745,1983-11-28,255
-84.4088483403684,42.283646764745,2024-09-20,61.4
-84.4088483403684,42.283646764745,2012-03-18,212
-84.4088483403684,42.283646764745,2013-12-04,73.6
-84.4088483403684,42.283646764745,2024-08-14,126
-84.4088483403684,42.283646764745,1991-12-05,166
-84.4088483403684,42.283646764745,1983-12-10,264
-84.4088483403684,42.283646764745,2014-05-19,244
-84.4088483403684,42.283646764745,2009-10-07,135
-84.4088483403684,42.283646764745,2010-11-29,242
-84.4088483403684,42.283646764745,1998-05-24,100
-84.4088483403684,42.283646764745,1986-01-02,73.0
-84.4088483403684,42.283646764745,2018-12-18,79.2
-84.4088483403684,42.283646764745,2021-08-27,55.2
-84.4088483403684,42.283646764745,2026-03-27,171
-84.4088483403684,42.283646764745,2003-05-15,261
-84.4088483403684,42.283646764745,1994-10-21,94.0
-84.4088483403684,42.283646764745,1994-07-29,84.0
-84.4088483403684,42.283646764745,2007-11-11,56.5
-84.4088483403684,42.283646764745,2012-04-28,141
-84.4088483403684,42.283646764745,2020-07-30,61.5
-84.4088483403684,42.283646764745,2005-10-18,36.1
-84.4088483403684,42.283646764745,1992-04-30,259
-84.4088483403684,42.283646764745,2014-11-20,61.5
-84.4088483403684,42.283646764745,2025-08-22,50.6
-84.4088483403684,42.283646764745,2018-08-26,51.4
-84.4088483403684,42.283646764745,2000-02-20,68.0
-84.4088483403684,42.283646764745,2012-10-18,91.1
-84.4088483403684,42.283646764745,2021-03-23,61.7
-84.4088483403684,42.283646764745,1992-10-04,136
-84.4088483403684,42.283646764745,2002-06-11,119
-84.4088483403684,42.283646764745,1998-05-09,358
-84.4088483403684,42.283646764745,2001-12-19,299
-84.4088483403684,42.283646764745,2011-03-14,383
-84.4088483403684,42.283646764745,1989-08-05,164
-84.4088483403684,42.283646764745,2019-06-18,180
-84.4088483403684,42.283646764745,1993-12-01,133
-84.4088483403684,42.283646764745,2006-09-03,81.9
-84.4088483403684,42.283646764745,1982-08-20,76.0
-84.4088483403684,42.283646764745,1995-10-27,170
-84.4088483403684,42.283646764745,2009-07-26,129
-84.4088483403684,42.283646764745,2004-01-08,95.9
-84.4088483403684,42.283646764745,2016-05-14,221
-84.4088483403684,42.283646764745,1994-03-29,312
-84.4088483403684,42.283646764745,2016-11-06,181
-84.4088483403684,42.283646764745,1984-01-04,93.0
-84.4088483403684,42.283646764745,1984-12-12,139
-84.4088483403684,42.283646764745,1985-06-10,86.0
-84.4088483403684,42.283646764745,1995-12-20,97.0
-84.4088483403684,42.283646764745,1990-11-21,151
-84.4088483403684,42.283646764745,2025-11-14,64.1
-84.4088483403684,42.283646764745,2023-08-31,71.1
-84.4088483403684,42.283646764745,2003-11-29,145
-84.4088483403684,42.283646764745,2018-11-24,77.4
-84.4088483403684,42.283646764745,2015-12-12,113
-84.4088483403684,42.283646764745,2024-07-10,770
-84.4088483403684,42.283646764745,2007-05-26,147
-84.4088483403684,42.283646764745,2018-12-13,130
-84.4088483403684,42.283646764745,2026-04-29,236
-84.4088483403684,42.283646764745,2001-12-29,124
-84.4088483403684,42.283646764745,2021-04-10,105
-84.4088483403684,42.283646764745,1990-03-16,551
-84.4088483403684,42.283646764745,2023-02-08,77.6
-84.4088483403684,42.283646764745,2008-03-23,378
-84.4088483403684,42.283646764745,2013-07-13,69.4
-84.4088483403684,42.283646764745,1983-03-02,107
-84.4088483403684,42.283646764745,2001-01-19,127
-84.4088483403684,42.283646764745,2007-08-27,172
-84.4088483403684,42.283646764745,1990-04-18,273
-84.4088483403684,42.283646764745,2019-09-03,65.8
-84.4088483403684,42.283646764745,1992-02-05,125
-84.4088483403684,42.283646764745,1981-02-02,145
-84.4088483403684,42.283646764745,2004-09-21,50.3
-84.4088483403684,42.283646764745,2000-04-02,78.0
-84.4088483403684,42.283646764745,1991-05-14,159
-84.4088483403684,42.283646764745,2001-09-26,85.0
-84.4088483403684,42.283646764745,2012-03-17,256
-84.4088483403684,42.283646764745,1980-12-16,195
-84.4088483403684,42.283646764745,2013-09-05,83.6
-84.4088483403684,42.283646764745,1988-12-19,128
-84.4088483403684,42.283646764745,2000-07-21,87.0
-84.4088483403684,42.283646764745,1990-07-28,74.0
-84.4088483403684,42.283646764745,1996-04-02,169
-84.4088483403684,42.283646764745,1984-02-13,233
-84.4088483403684,42.283646764745,1988-07-14,32.0
-84.4088483403684,42.283646764745,2002-11-05,50.0
-84.4088483403684,42.283646764745,2018-01-12,122
-84.4088483403684,42.283646764745,1987-06-14,50.0
-84.4088483403684,42.283646764745,2003-04-22,174
-84.4088483403684,42.283646764745,1981-03-30,176
-84.4088483403684,42.283646764745,1989-08-03,138
-84.4088483403684,42.283646764745,2016-12-24,63.9
-84.4088483403684,42.283646764745,2022-09-05,63.4
-84.4088483403684,42.283646764745,1984-05-19,157
-84.4088483403684,42.283646764745,2004-11-10,129
-84.4088483403684,42.283646764745,2003-03-23,245
-84.4088483403684,42.283646764745,1988-03-10,181
-84.4088483403684,42.283646764745,1979-06-01,141
-84.4088483403684,42.283646764745,2000-04-08,95.0
-84.4088483403684,42.283646764745,1995-09-02,72.0
-84.4088483403684,42.283646764745,2006-03-30,201
-84.4088483403684,42.283646764745,2021-01-30,70.8
-84.4088483403684,42.283646764745,1991-07-12,69.0
-84.4088483403684,42.283646764745,1991-06-13,129
-84.4088483403684,42.283646764745,2018-12-24,89.9
-84.4088483403684,42.283646764745,1985-10-11,68.0
-84.4088483403684,42.283646764745,2004-03-25,219
-84.4088483403684,42.283646764745,1988-10-23,146
-84.4088483403684,42.283646764745,2003-10-31,120
-84.4088483403684,42.283646764745,2013-06-15,112
-84.4088483403684,42.283646764745,2022-12-27,68.7
-84.4088483403684,42.283646764745,1990-12-20,199
-84.4088483403684,42.283646764745,1997-04-16,228
-84.4088483403684,42.283646764745,2024-01-19,105
-84.4088483403684,42.283646764745,2017-10-25,136
-84.4088483403684,42.283646764745,2003-08-09,45.4
-84.4088483403684,42.283646764745,1996-09-04,53.0
-84.4088483403684,42.283646764745,1985-09-19,59.0
-84.4088483403684,42.283646764745,1988-06-14,47.0
-84.4088483403684,42.283646764745,1982-03-21,573
-84.4088483403684,42.283646764745,2025-01-10,119
-84.4088483403684,42.283646764745,2002-10-17,42.8
-84.4088483403684,42.283646764745,2016-01-09,151
-84.4088483403684,42.283646764745,2011-02-20,230
-84.4088483403684,42.283646764745,1988-01-23,168
-84.4088483403684,42.283646764745,1999-07-27,66.0
-84.4088483403684,42.283646764745,1979-11-25,84.0
-84.4088483403684,42.283646764745,2019-03-16,261
-84.4088483403684,42.283646764745,2006-06-11,69.5
-84.4088483403684,42.283646764745,1998-08-23,68.0
-84.4088483403684,42.283646764745,1998-04-30,332
-84.4088483403684,42.283646764745,2023-07-06,66.7
-84.4088483403684,42.283646764745,2000-05-20,261
-84.4088483403684,42.283646764745,2004-08-05,120
-84.4088483403684,42.283646764745,2019-01-21,76.8
-84.4088483403684,42.283646764745,2011-10-08,90.7
-84.4088483403684,42.283646764745,1984-08-07,43.0
-84.4088483403684,42.283646764745,2023-07-18,69.3
-84.4088483403684,42.283646764745,1981-01-16,70.0
-84.4088483403684,42.283646764745,1991-03-10,199
-84.4088483403684,42.283646764745,2006-01-17,214
-84.4088483403684,42.283646764745,2012-08-08,29.6
-84.4088483403684,42.283646764745,1983-09-01,56.0
-84.4088483403684,42.283646764745,1998-01-20,240
-84.4088483403684,42.283646764745,1979-06-20,49.0
-84.4088483403684,42.283646764745,2007-12-27,176
-84.4088483403684,42.283646764745,2013-10-29,49.8
-84.4088483403684,42.283646764745,1990-09-20,100
-84.4088483403684,42.283646764745,2005-09-08,48.1
-84.4088483403684,42.283646764745,1992-08-05,249
-84.4088483403684,42.283646764745,2011-07-14,61.4
-84.4088483403684,42.283646764745,1986-04-05,202
-84.4088483403684,42.283646764745,1992-09-03,155
-84.4088483403684,42.283646764745,1990-02-25,345
-84.4088483403684,42.283646764745,2002-03-22,168
-84.4088483403684,42.283646764745,2009-02-02,92.4
-84.4088483403684,42.283646764745,2024-09-21,61.3
-84.4088483403684,42.283646764745,2005-01-09,228
-84.4088483403684,42.283646764745,1983-05-06,458
-84.4088483403684,42.283646764745,1983-10-04,52.0
-84.4088483403684,42.283646764745,2025-02-25,106
-84.4088483403684,42.283646764745,2026-08-02,59.9
-84.4088483403684,42.283646764745,2026-09-01,66.0
-84.4088483403684,42.283646764745,2001-03-19,275
-84.4088483403684,42.283646764745,2002-04-12,270
-84.4088483403684,42.283646764745,2009-02-10,205
-84.4088483403684,42.283646764745,1985-11-11,191
-84.4088483403684,42.283646764745,2003-12-01,86.6
-84.4088483403684,42.283646764745,1986-06-29,84.0
-84.4088483403684,42.283646764745,2023-05-31,67.5
-84.4088483403684,42.283646764745,2013-03-12,176
-84.4088483403684,42.283646764745,2002-08-18,51.0
-84.4088483403684,42.283646764745,1984-08-12,37.0
-84.4088483403684,42.283646764745,1980-04-13,332
-84.4088483403684,42.283646764745,1989-01-13,180
-84.4088483403684,42.283646764745,2000-05-27,184
-84.4088483403684,42.283646764745,1980-11-16,124
-84.4088483403684,42.283646764745,1999-03-05,122
-84.4088483403684,42.283646764745,2004-01-18,77.4
-84.4088483403684,42.283646764745,1991-07-13,73.0
-84.4088483403684,42.283646764745,2015-10-15,37.4
-84.4088483403684,42.283646764745,2020-01-27,308
-84.4088483403684,42.283646764745,1987-01-03,100
-84.4088483403684,42.283646764745,1979-10-05,36.0
-84.4088483403684,42.283646764745,1979-03-09,375
-84.4088483403684,42.283646764745,2005-05-26,147
-84.4088483403684,42.283646764745,1985-05-04,96.0
-84.4088483403684,42.283646764745,2020-10-16,53.8
-84.4088483403684,42.283646764745,2011-08-07,140
-84.4088483403684,42.283646764745,2023-08-23,90.0
-84.4088483403684,42.283646764745,2004-10-19,57.8
-84.4088483403684,42.283646764745,1979-10-24,44.0
-84.4088483403684,42.283646764745,1997-06-30,92.0
-84.4088483403684,42.283646764745,1992-02-04,128
-84.4088483403684,42.283646764745,1985-03-04,469
-84.4088483403684,42.283646764745,1995-12-21,100
-84.4088483403684,42.283646764745,1985-01-11,201
-84.4088483403684,42.283646764745,2011-05-09,256
-84.4088483403684,42.283646764745,2021-10-24,173
-84.4088483403684,42.283646764745,2009-03-26,281
-84.4088483403684,42.283646764745,2009-11-01,263
-84.4088483403684,42.283646764745,2010-06-10,542
-84.4088483403684,42.283646764745,2019-02-19,106
-84.4088483403684,42.283646764745,2005-08-10,66.6
-84.4088483403684,42.283646764745,1990-12-10,181
-84.4088483403684,42.283646764745,2019-04-30,349
-84.4088483403684,42.283646764745,1998-03-02,325
-84.4088483403684,42.283646764745,2010-10-23,55.0
-84.4088483403684,42.283646764745,2002-12-20,101
-84.4088483403684,42.283646764745,1982-10-12,58.0
-84.4088483403684,42.283646764745,2016-06-24,45.0
-84.4088483403684,42.283646764745,2010-07-05,155
-84.4088483403684,42.283646764745,1989-02-19,132
-84.4088483403684,42.283646764745,1982-10-24,43.0
-84.4088483403684,42.283646764745,2004-10-18,57.4
-84.4088483403684,42.283646764745,1993-01-14,432
-84.4088483403684,42.283646764745,1995-12-14,111
-84.4088483403684,42.283646764745,2022-01-19,118
-84.4088483403684,42.283646764745,2025-10-20,68.9
-84.4088483403684,42.283646764745,1989-08-31,72.0
-84.4088483403684,42.283646764745,1997-08-11,85.0
-84.4088483403684,42.283646764745,2010-12-23,77.7
-84.4088483403684,42.283646764745,1980-02-13,52.0
-84.4088483403684,42.283646764745,2007-12-02,147
-84.4088483403684,42.283646764745,2004-09-09,58.8
-84.4088483403684,42.283646764745,2000-03-14,82.0
-84.4088483403684,42.283646764745,2003-02-25,60.2
-84.4088483403684,42.283646764745,1981-12-13,87.0
-84.4088483403684,42.283646764745,1991-10-27,161
-84.4088483403684,42.283646764745,1982-05-22,117
-84.4088483403684,42.283646764745,1980-11-23,59.0
-84.4088483403684,42.283646764745,2001-04-27,201
-84.4088483403684,42.283646764745,1991-12-08,170
-84.4088483403684,42.283646764745,2020-07-13,87.5
-84.4088483403684,42.283646764745,2018-06-05,201
-84.4088483403684,42.283646764745,1979-05-20,64.0
-84.4088483403684,42.283646764745,2006-06-25,250
-84.4088483403684,42.283646764745,1984-07-20,44.0
-84.4088483403684,42.283646764745,1983-12-31,85.0
-84.4088483403684,42.283646764745,2026-04-14,216
-84.4088483403684,42.283646764745,2022-05-30,402
-84.4088483403684,42.283646764745,1993-08-14,69.0
-84.4088483403684,42.283646764745,2017-05-16,186
-84.4088483403684,42.283646764745,2003-07-20,41.5
-84.4088483403684,42.283646764745,1988-06-06,48.0
-84.4088483403684,42.283646764745,1994-12-22,191
-84.4088483403684,42.283646764745,1998-10-03,53.0
-84.4088483403684,42.283646764745,2020-11-10,74.7
-84.4088483403684,42.283646764745,1989-08-30,73.0
-84.4088483403684,42.283646764745,1981-04-15,328
-84.4088483403684,42.283646764745,2002-07-31,127
-84.4088483403684,42.283646764745,2002-11-22,138
-84.4088483403684,42.283646764745,1999-01-11,72.0
-84.4088483403684,42.283646764745,2021-02-14,65.6
-84.4088483403684,42.283646764745,2017-01-13,163
-84.4088483403684,42.283646764745,2025-06-04,96.5
-84.4088483403684,42.283646764745,2015-07-12,225
-84.4088483403684,42.283646764745,2014-02-05,74.2
-84.4088483403684,42.283646764745,2026-09-24,135
-84.4088483403684,42.283646764745,1988-11-23,286
-84.4088483403684,42.283646764745,2025-12-17,83.1
-84.4088483403684,42.283646764745,2009-04-05,340
-84.4088483403684,42.283646764745,2011-06-04,384
-84.4088483403684,42.283646764745,2003-06-06,82.9
-84.4088483403684,42.283646764745,1998-05-23,98.0
-84.4088483403684,42.283646764745,2011-06-10,205
-84.4088483403684,42.283646764745,2015-11-09,64.6
-84.4088483403684,42.283646764745,1997-03-18,281
-84.4088483403684,42.283646764745,2020-06-07,210
-84.4088483403684,42.283646764745,2010-01-18,128
-84.4088483403684,42.283646764745,2020-11-28,177
-84.4088483403684,42.283646764745,1994-01-19,120
-84.4088483403684,42.283646764745,2007-10-09,66.6
-84.4088483403684,42.283646764745,2019-12-24,87.4
-84.4088483403684,42.283646764745,1981-11-19,100
-84.4088483403684,42.283646764745,2021-10-07,343
-84.4088483403684,42.283646764745,2010-11-06,53.5
-84.4088483403684,42.283646764745,1998-09-22,57.0
-84.4088483403684,42.283646764745,2015-12-19,58.5
-84.4088483403684,42.283646764745,1994-01-09,126
-84.4088483403684,42.283646764745,2003-08-29,40.3
-84.4088483403684,42.283646764745,2007-07-21,46.5
-84.4088483403684,42.283646764745,2014-06-21,98.9
-84.4088483403684,42.283646764745,2020-12-08,73.6
-84.4088483403684,42.283646764745,1986-11-23,139
-84.4088483403684,42.283646764745,2023-03-23,216
-84.4088483403684,42.283646764745,2021-05-24,66.3
-84.4088483403684,42.283646764745,1990-12-21,235
-84.4088483403684,42.283646764745,1980-09-28,140
-84.4088483403684,42.283646764745,1996-05-02,250
-84.4088483403684,42.283646764745,2000-05-01,199
-84.4088483403684,42.283646764745,2007-12-18,155
-84.4088483403684,42.283646764745,2013-04-15,311
-84.4088483403684,42.283646764745,1990-03-07,305
-84.4088483403684,42.283646764745,1987-01-02,98.0
-84.4088483403684,42.283646764745,2024-07-24,267
-84.4088483403684,42.283646764745,2012-05-31,55.9
-84.4088483403684,42.283646764745,1983-05-28,228
-84.4088483403684,42.283646764745,2006-05-03,175
-84.4088483403684,42.283646764745,1990-12-24,196
-84.4088483403684,42.283646764745,2012-05-01,165
-84.4088483403684,42.283646764745,2012-11-13,53.2
-84.4088483403684,42.283646764745,1992-02-20,154
-84.4088483403684,42.283646764745,2004-08-01,80.8
-84.4088483403684,42.283646764745,1981-05-07,194
-84.4088483403684,42.283646764745,2019-07-28,75.1
-84.4088483403684,42.283646764745,1991-09-21,55.0
-84.4088483403684,42.283646764745,2019-08-05,70.6
-84.4088483403684,42.283646764745,2005-04-19,89.1
-84.4088483403684,42.283646764745,1981-03-10,186
-84.4088483403684,42.283646764745,1989-10-18,77.0
-84.4088483403684,42.283646764745,1984-06-01,367
-84.4088483403684,42.283646764745,2014-07-14,105
-84.4088483403684,42.283646764745,1988-12-03,175
-84.4088483403684,42.283646764745,2008-02-04,219
-84.4088483403684,42.283646764745,2015-09-19,65.6
-84.4088483403684,42.283646764745,1985-04-08,427
-84.4088483403684,42.283646764745,2012-02-27,252
-84.4088483403684,42.283646764745,1987-06-17,44.0
-84.4088483403684,42.283646764745,2004-11-05,141
-84.4088483403684,42.283646764745,1995-03-31,130
-84.4088483403684,42.283646764745,2015-09-05,85.3
-84.4088483403684,42.283646764745,2016-06-25,43.3
-84.4088483403684,42.283646764745,2005-02-10,254
-84.4088483403684,42.283646764745,1990-01-06,209
-84.4088483403684,42.283646764745,1985-02-01,72.0
-84.4088483403684,42.283646764745,2022-08-02,60.2
-84.4088483403684,42.283646764745,2009-09-07,71.9
-84.4088483403684,42.283646764745,1991-06-16,112
-84.4088483403684,42.283646764745,2010-05-23,445
-84.4088483403684,42.283646764745,1983-06-26,60.0
-84.4088483403684,42.283646764745,1987-09-14,58.0
-84.4088483403684,42.283646764745,1979-08-18,110
-84.4088483403684,42.283646764745,2006-05-02,181
-84.4088483403684,42.283646764745,1982-12-14,161
-84.4088483403684,42.283646764745,1992-01-05,118
-84.4088483403684,42.283646764745,2002-10-06,45.0
-84.4088483403684,42.283646764745,2026-05-17,86.1
-84.4088483403684,42.283646764745,2010-08-02,226
-84.4088483403684,42.283646764745,1992-01-01,136
-84.4088483403684,42.283646764745,2005-06-10,56.0
-84.4088483403684,42.283646764745,2008-03-13,253
-84.4088483403684,42.283646764745,2008-09-20,240
-84.4088483403684,42.283646764745,1984-01-06,100
-84.4088483403684,42.283646764745,2013-01-14,130
-84.4088483403684,42.283646764745,1994-03-05,170
-84.4088483403684,42.283646764745,1979-04-13,259
-84.4088483403684,42.283646764745,2025-12-12,85.8
-84.4088483403684,42.283646764745,2010-10-03,58.9
-84.4088483403684,42.283646764745,1983-01-10,107
-84.4088483403684,42.283646764745,1995-07-04,152
-84.4088483403684,42.283646764745,2003-03-04,63.2
-84.4088483403684,42.283646764745,2026-09-19,182
-84.4088483403684,42.283646764745,1993-01-25,279
-84.4088483403684,42.283646764745,2006-02-21,256
-84.4088483403684,42.283646764745,2007-05-23,121
-84.4088483403684,42.283646764745,2011-11-16,180
-84.4088483403684,42.283646764745,1987-09-30,114
-84.4088483403684,42.283646764745,1980-11-25,122
-84.4088483403684,42.283646764745,2017-08-11,40.8
-84.4088483403684,42.283646764745,1999-10-20,49.0
-84.4088483403684,42.283646764745,1982-07-01,89.0
-84.4088483403684,42.283646764745,2005-12-07,71.1
-84.4088483403684,42.283646764745,2013-04-10,113
-84.4088483403684,42.283646764745,2012-10-31,185
-84.4088483403684,42.283646764745,2011-11-07,104
-84.4088483403684,42.283646764745,2002-03-09,316
-84.4088483403684,42.283646764745,2025-11-27,84.9
-84.4088483403684,42.283646764745,2018-09-18,50.8
-84.4088483403684,42.283646764745,1998-01-04,144
-84.4088483403684,42.283646764745,1989-04-26,173
-84.4088483403684,42.283646764745,1981-03-05,244
-84.4088483403684,42.283646764745,2025-09-28,44.2
-84.4088483403684,42.283646764745,1980-08-06,204
-84.4088483403684,42.283646764745,2009-08-19,89.5
-84.4088483403684,42.283646764745,1996-11-21,83.0
-84.4088483403684,42.283646764745,1989-09-25,126
-84.4088483403684,42.283646764745,2020-08-28,83.8
-84.4088483403684,42.283646764745,2001-12-11,149
-84.4088483403684,42.283646764745,1999-05-11,112
-84.4088483403684,42.283646764745,2005-08-07,68.8
-84.4088483403684,42.283646764745,1999-03-10,224
-84.4088483403684,42.283646764745,1979-09-30,31.0
-84.4088483403684,42.283646764745,2016-10-31,113
-84.4088483403684,42.283646764745,2006-10-04,162
-84.4088483403684,42.283646764745,2002-04-02,247
-84.4088483403684,42.283646764745,1991-01-14,265
-84.4088483403684,42.283646764745,2003-12-09,107
-84.4088483403684,42.283646764745,2016-09-09,38.0
-84.4088483403684,42.283646764745,2001-07-24,59.0
-84.4088483403684,42.283646764745,1994-04-25,167
-84.4088483403684,42.283646764745,2015-10-31,67.1
-84.4088483403684,42.283646764745,1997-09-23,160
-84.4088483403684,42.283646764745,1997-10-28,87.0
-84.4088483403684,42.283646764745,2011-11-11,235
-84.4088483403684,42.283646764745,2026-07-06,287
-84.4088483403684,42.283646764745,1997-08-10,55.0
-84.4088483403684,42.283646764745,1989-10-01,63.0
-84.4088483403684,42.283646764745,1995-05-09,195
-84.4088483403684,42.283646764745,1979-07-09,66.0
-84.4088483403684,42.283646764745,1991-02-10,200
-84.4088483403684,42.283646764745,1985-10-30,174
-84.4088483403684,42.283646764745,2012-06-16,60.6
-84.4088483403684,42.283646764745,1979-05-21,69.0
-84.4088483403684,42.283646764745,2005-10-08,41.2
-84.4088483403684,42.283646764745,2011-01-14,138
-84.4088483403684,42.283646764745,1988-03-22,154
-84.4088483403684,42.283646764745,2024-10-04,68.8
-84.4088483403684,42.283646764745,1998-06-20,173
-84.4088483403684,42.283646764745,1982-10-28,54.0
-84.4088483403684,42.283646764745,2014-05-08,169
-84.4088483403684,42.283646764745,2000-08-09,171
-84.4088483403684,42.283646764745,2000-11-23,93.0
-84.4088483403684,42.283646764745,1987-10-01,107
-84.4088483403684,42.283646764745,2011-12-17,264
-84.4088483403684,42.283646764745,2025-12-07,78.3
-84.4088483403684,42.283646764745,1987-11-27,130
-84.4088483403684,42.283646764745,2018-07-04,86.1
-84.4088483403684,42.283646764745,1980-06-20,123
-84.4088483403684,42.283646764745,2009-04-09,384
-84.4088483403684,42.283646764745,1980-03-01,66.0
-84.4088483403684,42.283646764745,1983-10-05,97.0
-84.4088483403684,42.283646764745,1981-07-19,57.0
-84.4088483403684,42.283646764745,1996-01-17,125
-84.4088483403684,42.283646764745,2000-11-16,114
-84.4088483403684,42.283646764745,2022-10-21,55.2
-84.4088483403684,42.283646764745,2017-07-23,58.5
-84.4088483403684,42.283646764745,2020-01-22,266
-84.4088483403684,42.283646764745,1987-09-28,62.0
-84.4088483403684,42.283646764745,2006-09-14,153
-84.4088483403684,42.283646764745,1991-10-26,129
-84.4088483403684,42.283646764745,2004-04-14,90.2
-84.4088483403684,42.283646764745,1993-06-15,177
-84.4088483403684,42.283646764745,1993-09-18,135
-84.4088483403684,42.283646764745,1995-10-28,137
-84.4088483403684,42.283646764745,2025-06-14,143
-84.4088483403684,42.283646764745,2007-08-20,176
-84.4088483403684,42.283646764745,2025-07-11,92.8
-84.4088483403684,42.283646764745,1994-06-22,130
-84.4088483403684,42.283646764745,2009-08-21,126
-84.4088483403684,42.283646764745,1999-04-19,157
-84.4088483403684,42.283646764745,2023-04-02,356
-84.4088483403684,42.283646764745,1983-10-08,50.0
-84.4088483403684,42.283646764745,2007-06-24,65.7
-84.4088483403684,42.283646764745,2004-03-31,216
-84.4088483403684,42.283646764745,1984-07-19,45.0
-84.4088483403684,42.283646764745,2020-01-23,309
-84.4088483403684,42.283646764745,2006-09-04,80.3
-84.4088483403684,42.283646764745,2010-07-28,346
-84.4088483403684,42.283646764745,2011-01-13,140
-84.4088483403684,42.283646764745,1990-07-03,94.0
-84.4088483403684,42.283646764745,2012-10-04,37.4
-84.4088483403684,42.283646764745,2004-02-11,75.4
-84.4088483403684,42.283646764745,1983-05-30,226
-84.4088483403684,42.283646764745,2015-07-06,204
-84.4088483403684,42.283646764745,1981-04-02,176
-84.4088483403684,42.283646764745,1979-12-31,191
-84.4088483403684,42.283646764745,1996-07-01,97.0
-84.4088483403684,42.283646764745,2016-07-05,40.4
-84.4088483403684,42.283646764745,1998-02-14,213
-84.4088483403684,42.283646764745,1983-11-02,84.0
-84.4088483403684,42.283646764745,2006-01-26,249
-84.4088483403684,42.283646764745,1979-04-28,180
-84.4088483403684,42.283646764745,1996-10-10,68.0
-84.4088483403684,42.283646764745,2021-11-20,192
-84.4088483403684,42.283646764745,2002-07-12,47.0
-84.4088483403684,42.283646764745,2020-01-01,301
-84.4088483403684,42.283646764745,1979-05-27,130
-84.4088483403684,42.283646764745,2015-12-02,155
-84.4088483403684,42.283646764745,2002-12-13,58.0
-84.4088483403684,42.283646764745,1996-10-19,74.0
-84.4088483403684,42.283646764745,1979-12-02,146
-84.4088483403684,42.283646764745,2003-01-14,123
-84.4088483403684,42.283646764745,2019-10-12,177
-84.4088483403684,42.283646764745,2000-08-05,159
-84.4088483403684,42.283646764745,2016-05-11,183
-84.4088483403684,42.283646764745,2012-11-30,48.9
-84.4088483403684,42.283646764745,2016-03-17,178
-84.4088483403684,42.283646764745,2000-11-15,116
-84.4088483403684,42.283646764745,2020-04-16,216
-84.4088483403684,42.283646764745,1984-01-21,69.0
-84.4088483403684,42.283646764745,1996-11-14,142
-84.4088483403684,42.283646764745,1984-10-01,49.0
-84.4088483403684,42.283646764745,2016-01-31,79.2
-84.4088483403684,42.283646764745,2015-12-06,132
-84.4088483403684,42.283646764745,2006-09-15,139
-84.4088483403684,42.283646764745,2024-02-23,130
-84.4088483403684,42.283646764745,2015-02-26,66.8
-84.4088483403684,42.283646764745,1985-07-21,110
-84.4088483403684,42.283646764745,2007-12-01,84.3
-84.4088483403684,42.283646764745,2020-12-23,85.0
-84.4088483403684,42.283646764745,2011-02-19,234
-84.4088483403684,42.283646764745,1999-10-24,46.0
-84.4088483403684,42.283646764745,2016-02-13,80.1
-84.4088483403684,42.283646764745,2001-03-13,300
-84.4088483403684,42.283646764745,2015-06-16,416
-84.4088483403684,42.283646764745,1984-10-31,55.0
-84.4088483403684,42.283646764745,1988-06-18,41.0
-84.4088483403684,42.283646764745,1993-07-13,104
-84.4088483403684,42.283646764745,1983-02-12,78.0
-84.4088483403684,42.283646764745,2010-11-27,255
-84.4088483403684,42.283646764745,2002-10-24,49.7
-84.4088483403684,42.283646764745,2024-11-19,117
-84.4088483403684,42.283646764745,1987-12-16,202
-84.4088483403684,42.283646764745,1996-12-19,83.0
-84.4088483403684,42.283646764745,2019-02-08,224
-84.4088483403684,42.283646764745,1997-05-06,216
-84.4088483403684,42.283646764745,2018-06-21,114
-84.4088483403684,42.283646764745,1988-03-31,210
-84.4088483403684,42.283646764745,1981-08-10,114
-84.4088483403684,42.283646764745,2023-07-03,77.3
-84.4088483403684,42.283646764745,1985-10-20,178
-84.4088483403684,42.283646764745,1987-03-01,144
-84.4088483403684,42.283646764745,1986-02-02,96.0
-84.4088483403684,42.283646764745,2024-07-03,187
-84.4088483403684,42.283646764745,2010-06-22,403
-84.4088483403684,42.283646764745,2003-11-24,149
-84.4088483403684,42.283646764745,1982-02-23,115
-84.4088483403684,42.283646764745,2011-03-27,333
-84.4088483403684,42.283646764745,1994-05-16,102
-84.4088483403684,42.283646764745,2016-12-14,119
-84.4088483403684,42.283646764745,1994-11-07,166
-84.4088483403684,42.283646764745,1999-09-25,29.0
-84.4088483403684,42.283646764745,2013-03-06,97.3
-84.4088483403684,42.283646764745,2003-01-02,80.0
-84.4088483403684,42.283646764745,1983-07-31,245
-84.4088483403684,42.283646764745,1990-04-28,249
-84.4088483403684,42.283646764745,1996-08-19,72.0
-84.4088483403684,42.283646764745,2003-05-16,244
-84.4088483403684,42.283646764745,2007-09-08,67.4
-84.4088483403684,42.283646764745,1991-06-05,152
-84.4088483403684,42.283646764745,1991-09-16,88.0
-84.4088483403684,42.283646764745,2018-10-19,105
-84.4088483403684,42.283646764745,1986-07-13,103
-84.4088483403684,42.283646764745,2003-03-25,221
-84.4088483403684,42.283646764745,1988-10-27,98.0
-84.4088483403684,42.283646764745,2023-11-05,92.0
-84.4088483403684,42.283646764745,1987-04-03,154
-84.4088483403684,42.283646764745,2011-03-16,366
-84.4088483403684,42.283646764745,1990-06-16,105
-84.4088483403684,42.283646764745,2004-06-10,148
-84.4088483403684,42.283646764745,1995-11-22,140
-84.4088483403684,42.283646764745,1990-04-22,317
-84.4088483403684,42.283646764745,1991-10-15,74.0
-84.4088483403684,42.283646764745,2018-07-23,43.9
-84.4088483403684,42.283646764745,2000-08-26,165
-84.4088483403684,42.283646764745,2017-04-27,214
-84.4088483403684,42.283646764745,2024-06-10,86.5
-84.4088483403684,42.283646764745,1980-11-06,70.0
-84.4088483403684,42.283646764745,2003-04-25,127
-84.4088483403684,42.283646764745,1990-10-11,284
-84.4088483403684,42.283646764745,1988-12-17,136
-84.4088483403684,42.283646764745,2017-05-01,348
-84.4088483403684,42.283646764745,2009-06-11,280
-84.4088483403684,42.283646764745,2002-09-02,50.0
-84.4088483403684,42.283646764745,2020-01-25,340
-84.4088483403684,42.283646764745,1997-10-16,70.0
-84.4088483403684,42.283646764745,2006-10-13,131
-84.4088483403684,42.283646764745,1982-12-26,197
-84.4088483403684,42.283646764745,1986-08-05,51.0
-84.4088483403684,42.283646764745,2014-05-16,255
-84.4088483403684,42.283646764745,1993-03-11,259
-84.4088483403684,42.283646764745,2017-10-10,35.4
-84.4088483403684,42.283646764745,1995-03-06,138
-84.4088483403684,42.283646764745,1985-02-24,388
-84.4088483403684,42.283646764745,2012-12-05,168
-84.4088483403684,42.283646764745,2008-12-15,182
-84.4088483403684,42.283646764745,2021-06-01,56.4
-84.4088483403684,42.283646764745,1999-08-21,50.0
-84.4088483403684,42.283646764745,2011-12-10,474
-84.4088483403684,42.283646764745,2020-10-04,54.2
-84.4088483403684,42.283646764745,2016-03-31,217
-84.4088483403684,42.283646764745,2021-09-08,50.1
-84.4088483403684,42.283646764745,1998-10-14,75.0
-84.4088483403684,42.283646764745,2004-04-19,82.2
-84.4088483403684,42.283646764745,2014-10-08,88.8
-84.4088483403684,42.283646764745,2006-08-28,107
-84.4088483403684,42.283646764745,1984-03-01,105
-84.4088483403684,42.283646764745,1981-04-27,265
-84.4088483403684,42.283646764745,2011-02-07,84.7
-84.4088483403684,42.283646764745,2016-04-16,291
-84.4088483403684,42.283646764745,2015-04-12,132
-84.4088483403684,42.283646764745,2022-02-06,122
-84.4088483403684,42.283646764745,2012-11-25,47.6
-84.4088483403684,42.283646764745,2006-02-02,257
-84.4088483403684,42.283646764745,1985-01-28,141
-84.4088483403684,42.283646764745,1990-10-18,317
-84.4088483403684,42.283646764745,2015-10-07,41.5
-84.4088483403684,42.283646764745,1989-05-28,155
-84.4088483403684,42.283646764745,2014-07-18,136
-84.4088483403684,42.283646764745,2013-01-05,49.6
-84.4088483403684,42.283646764745,1999-03-03,124
-84.4088483403684,42.283646764745,1982-09-12,34.0
-84.4088483403684,42.283646764745,1998-12-12,97.0
-84.4088483403684,42.283646764745,2020-11-08,75.0
-84.4088483403684,42.283646764745,2009-03-27,235
-84.4088483403684,42.283646764745,2017-02-11,260
-84.4088483403684,42.283646764745,1982-02-26,154
-84.4088483403684,42.283646764745,1987-11-14,50.0
-84.4088483403684,42.283646764745,2010-07-27,338
-84.4088483403684,42.283646764745,1981-03-24,150
-84.4088483403684,42.283646764745,2017-04-09,472
-84.4088483403684,42.283646764745,2015-06-09,179
-84.4088483403684,42.283646764745,1988-07-31,32.0
-84.4088483403684,42.283646764745,2014-01-29,122
-84.4088483403684,42.283646764745,2025-07-12,85.9
-84.4088483403684,42.283646764745,2004-12-06,215
-84.4088483403684,42.283646764745,1996-06-09,205
-84.4088483403684,42.283646764745,1988-07-12,34.0
-84.4088483403684,42.283646764745,1982-09-06,35.0
-84.4088483403684,42.283646764745,1983-10-11,49.0
-84.4088483403684,42.283646764745,1981-02-28,340
-84.4088483403684,42.283646764745,1985-01-17,100
-84.4088483403684,42.283646764745,2013-07-25,64.8
-84.4088483403684,42.283646764745,1994-02-25,290
-84.4088483403684,42.283646764745,2017-10-21,113
-84.4088483403684,42.283646764745,1986-10-26,92.0
-84.4088483403684,42.283646764745,1993-09-22,126
-84.4088483403684,42.283646764745,1981-12-15,90.0
-84.4088483403684,42.283646764745,1981-09-05,207
-84.4088483403684,42.283646764745,2009-11-21,97.2
-84.4088483403684,42.283646764745,2009-03-04,240
-84.4088483403684,42.283646764745,1983-07-07,169
-84.4088483403684,42.283646764745,1985-11-07,77.0
-84.4088483403684,42.283646764745,1998-02-28,346
-84.4088483403684,42.283646764745,2002-02-14,156
-84.4088483403684,42.283646764745,1988-08-01,35.0
-84.4088483403684,42.283646764745,2014-11-05,61.9
-84.4088483403684,42.283646764745,1980-04-11,343
-84.4088483403684,42.283646764745,2010-07-21,87.7
-84.4088483403684,42.283646764745,2003-11-03,115
-84.4088483403684,42.283646764745,2019-09-25,59.3
-84.4088483403684,42.283646764745,2016-03-13,163
-84.4088483403684,42.283646764745,1983-11-01,72.0
-84.4088483403684,42.283646764745,2008-01-08,501
-84.4088483403684,42.283646764745,2004-11-17,107
-84.4088483403684,42.283646764745,1987-01-24,92.0
-84.4088483403684,42.283646764745,1988-03-28,184
-84.4088483403684,42.283646764745,1990-08-22,102
-84.4088483403684,42.283646764745,2002-06-20,73.0
-84.4088483403684,42.283646764745,1999-10-27,48.0
-84.4088483403684,42.283646764745,1982-12-17,176
-84.4088483403684,42.283646764745,2015-02-02,56.2
-84.4088483403684,42.283646764745,2016-07-27,37.6
-84.4088483403684,42.283646764745,2021-03-26,137
-84.4088483403684,42.283646764745,2014-06-13,99.6
-84.4088483403684,42.283646764745,1995-09-07,100
-84.4088483403684,42.283646764745,2016-09-30,57.0
-84.4088483403684,42.283646764745,1985-04-21,216
-84.4088483403684,42.283646764745,1994-11-21,127
-84.4088483403684,42.283646764745,1998-03-26,382
-84.4088483403684,42.283646764745,2010-06-13,483
-84.4088483403684,42.283646764745,2021-11-24,142
-84.4088483403684,42.283646764745,2004-10-28,58.1
-84.4088483403684,42.283646764745,2008-04-27,155
-84.4088483403684,42.283646764745,1986-02-03,94.0
-84.4088483403684,42.283646764745,1982-05-10,188
-84.4088483403684,42.283646764745,2017-07-31,49.9
-84.4088483403684,42.283646764745,2018-07-15,48.5
-84.4088483403684,42.283646764745,2007-01-12,347
-84.4088483403684,42.283646764745,2008-08-04,62.5
-84.4088483403684,42.283646764745,1998-08-17,88.0
-84.4088483403684,42.283646764745,1992-07-04,84.0
-84.4088483403684,42.283646764745,1984-04-07,242
-84.4088483403684,42.283646764745,2022-11-21,72.2
-84.4088483403684,42.283646764745,2004-04-18,81.5
-84.4088483403684,42.283646764745,1996-08-14,54.0
-84.4088483403684,42.283646764745,2007-09-26,74.0
-84.4088483403684,42.283646764745,2014-08-12,54.0
-84.4088483403684,42.283646764745,1997-06-16,104
-84.4088483403684,42.283646764745,2006-05-13,311
-84.4088483403684,42.283646764745,1995-02-04,112
-84.4088483403684,42.283646764745,1982-08-12,62.0
-84.4088483403684,42.283646764745,2006-07-09,118
-84.4088483403684,42.283646764745,2001-11-15,157
-84.4088483403684,42.283646764745,2025-04-12,223
-84.4088483403684,42.283646764745,1988-06-10,46.0
-84.4088483403684,42.283646764745,2015-07-09,230
-84.4088483403684,42.283646764745,1995-06-27,200
-84.4088483403684,42.283646764745,1989-12-05,109
-84.4088483403684,42.283646764745,2026-04-10,301
-84.4088483403684,42.283646764745,1980-10-08,129
-84.4088483403684,42.283646764745,2005-10-04,47.4
-84.4088483403684,42.283646764745,2018-12-03,122
-84.4088483403684,42.283646764745,2008-04-29,118
-84.4088483403684,42.283646764745,2006-04-13,245
-84.4088483403684,42.283646764745,1989-08-22,78.0
-84.4088483403684,42.283646764745,2001-04-10,181
-84.4088483403684,42.283646764745,1998-10-07,129
-84.4088483403684,42.283646764745,1999-02-08,269
-84.4088483403684,42.283646764745,2003-01-13,81.8
-84.4088483403684,42.283646764745,1983-04-30,290
-84.4088483403684,42.283646764745,2007-05-24,116
-84.4088483403684,42.283646764745,2018-06-19,119
-84.4088483403684,42.283646764745,2015-09-12,54.5
-84.4088483403684,42.283646764745,2024-10-02,69.2
-84.4088483403684,42.283646764745,1987-07-22,36.0
-84.4088483403684,42.283646764745,2001-02-21,296
-84.4088483403684,42.283646764745,2023-03-11,320
-84.4088483403684,42.283646764745,2021-09-13,43.4
-84.4088483403684,42.283646764745,2011-10-17,75.7
-84.4088483403684,42.283646764745,2021-07-13,74.6
-84.4088483403684,42.283646764745,1998-01-11,435
-84.4088483403684,42.283646764745,2016-08-15,50.9
-84.4088483403684,42.283646764745,2002-03-30,213
-84.4088483403684,42.283646764745,1979-09-02,43.0
-84.4088483403684,42.283646764745,1992-08-08,237
-84.4088483403684,42.283646764745,1994-06-23,96.0
-84.4088483403684,42.283646764745,2009-05-30,336
-84.4088483403684,42.283646764745,1990-10-05,132
-84.4088483403684,42.283646764745,1998-10-26,66.0
-84.4088483403684,42.283646764745,2001-06-13,149
-84.4088483403684,42.283646764745,2021-03-08,111
-84.4088483403684,42.283646764745,2006-01-16,181
-84.4088483403684,42.283646764745,2015-12-27,111
-84.4088483403684,42.283646764745,1998-01-27,199
-84.4088483403684,42.283646764745,2005-03-05,205
-84.4088483403684,42.283646764745,2008-04-14,364
-84.4088483403684,42.283646764745,2019-01-17,74.5
-84.4088483403684,42.283646764745,2020-01-28,253
-84.4088483403684,42.283646764745,1992-09-20,206
-84.4088483403684,42.283646764745,2011-07-17,57.3
-84.4088483403684,42.283646764745,1985-01-22,96.0
-84.4088483403684,42.283646764745,1995-01-10,98.0
-84.4088483403684,42.283646764745,1981-06-23,219
-84.4088483403684,42.283646764745,1986-03-15,360
-84.4088483403684,42.283646764745,1999-05-25,141
-84.4088483403684,42.283646764745,1990-09-28,124
-84.4088483403684,42.283646764745,1991-06-11,154
-84.4088483403684,42.283646764745,2006-10-07,136
-84.4088483403684,42.283646764745,2020-02-09,217
-84.4088483403684,42.283646764745,1994-02-28,272
-84.4088483403684,42.283646764745,2010-08-08,195
-84.4088483403684,42.283646764745,2014-06-07,178
-84.4088483403684,42.283646764745,2014-01-03,160
-84.4088483403684,42.283646764745,1995-03-29,176
-84.4088483403684,42.283646764745,1979-11-10,53.0
-84.4088483403684,42.283646764745,1987-05-13,69.0
-84.4088483403684,42.283646764745,1984-06-29,59.0
-84.4088483403684,42.283646764745,2018-11-15,134
-84.4088483403684,42.283646764745,2014-03-29,370
-84.4088483403684,42.283646764745,1990-03-05,297
-84.4088483403684,42.283646764745,1984-06-21,73.0
-84.4088483403684,42.283646764745,1983-08-28,48.0
-84.4088483403684,42.283646764745,2013-08-24,69.5
-84.4088483403684,42.283646764745,2010-10-01,56.3
-84.4088483403684,42.283646764745,1998-04-19,188
-84.4088483403684,42.283646764745,1987-08-08,28.0
-84.4088483403684,42.283646764745,1980-03-21,318
-84.4088483403684,42.283646764745,1994-05-10,213
-84.4088483403684,42.283646764745,2021-04-21,77.3
-84.4088483403684,42.283646764745,2009-11-06,175
-84.4088483403684,42.283646764745,1987-05-11,125
-84.4088483403684,42.283646764745,1992-10-08,100
-84.4088483403684,42.283646764745,2004-05-26,327
-84.4088483403684,42.283646764745,2019-10-04,220
-84.4088483403684,42.283646764745,2009-03-16,510
-84.4088483403684,42.283646764745,1979-01-15,63.0
-84.4088483403684,42.283646764745,2009-03-02,239
-84.4088483403684,42.283646764745,2025-06-22,169
-84.4088483403684,42.283646764745,1990-07-08,81.0
-84.4088483403684,42.283646764745,1993-08-26,69.0
-84.4088483403684,42.283646764745,2016-11-20,64.0
-84.4088483403684,42.283646764745,1985-02-13,133
-84.4088483403684,42.283646764745,1983-07-20,81.0
-84.4088483403684,42.283646764745,1997-09-28,123
-84.4088483403684,42.283646764745,1991-01-18,266
-84.4088483403684,42.283646764745,1985-09-13,116
-84.4088483403684,42.283646764745,1992-07-16,115
-84.4088483403684,42.283646764745,2005-06-25,52.7
-84.4088483403684,42.283646764745,1983-09-05,39.0
-84.4088483403684,42.283646764745,2014-04-03,357
-84.4088483403684,42.283646764745,1994-11-19,133
-84.4088483403684,42.283646764745,2017-02-06,112
-84.4088483403684,42.283646764745,2011-01-17,130
-84.4088483403684,42.283646764745,2015-07-15,230
-84.4088483403684,42.283646764745,1992-05-17,170
-84.4088483403684,42.283646764745,1989-09-14,133
-84.4088483403684,42.283646764745,2021-05-09,82.7
-84.4088483403684,42.283646764745,2004-03-20,227
-84.4088483403684,42.283646764745,2012-08-22,40.4
-84.4088483403684,42.283646764745,2013-07-15,73.1
-84.4088483403684,42.283646764745,1999-01-04,72.0
-84.4088483403684,42.283646764745,2025-04-07,237
-84.4088483403684,42.283646764745,1999-01-18,129
-84.4088483403684,42.283646764745,2006-09-30,99.8
-84.4088483403684,42.283646764745,1998-10-02,52.0
-84.4088483403684,42.283646764745,2022-04-21,266
-84.4088483403684,42.283646764745,1992-10-23,338
-84.4088483403684,42.283646764745,2026-04-28,283
-84.4088483403684,42.283646764745,2010-01-29,117
-84.4088483403684,42.283646764745,2001-01-22,123
-84.4088483403684,42.283646764745,2000-08-08,178
-84.4088483403684,42.283646764745,2016-10-16,77.3
-84.4088483403684,42.283646764745,1996-08-06,62.0
-84.4088483403684,42.283646764745,2015-11-08,64.1
-84.4088483403684,42.283646764745,1993-03-02,164
-84.4088483403684,42.283646764745,1983-07-11,82.0
-84.4088483403684,42.283646764745,2023-08-04,84.8
-84.4088483403684,42.283646764745,2017-07-05,58.0
-84.4088483403684,42.283646764745,1995-07-11,74.0
-84.4088483403684,42.283646764745,1981-11-28,168
-84.4088483403684,42.283646764745,2006-12-18,259
-84.4088483403684,42.283646764745,2017-05-23,178
-84.4088483403684,42.283646764745,2015-08-02,68.7
-84.4088483403684,42.283646764745,1980-11-07,112
-84.4088483403684,42.283646764745,1993-04-25,298
-84.4088483403684,42.283646764745,2007-03-16,453
-84.4088483403684,42.283646764745,1980-01-04,172
-84.4088483403684,42.283646764745,2014-06-15,84.9
-84.4088483403684,42.283646764745,2006-11-19,264
-84.4088483403684,42.283646764745,1983-11-26,192
-84.4088483403684,42.283646764745,2010-01-21,104
-84.4088483403684,42.283646764745,1987-07-24,35.0
-84.4088483403684,42.283646764745,2012-04-24,153
-84.4088483403684,42.283646764745,1983-02-08,143
-84.4088483403684,42.283646764745,2009-06-05,221
-84.4088483403684,42.283646764745,2018-01-30,115
-84.4088483403684,42.283646764745,2006-06-13,71.1
-84.4088483403684,42.283646764745,1979-10-25,41.0
-84.4088483403684,42.283646764745,1986-02-10,183
-84.4088483403684,42.283646764745,2004-06-26,112
-84.4088483403684,42.283646764745,1988-09-14,41.0
-84.4088483403684,42.283646764745,2019-01-25,80.6
-84.4088483403684,42.283646764745,1981-06-14,251
-84.4088483403684,42.283646764745,1987-03-23,133
-84.4088483403684,42.283646764745,2003-03-15,135
-84.4088483403684,42.283646764745,1979-12-04,92.0
-84.4088483403684,42.283646764745,2024-02-26,125
-84.4088483403684,42.283646764745,1997-03-05,414
-84.4088483403684,42.283646764745,1995-10-05,110
-84.4088483403684,42.283646764745,2017-08-18,38.8
-84.4088483403684,42.283646764745,1998-11-02,74.0
-84.4088483403684,42.283646764745,1987-04-02,156
-84.4088483403684,42.283646764745,2008-10-14,72.5
-84.4088483403684,42.283646764745,2009-05-27,335
-84.4088483403684,42.283646764745,1987-07-13,37.0
-84.4088483403684,42.283646764745,1979-04-26,170
-84.4088483403684,42.283646764745,1996-10-28,79.0
-84.4088483403684,42.283646764745,1987-11-23,53.0
-84.4088483403684,42.283646764745,1996-07-06,69.0
-84.4088483403684,42.283646764745,2003-09-17,41.4
-84.4088483403684,42.283646764745,1989-11-25,185
-84.4088483403684,42.283646764745,1981-04-13,270
-84.4088483403684,42.283646764745,2022-02-27,316
-84.4088483403684,42.283646764745,2001-11-08,197
-84.4088483403684,42.283646764745,1986-07-01,86.0
-84.4088483403684,42.283646764745,1992-11-07,273
-84.4088483403684,42.283646764745,2017-07-30,50.7
-84.4088483403684,42.283646764745,2001-07-16,58.0
-84.4088483403684,42.283646764745,2020-11-27,180
-84.4088483403684,42.283646764745,2015-07-05,218
-84.4088483403684,42.283646764745,1995-07-28,98.0
-84.4088483403684,42.283646764745,1999-09-13,38.0
-84.4088483403684,42.283646764745,2017-10-22,111
-84.4088483403684,42.283646764745,1999-09-15,38.0
-84.4088483403684,42.283646764745,1998-10-04,51.0
-84.4088483403684,42.283646764745,2024-08-28,106
-84.4088483403684,42.283646764745,1993-05-20,98.0
-84.4088483403684,42.283646764745,1984-11-13,166
-84.4088483403684,42.283646764745,2011-09-06,96.5
-84.4088483403684,42.283646764745,1982-04-26,219
-84.4088483403684,42.283646764745,1981-04-14,349
-84.4088483403684,42.283646764745,2019-10-06,135
-84.4088483403684,42.283646764745,1983-04-08,296
-84.4088483403684,42.283646764745,2016-08-02,41.2
-84.4088483403684,42.283646764745,2025-05-26,172
-84.4088483403684,42.283646764745,1991-04-11,180
-84.4088483403684,42.283646764745,2016-10-15,56.3
-84.4088483403684,42.283646764745,1998-11-01,70.0
-84.4088483403684,42.283646764745,2021-01-24,82.0
-84.4088483403684,42.283646764745,2020-09-04,51.1
-84.4088483403684,42.283646764745,1984-08-13,41.0
-84.4088483403684,42.283646764745,2025-10-11,43.2
-84.4088483403684,42.283646764745,2018-02-09,96.8
-84.4088483403684,42.283646764745,2024-09-14,63.2
-84.4088483403684,42.283646764745,1986-09-13,64.0
-84.4088483403684,42.283646764745,1994-08-12,129
-84.4088483403684,42.283646764745,2001-02-02,132
-84.4088483403684,42.283646764745,1982-04-18,345
-84.4088483403684,42.283646764745,1986-06-21,124
-84.4088483403684,42.283646764745,2014-09-04,47.9
-84.4088483403684,42.283646764745,2017-07-28,56.6
-84.4088483403684,42.283646764745,2025-10-07,52.3
-84.4088483403684,42.283646764745,2015-06-19,429
-84.4088483403684,42.283646764745,2006-02-05,258
-84.4088483403684,42.283646764745,2013-07-02,135
-84.4088483403684,42.283646764745,2020-09-03,53.8
-84.4088483403684,42.283646764745,1980-02-11,51.0
-84.4088483403684,42.283646764745,1992-07-24,160
-84.4088483403684,42.283646764745,1985-04-29,178
-84.4088483403684,42.283646764745,2005-10-05,45.5
-84.4088483403684,42.283646764745,1980-12-20,89.0
-84.4088483403684,42.283646764745,2026-02-13,81.9
-84.4088483403684,42.283646764745,1992-11-17,317
-84.4088483403684,42.283646764745,2021-05-22,48.3
-84.4088483403684,42.283646764745,2016-05-19,195
-84.4088483403684,42.283646764745,2015-02-14,71.9
-84.4088483403684,42.283646764745,2018-03-28,167
-84.4088483403684,42.283646764745,1998-09-05,58.0
-84.4088483403684,42.283646764745,2017-06-30,59.0
-84.4088483403684,42.283646764745,2016-05-05,269
-84.4088483403684,42.283646764745,2001-10-13,177
-84.4088483403684,42.283646764745,1997-10-06,121
-84.4088483403684,42.283646764745,1980-03-13,133
-84.4088483403684,42.283646764745,1988-01-10,87.0
-84.4088483403684,42.283646764745,1989-10-10,82.0
-84.4088483403684,42.283646764745,2024-11-11,102
-84.4088483403684,42.283646764745,1992-04-23,187
-84.4088483403684,42.283646764745,2013-02-12,208
-84.4088483403684,42.283646764745,1982-10-01,136
-84.4088483403684,42.283646764745,2017-04-01,357
-84.4088483403684,42.283646764745,2005-12-18,61.9
-84.4088483403684,42.283646764745,1983-05-07,478
-84.4088483403684,42.283646764745,2016-02-11,79.0
-84.4088483403684,42.283646764745,2003-03-09,70.2
-84.4088483403684,42.283646764745,1986-09-11,72.0
-84.4088483403684,42.283646764745,2019-03-04,89.6
-84.4088483403684,42.283646764745,2006-05-12,270
-84.4088483403684,42.283646764745,2009-09-09,90.3
-84.4088483403684,42.283646764745,2023-01-06,151
-84.4088483403684,42.283646764745,2005-12-28,150
-84.4088483403684,42.283646764745,2000-02-23,117
-84.4088483403684,42.283646764745,1982-09-22,62.0
-84.4088483403684,42.283646764745,1994-11-17,145
-84.4088483403684,42.283646764745,2004-05-03,102
-84.4088483403684,42.283646764745,2009-08-13,83.4
-84.4088483403684,42.283646764745,2024-10-28,82.0
-84.4088483403684,42.283646764745,1993-11-28,131
-84.4088483403684,42.283646764745,1993-04-13,318
-84.4088483403684,42.283646764745,2009-08-17,84.6
-84.4088483403684,42.283646764745,1983-09-23,105
-84.4088483403684,42.283646764745,2002-01-06,109
-84.4088483403684,42.283646764745,2026-04-02,172
-84.4088483403684,42.283646764745,1998-12-30,61.0
-84.4088483403684,42.283646764745,2022-04-26,300
-84.4088483403684,42.283646764745,2011-03-05,335
-84.4088483403684,42.283646764745,2007-12-16,132
-84.4088483403684,42.283646764745,1989-10-09,54.0
-84.4088483403684,42.283646764745,2000-12-28,113
-84.4088483403684,42.283646764745,2005-07-14,57.7
-84.4088483403684,42.283646764745,2018-05-22,496
-84.4088483403684,42.283646764745,1982-10-21,61.0
-84.4088483403684,42.283646764745,2012-03-12,343
-84.4088483403684,42.283646764745,2016-09-29,91.5
-84.4088483403684,42.283646764745,1995-05-06,167
-84.4088483403684,42.283646764745,1989-09-30,67.0
-84.4088483403684,42.283646764745,2006-11-22,250
-84.4088483403684,42.283646764745,1985-11-27,240
-84.4088483403684,42.283646764745,2007-06-15,140
-84.4088483403684,42.283646764745,1987-01-07,112
-84.4088483403684,42.283646764745,2006-06-27,321
-84.4088483403684,42.283646764745,2000-10-27,102
-84.4088483403684,42.283646764745,2026-06-13,84.4
-84.4088483403684,42.283646764745,2000-11-14,118
-84.4088483403684,42.283646764745,1992-08-18,90.0
-84.4088483403684,42.283646764745,1990-07-01,125
-84.4088483403684,42.283646764745,1982-04-04,482
-84.4088483403684,42.283646764745,1979-12-15,69.0
-84.4088483403684,42.283646764745,2022-05-02,231
-84.4088483403684,42.283646764745,2022-08-22,84.4
-84.4088483403684,42.283646764745,2013-05-27,88.9
-84.4088483403684,42.283646764745,2010-02-04,101
-84.4088483403684,42.283646764745,2004-08-27,69.0
-84.4088483403684,42.283646764745,2015-02-19,69.0
-84.4088483403684,42.283646764745,2016-05-06,260
-84.4088483403684,42.283646764745,2001-09-07,55.0
-84.4088483403684,42.283646764745,2023-04-22,156
-84.4088483403684,42.283646764745,2005-01-20,271
-84.4088483403684,42.283646764745,2017-11-11,86.1
-84.4088483403684,42.283646764745,2024-01-10,149
-84.4088483403684,42.283646764745,1991-02-05,176
-84.4088483403684,42.283646764745,1985-11-01,152
-84.4088483403684,42.283646764745,1990-03-15,518
-84.4088483403684,42.283646764745,1984-09-18,44.0
-84.4088483403684,42.283646764745,2014-06-30,92.8
-84.4088483403684,42.283646764745,2003-03-26,209
-84.4088483403684,42.283646764745,2008-05-17,112
-84.4088483403684,42.283646764745,1995-10-23,99.0
-84.4088483403684,42.283646764745,1998-03-04,283
-84.4088483403684,42.283646764745,2012-12-09,155
-84.4088483403684,42.283646764745,1982-08-09,64.0
-84.4088483403684,42.283646764745,2011-03-12,400
-84.4088483403684,42.283646764745,2001-04-03,158
-84.4088483403684,42.283646764745,1988-06-04,47.0
-84.4088483403684,42.283646764745,1989-08-02,140
-84.4088483403684,42.283646764745,1979-08-28,63.0
-84.4088483403684,42.283646764745,1996-07-20,55.0
-84.4088483403684,42.283646764745,2004-06-13,269
-84.4088483403684,42.283646764745,2025-08-13,62.6
-84.4088483403684,42.283646764745,2021-08-23,62.4
-84.4088483403684,42.283646764745,2004-03-21,192
-84.4088483403684,42.283646764745,2017-03-27,322
-84.4088483403684,42.283646764745,2003-07-30,41.5
-84.4088483403684,42.283646764745,2016-01-03,175
-84.4088483403684,42.283646764745,2025-05-28,155
-84.4088483403684,42.283646764745,1988-01-15,74.0
-84.4088483403684,42.283646764745,1988-03-05,176
-84.4088483403684,42.283646764745,1982-06-13,95.0
-84.4088483403684,42.283646764745,2025-12-29,167
-84.4088483403684,42.283646764745,2022-06-25,98.7
-84.4088483403684,42.283646764745,1984-01-05,95.0
-84.4088483403684,42.283646764745,2020-10-27,75.0
-84.4088483403684,42.283646764745,1982-05-18,113
-84.4088483403684,42.283646764745,1994-09-06,65.0
-84.4088483403684,42.283646764745,1999-07-13,80.0
-84.4088483403684,42.283646764745,2000-06-28,318
-84.4088483403684,42.283646764745,2019-11-16,218
-84.4088483403684,42.283646764745,1982-06-25,103
-84.4088483403684,42.283646764745,2011-04-20,252
-84.4088483403684,42.283646764745,1979-01-22,116
-84.4088483403684,42.283646764745,2007-11-19,65.7
-84.4088483403684,42.283646764745,1983-06-09,193
-84.4088483403684,42.283646764745,2000-03-28,99.0
-84.4088483403684,42.283646764745,1996-09-05,52.0
-84.4088483403684,42.283646764745,1986-06-02,82.0
-84.4088483403684,42.283646764745,1993-11-11,142
-84.4088483403684,42.283646764745,1989-05-04,110
-84.4088483403684,42.283646764745,2026-04-06,298
-84.4088483403684,42.283646764745,1980-10-28,78.0
-84.4088483403684,42.283646764745,2013-04-03,77.2
-84.4088483403684,42.283646764745,2004-04-23,81.5
-84.4088483403684,42.283646764745,2023-11-21,110
-84.4088483403684,42.283646764745,2016-11-09,134
-84.4088483403684,42.283646764745,2008-02-12,364
-84.4088483403684,42.283646764745,1983-02-18,157
-84.4088483403684,42.283646764745,1990-01-31,136
-84.4088483403684,42.283646764745,2012-04-13,115
-84.4088483403684,42.283646764745,1990-02-22,305
-84.4088483403684,42.283646764745,2008-11-15,129
-84.4088483403684,42.283646764745,2012-01-22,335
-84.4088483403684,42.283646764745,2003-12-18,116
-84.4088483403684,42.283646764745,2011-10-15,79.6
-84.4088483403684,42.283646764745,1993-10-16,154
-84.4088483403684,42.283646764745,2017-01-10,106
-84.4088483403684,42.283646764745,1998-05-17,177
-84.4088483403684,42.283646764745,2001-12-07,172
-84.4088483403684,42.283646764745,1996-04-24,327
-84.4088483403684,42.283646764745,1981-07-05,117
-84.4088483403684,42.283646764745,1981-05-11,223
-84.4088483403684,42.283646764745,2023-05-29,67.9
-84.4088483403684,42.283646764745,1987-10-09,57.0
-84.4088483403684,42.283646764745,1984-04-16,221
-84.4088483403684,42.283646764745,1985-08-10,54.0
-84.4088483403684,42.283646764745,1982-04-27,211
-84.4088483403684,42.283646764745,2025-06-26,149
-84.4088483403684,42.283646764745,2020-09-27,51.4
-84.4088483403684,42.283646764745,1993-02-16,160
-84.4088483403684,42.283646764745,1983-06-19,81.0
-84.4088483403684,42.283646764745,2007-01-08,383
-84.4088483403684,42.283646764745,1988-04-02,201
-84.4088483403684,42.283646764745,2007-09-20,63.6
-84.4088483403684,42.283646764745,2008-11-09,132
-84.4088483403684,42.283646764745,2022-07-23,88.5
-84.4088483403684,42.283646764745,2006-04-06,139
-84.4088483403684,42.283646764745,2003-05-19,213
-84.4088483403684,42.283646764745,1983-09-18,43.0
-84.4088483403684,42.283646764745,2012-03-04,337
-84.4088483403684,42.283646764745,2008-09-05,52.8
-84.4088483403684,42.283646764745,2014-02-01,74.4
-84.4088483403684,42.283646764745,1979-05-26,134
-84.4088483403684,42.283646764745,2023-07-04,67.5
-84.4088483403684,42.283646764745,2021-12-02,208
-84.4088483403684,42.283646764745,2007-04-27,318
-84.4088483403684,42.283646764745,2001-05-07,115
-84.4088483403684,42.283646764745,2003-10-21,83.0
-84.4088483403684,42.283646764745,2008-06-16,143
-84.4088483403684,42.283646764745,2013-05-21,134
-84.4088483403684,42.283646764745,2005-06-24,57.2
-84.4088483403684,42.283646764745,1994-03-17,217
-84.4088483403684,42.283646764745,2023-05-14,96.6
-84.4088483403684,42.283646764745,2014-10-10,132
-84.4088483403684,42.283646764745,2008-06-29,96.4
-84.4088483403684,42.283646764745,1994-01-28,238
-84.4088483403684,42.283646764745,2012-01-02,274
-84.4088483403684,42.283646764745,2014-07-01,159
-84.4088483403684,42.283646764745,1979-06-11,57.0
-84.4088483403684,42.283646764745,1998-12-17,132
-84.4088483403684,42.283646764745,2000-02-03,61.0
-84.4088483403684,42.283646764745,2025-02-07,99.6
-84.4088483403684,42.283646764745,1994-08-08,67.0
-84.4088483403684,42.283646764745,1986-06-26,72.0
-84.4088483403684,42.283646764745,1997-02-27,513
-84.4088483403684,42.283646764745,2020-09-26,51.7
-84.4088483403684,42.283646764745,2013-11-22,99.9
-84.4088483403684,42.283646764745,2011-02-13,88.3
-84.4088483403684,42.283646764745,2002-06-07,124
-84.4088483403684,42.283646764745,2003-06-28,54.3
-84.4088483403684,42.283646764745,1992-04-26,225
-84.4088483403684,42.283646764745,2006-02-09,218
-84.4088483403684,42.283646764745,1986-10-09,277
-84.4088483403684,42.283646764745,2006-07-28,95.4
-84.4088483403684,42.283646764745,2025-07-13,80.3
-84.4088483403684,42.283646764745,1993-01-28,277
-84.4088483403684,42.283646764745,1996-06-16,149
-84.4088483403684,42.283646764745,2002-02-28,244
-84.4088483403684,42.283646764745,1982-10-11,59.0
-84.4088483403684,42.283646764745,2021-09-15,45.2
-84.4088483403684,42.283646764745,1981-04-07,180
-84.4088483403684,42.283646764745,2013-08-26,68.3
-84.4088483403684,42.283646764745,2009-09-25,74.6
-84.4088483403684,42.283646764745,2022-04-18,207
-84.4088483403684,42.283646764745,2025-03-29,180
-84.4088483403684,42.283646764745,1980-08-10,101
-84.4088483403684,42.283646764745,2022-10-06,56.3
-84.4088483403684,42.283646764745,1997-08-29,80.0
-84.4088483403684,42.283646764745,2022-11-24,68.6
-84.4088483403684,42.283646764745,2016-09-21,39.9
-84.4088483403684,42.283646764745,2001-01-28,101
-84.4088483403684,42.283646764745,1979-01-29,62.0
-84.4088483403684,42.283646764745,2010-08-01,235
-84.4088483403684,42.283646764745,1999-04-30,265
-84.4088483403684,42.283646764745,2003-03-06,61.9
-84.4088483403684,42.283646764745,1989-08-08,138
-84.4088483403684,42.283646764745,2008-02-13,323
-84.4088483403684,42.283646764745,1980-06-11,260
-84.4088483403684,42.283646764745,1998-09-10,61.0
-84.4088483403684,42.283646764745,2008-06-15,149
-84.4088483403684,42.283646764745,1990-12-01,192
-84.4088483403684,42.283646764745,2022-07-24,103
-84.4088483403684,42.283646764745,2005-02-13,211
-84.4088483403684,42.283646764745,1980-09-10,165
-84.4088483403684,42.283646764745,2021-02-09,68.8
-84.4088483403684,42.283646764745,1998-11-15,85.0
-84.4088483403684,42.283646764745,2024-02-18,121
-84.4088483403684,42.283646764745,2005-06-20,63.9
-84.4088483403684,42.283646764745,2007-11-08,61.6
-84.4088483403684,42.283646764745,1979-04-25,161
-84.4088483403684,42.283646764745,2026-04-26,263
-84.4088483403684,42.283646764745,2010-03-18,384
-84.4088483403684,42.283646764745,1981-01-25,66.0
-84.4088483403684,42.283646764745,1989-12-13,87.0
-84.4088483403684,42.283646764745,2012-01-30,261
-84.4088483403684,42.283646764745,2023-01-18,93.6
-84.4088483403684,42.283646764745,1992-02-09,98.0
-84.4088483403684,42.283646764745,1991-05-30,99.0
-84.4088483403684,42.283646764745,2010-05-27,403
-84.4088483403684,42.283646764745,1985-12-29,128
-84.4088483403684,42.283646764745,1995-02-26,124
-84.4088483403684,42.283646764745,1979-09-24,39.0
-84.4088483403684,42.283646764745,2007-09-18,64.8
-84.4088483403684,42.283646764745,2013-10-05,73.4
-84.4088483403684,42.283646764745,2000-09-19,101
-84.4088483403684,42.283646764745,1981-02-10,66.0
-84.4088483403684,42.283646764745,2013-06-27,194
-84.4088483403684,42.283646764745,2001-05-31,283
-84.4088483403684,42.283646764745,2004-06-15,267
-84.4088483403684,42.283646764745,2023-04-25,144
-84.4088483403684,42.283646764745,1985-11-09,83.0
-84.4088483403684,42.283646764745,1998-11-24,132
-84.4088483403684,42.283646764745,2002-06-13,92.0
-84.4088483403684,42.283646764745,1993-02-02,174
-84.4088483403684,42.283646764745,2009-09-20,73.8
-84.4088483403684,42.283646764745,1986-05-02,161
-84.4088483403684,42.283646764745,2019-11-18,142
-84.4088483403684,42.283646764745,2013-10-26,52.4
-84.4088483403684,42.283646764745,1984-08-31,24.0
-84.4088483403684,42.283646764745,1996-11-22,82.0
-84.4088483403684,42.283646764745,2009-08-25,73.3
-84.4088483403684,42.283646764745,1980-07-03,125
-84.4088483403684,42.283646764745,2013-05-01,421
-84.4088483403684,42.283646764745,2002-08-11,49.0
-84.4088483403684,42.283646764745,2002-08-21,50.0
-84.4088483403684,42.283646764745,2023-09-23,63.9
-84.4088483403684,42.283646764745,1996-04-07,151
-84.4088483403684,42.283646764745,2005-01-19,365
-84.4088483403684,42.283646764745,2021-02-07,69.0
-84.4088483403684,42.283646764745,1998-12-02,92.0
-84.4088483403684,42.283646764745,2007-05-16,118
-84.4088483403684,42.283646764745,1985-06-25,71.0
-84.4088483403684,42.283646764745,2025-03-13,176
-84.4088483403684,42.283646764745,2017-05-26,294
-84.4088483403684,42.283646764745,1980-02-08,122
-84.4088483403684,42.283646764745,2013-03-20,240
-84.4088483403684,42.283646764745,2005-03-08,258
-84.4088483403684,42.283646764745,2009-09-30,128
-84.4088483403684,42.283646764745,1982-02-04,79.0
-84.4088483403684,42.283646764745,2011-12-13,401
-84.4088483403684,42.283646764745,1989-02-01,176
-84.4088483403684,42.283646764745,2002-12-30,82.0
-84.4088483403684,42.283646764745,2007-06-09,315
-84.4088483403684,42.283646764745,2011-04-24,279
-84.4088483403684,42.283646764745,1984-12-15,142
-84.4088483403684,42.283646764745,2008-04-13,380
-84.4088483403684,42.283646764745,2019-03-23,219
-84.4088483403684,42.283646764745,1987-12-05,155
-84.4088483403684,42.283646764745,1981-12-07,163
-84.4088483403684,42.283646764745,2008-05-11,172
-84.4088483403684,42.283646764745,1996-05-30,126
-84.4088483403684,42.283646764745,1996-03-22,226
-84.4088483403684,42.283646764745,2023-02-19,106
-84.4088483403684,42.283646764745,1995-04-21,210
-84.4088483403684,42.283646764745,2000-08-17,94.0
-84.4088483403684,42.283646764745,1982-08-07,62.0
-84.4088483403684,42.283646764745,2004-04-16,83.2
-84.4088483403684,42.283646764745,2021-04-14,121
-84.4088483403684,42.283646764745,1994-09-19,58.0
-84.4088483403684,42.283646764745,2018-08-08,49.8
-84.4088483403684,42.283646764745,1994-01-25,120
-84.4088483403684,42.283646764745,1989-11-03,72.0
-84.4088483403684,42.283646764745,1979-06-23,37.0
-84.4088483403684,42.283646764745,1993-10-22,280
-84.4088483403684,42.283646764745,1984-12-20,83.0
-84.4088483403684,42.283646764745,2010-10-31,54.4
-84.4088483403684,42.283646764745,2025-06-11,182
-84.4088483403684,42.283646764745,1980-09-14,93.0
-84.4088483403684,42.283646764745,2005-10-20,35.2
-84.4088483403684,42.283646764745,2009-03-24,315
-84.4088483403684,42.283646764745,2015-03-11,128
-84.4088483403684,42.283646764745,1989-05-03,114
-84.4088483403684,42.283646764745,1989-08-15,110
-84.4088483403684,42.283646764745,1980-06-07,170
-84.4088483403684,42.283646764745,2019-02-27,120
-84.4088483403684,42.283646764745,2023-03-26,235
-84.4088483403684,42.283646764745,2004-01-23,67.8
-84.4088483403684,42.283646764745,2023-08-09,83.3
-84.4088483403684,42.283646764745,1979-11-26,116
-84.4088483403684,42.283646764745,2012-11-26,50.3
-84.4088483403684,42.283646764745,1982-08-13,61.0
-84.4088483403684,42.283646764745,1994-11-06,184
-84.4088483403684,42.283646764745,1990-12-30,297
-84.4088483403684,42.283646764745,2007-08-14,60.6
-84.4088483403684,42.283646764745,1992-10-01,161
-84.4088483403684,42.283646764745,2004-01-05,119
-84.4088483403684,42.283646764745,1982-01-03,110
-84.4088483403684,42.283646764745,1989-09-02,92.0
-84.4088483403684,42.283646764745,2025-11-03,57.8
-84.4088483403684,42.283646764745,2007-05-22,122
-84.4088483403684,42.283646764745,2021-02-15,63.9
-84.4088483403684,42.283646764745,2008-01-13,558
-84.4088483403684,42.283646764745,2009-03-23,366
-84.4088483403684,42.283646764745,1985-11-22,247
-84.4088483403684,42.283646764745,2000-10-12,108
-84.4088483403684,42.283646764745,1979-09-22,37.0
-84.4088483403684,42.283646764745,1984-10-04,45.0
-84.4088483403684,42.283646764745,1998-11-03,72.0
-84.4088483403684,42.283646764745,2024-11-15,104
-84.4088483403684,42.283646764745,1980-04-03,310
-84.4088483403684,42.283646764745,2019-11-17,208
-84.4088483403684,42.283646764745,1984-12-27,134
-84.4088483403684,42.283646764745,2016-08-09,31.4
-84.4088483403684,42.283646764745,2008-07-05,176
-84.4088483403684,42.283646764745,2001-06-04,215
-84.4088483403684,42.283646764745,1984-04-22,222
-84.4088483403684,42.283646764745,1998-02-21,409
-84.4088483403684,42.283646764745,2000-09-27,77.0
-84.4088483403684,42.283646764745,2013-02-02,124
-84.4088483403684,42.283646764745,2015-09-11,58.9
-84.4088483403684,42.283646764745,1981-03-08,194
-84.4088483403684,42.283646764745,1996-01-30,124
-84.4088483403684,42.283646764745,1980-12-29,70.0
-84.4088483403684,42.283646764745,2014-06-29,97.2
-84.4088483403684,42.283646764745,2004-04-03,194
-84.4088483403684,42.283646764745,2012-03-15,330
-84.4088483403684,42.283646764745,1986-08-06,53.0
-84.4088483403684,42.283646764745,2018-06-17,167
-84.4088483403684,42.283646764745,2023-11-20,80.0
-84.4088483403684,42.283646764745,1996-09-30,79.0
-84.4088483403684,42.283646764745,1986-01-27,129
-84.4088483403684,42.283646764745,1979-02-27,73.0
-84.4088483403684,42.283646764745,1998-11-19,86.0
-84.4088483403684,42.283646764745,1980-03-08,49.0
-84.4088483403684,42.283646764745,2013-07-10,104
-84.4088483403684,42.283646764745,2016-01-27,77.4
-84.4088483403684,42.283646764745,1989-07-04,120
-84.4088483403684,42.283646764745,1998-11-26,156
-84.4088483403684,42.283646764745,2013-05-13,115
-84.4088483403684,42.283646764745,1993-09-24,95.0
-84.4088483403684,42.283646764745,1979-04-22,143
-84.4088483403684,42.283646764745,1997-05-05,211
-84.4088483403684,42.283646764745,2003-03-10,70.3
-84.4088483403684,42.283646764745,1980-07-17,141
-84.4088483403684,42.283646764745,2007-03-04,271
-84.4088483403684,42.283646764745,2006-05-07,104
-84.4088483403684,42.283646764745,1984-12-25,66.0
-84.4088483403684,42.283646764745,2021-09-11,41.5
-84.4088483403684,42.283646764745,2019-06-08,188
-84.4088483403684,42.283646764745,1995-02-25,123
-84.4088483403684,42.283646764745,1992-02-24,168
-84.4088483403684,42.283646764745,2025-09-11,46.6
-84.4088483403684,42.283646764745,2015-10-24,46.5
-84.4088483403684,42.283646764745,1987-12-22,192
-84.4088483403684,42.283646764745,2012-01-09,175
-84.4088483403684,42.283646764745,2005-11-25,70.7
-84.4088483403684,42.283646764745,2009-01-25,131
-84.4088483403684,42.283646764745,1995-04-23,207
-84.4088483403684,42.283646764745,2017-01-20,407
-84.4088483403684,42.283646764745,1988-05-02,149
-84.4088483403684,42.283646764745,2024-10-22,85.2
-84.4088483403684,42.283646764745,1987-08-06,35.0
-84.4088483403684,42.283646764745,2019-09-20,69.9
-84.4088483403684,42.283646764745,1993-11-19,145
-84.4088483403684,42.283646764745,2019-02-21,127
-84.4088483403684,42.283646764745,1998-12-25,69.0
-84.4088483403684,42.283646764745,2000-04-14,132
-84.4088483403684,42.283646764745,1995-08-09,228
-84.4088483403684,42.283646764745,1998-05-22,106
-84.4088483403684,42.283646764745,2011-02-11,83.5
-84.4088483403684,42.283646764745,1979-01-18,65.0
-84.4088483403684,42.283646764745,1996-10-12,65.0
-84.4088483403684,42.283646764745,2025-06-06,265
-84.4088483403684,42.283646764745,1985-06-19,100
-84.4088483403684,42.283646764745,1981-06-25,199
-84.4088483403684,42.283646764745,1989-11-28,137
-84.4088483403684,42.283646764745,1982-11-30,204
-84.4088483403684,42.283646764745,1994-09-13,61.0
-84.4088483403684,42.283646764745,1994-08-25,112
-84.4088483403684,42.283646764745,1985-10-03,105
-84.4088483403684,42.283646764745,2001-03-30,150
-84.4088483403684,42.283646764745,2003-04-05,337
-84.4088483403684,42.283646764745,2014-11-10,68.3
-84.4088483403684,42.283646764745,1986-03-12,310
-84.4088483403684,42.283646764745,2008-03-04,292
-84.4088483403684,42.283646764745,1997-04-06,312
-84.4088483403684,42.283646764745,2012-08-29,36.4
-84.4088483403684,42.283646764745,2023-09-02,65.0
-84.4088483403684,42.283646764745,2021-12-31,247
-84.4088483403684,42.283646764745,2005-10-13,38.4
-84.4088483403684,42.283646764745,1997-04-29,109
-84.4088483403684,42.283646764745,1993-12-14,149
-84.4088483403684,42.283646764745,1996-11-09,252
-84.4088483403684,42.283646764745,1991-11-20,214
-84.4088483403684,42.283646764745,1993-03-24,284
-84.4088483403684,42.283646764745,2014-03-13,145
-84.4088483403684,42.283646764745,1986-01-30,84.0
-84.4088483403684,42.283646764745,2010-05-04,149
-84.4088483403684,42.283646764745,2018-02-01,113
-84.4088483403684,42.283646764745,2009-10-27,186
-84.4088483403684,42.283646764745,2012-07-30,33.4
-84.4088483403684,42.283646764745,1993-10-30,207
-84.4088483403684,42.283646764745,2004-01-28,68.2
-84.4088483403684,42.283646764745,1986-02-24,216
-84.4088483403684,42.283646764745,2018-10-12,123
-84.4088483403684,42.283646764745,1995-08-18,289
-84.4088483403684,42.283646764745,1989-07-24,89.0
-84.4088483403684,42.283646764745,2003-05-30,81.6
-84.4088483403684,42.283646764745,2018-10-17,109
-84.4088483403684,42.283646764745,2013-12-19,68.4
-84.4088483403684,42.283646764745,1992-02-15,143
-84.4088483403684,42.283646764745,1986-07-28,82.0
-84.4088483403684,42.283646764745,1996-09-26,70.0
-84.4088483403684,42.283646764745,1986-07-15,92.0
-84.4088483403684,42.283646764745,1981-09-20,139
-84.4088483403684,42.283646764745,2003-07-09,55.4
-84.4088483403684,42.283646764745,2003-11-06,91.9
-84.4088483403684,42.283646764745,2007-03-06,183
-84.4088483403684,42.283646764745,1991-03-01,222
-84.4088483403684,42.283646764745,2000-07-15,99.0
-84.4088483403684,42.283646764745,1996-07-12,62.0
-84.4088483403684,42.283646764745,2010-02-03,106
-84.4088483403684,42.283646764745,1999-12-21,141
-84.4088483403684,42.283646764745,1995-07-05,156
-84.4088483403684,42.283646764745,1998-04-02,363
-84.4088483403684,42.283646764745,1979-12-14,131
-84.4088483403684,42.283646764745,1989-08-01,149
-84.4088483403684,42.283646764745,2011-08-08,134
-84.4088483403684,42.283646764745,2016-08-14,37.4
-84.4088483403684,42.283646764745,1987-12-28,190
-84.4088483403684,42.283646764745,2010-04-27,231
-84.4088483403684,42.283646764745,2023-06-20,50.9
-84.4088483403684,42.283646764745,2026-01-05,133
-84.4088483403684,42.283646764745,1986-06-01,84.0
-84.4088483403684,42.283646764745,1981-08-18,117
-84.4088483403684,42.283646764745,2005-07-12,59.6
-84.4088483403684,42.283646764745,2007-12-21,143
-84.4088483403684,42.283646764745,2007-06-21,79.9
-84.4088483403684,42.283646764745,1982-07-13,133
-84.4088483403684,42.283646764745,1995-08-17,426
-84.4088483403684,42.283646764745,1994-04-16,287
-84.4088483403684,42.283646764745,2018-02-06,101
-84.4088483403684,42.283646764745,1989-08-09,135
-84.4088483403684,42.283646764745,2009-04-21,391
-84.4088483403684,42.283646764745,1991-02-21,232
-84.4088483403684,42.283646764745,2003-01-09,80.3
-84.4088483403684,42.283646764745,2000-04-18,76.0
-84.4088483403684,42.283646764745,2015-01-15,75.4
-84.4088483403684,42.283646764745,2021-10-01,120
-84.4088483403684,42.283646764745,1985-07-16,151
-84.4088483403684,42.283646764745,2017-05-08,186
-84.4088483403684,42.283646764745,2021-10-22,232
-84.4088483403684,42.283646764745,2023-10-01,66.6
-84.4088483403684,42.283646764745,2017-10-23,120
-84.4088483403684,42.283646764745,2016-05-22,102
-84.4088483403684,42.283646764745,1982-08-29,46.0
-84.4088483403684,42.283646764745,2011-06-17,148
-84.4088483403684,42.283646764745,1986-03-27,305
-84.4088483403684,42.283646764745,1988-02-06,129
-84.4088483403684,42.283646764745,1982-04-21,322
-84.4088483403684,42.283646764745,1988-08-11,42.0
-84.4088483403684,42.283646764745,2003-01-07,74.2
-84.4088483403684,42.283646764745,2018-09-19,48.6
-84.4088483403684,42.283646764745,1985-05-16,86.0
-84.4088483403684,42.283646764745,2021-04-05,139
-84.4088483403684,42.283646764745,2001-08-16,66.0
-84.4088483403684,42.283646764745,2019-04-01,293
-84.4088483403684,42.283646764745,2012-10-08,37.1
-84.4088483403684,42.283646764745,2019-09-26,57.3
-84.4088483403684,42.283646764745,2011-10-06,144
-84.4088483403684,42.283646764745,1995-12-13,82.0
-84.4088483403684,42.283646764745,2016-11-30,101
-84.4088483403684,42.283646764745,2025-09-04,52.2
-84.4088483403684,42.283646764745,1984-11-08,59.0
-84.4088483403684,42.283646764745,2012-01-04,236
-84.4088483403684,42.283646764745,2017-12-12,82.8
-84.4088483403684,42.283646764745,1985-02-14,125
-84.4088483403684,42.283646764745,1990-06-06,152
-84.4088483403684,42.283646764745,1995-09-09,72.0
-84.4088483403684,42.283646764745,1979-10-15,39.0
-84.4088483403684,42.283646764745,2022-07-20,87.8
-84.4088483403684,42.283646764745,1985-05-23,120
-84.4088483403684,42.283646764745,2022-01-06,203
-84.4088483403684,42.283646764745,2021-02-26,157
-84.4088483403684,42.283646764745,2017-01-15,150
-84.4088483403684,42.283646764745,1998-07-13,90.0
-84.4088483403684,42.283646764745,2005-01-22,175
-84.4088483403684,42.283646764745,1985-04-19,246
-84.4088483403684,42.283646764745,1984-12-10,72.0
-84.4088483403684,42.283646764745,1997-01-03,181
-84.4088483403684,42.283646764745,2010-08-13,108
-84.4088483403684,42.283646764745,2006-03-29,201
-84.4088483403684,42.283646764745,2005-09-19,50.4
-84.4088483403684,42.283646764745,2007-06-12,215
-84.4088483403684,42.283646764745,2021-04-03,146
-84.4088483403684,42.283646764745,1993-01-17,319
-84.4088483403684,42.283646764745,1999-10-19,48.0
-84.4088483403684,42.283646764745,1997-11-20,101
-84.4088483403684,42.283646764745,2014-01-05,164
-84.4088483403684,42.283646764745,2008-06-10,155
-84.4088483403684,42.283646764745,1987-04-23,112
-84.4088483403684,42.283646764745,1989-12-02,108
-84.4088483403684,42.283646764745,2004-07-27,137
-84.4088483403684,42.283646764745,2020-05-05,168
-84.4088483403684,42.283646764745,1986-08-28,51.0
-84.4088483403684,42.283646764745,1990-08-21,122
-84.4088483403684,42.283646764745,2020-08-19,55.0
-84.4088483403684,42.283646764745,2021-01-10,111
-84.4088483403684,42.283646764745,1979-04-24,108
-84.4088483403684,42.283646764745,2007-03-24,376
-84.4088483403684,42.283646764745,2012-09-08,55.0
-84.4088483403684,42.283646764745,2014-05-01,183
-84.4088483403684,42.283646764745,1980-09-04,181
-84.4088483403684,42.283646764745,1997-07-18,71.0
-84.4088483403684,42.283646764745,2002-12-04,58.0
-84.4088483403684,42.283646764745,1985-05-27,120
-84.4088483403684,42.283646764745,2014-01-18,179
-84.4088483403684,42.283646764745,2011-01-19,83.6
-84.4088483403684,42.283646764745,2026-04-22,397
-84.4088483403684,42.283646764745,2015-05-16,135
-84.4088483403684,42.283646764745,1982-12-13,177
-84.4088483403684,42.283646764745,1988-08-15,35.0
-84.4088483403684,42.283646764745,1984-02-08,88.0
-84.4088483403684,42.283646764745,1980-10-31,127
-84.4088483403684,42.283646764745,1986-05-14,75.0
-84.4088483403684,42.283646764745,2018-11-30,91.5
-84.4088483403684,42.283646764745,2014-09-08,49.8
-84.4088483403684,42.283646764745,2009-10-28,192
-84.4088483403684,42.283646764745,1981-07-15,68.0
-84.4088483403684,42.283646764745,1995-05-21,107
-84.4088483403684,42.283646764745,1989-12-10,94.0
-84.4088483403684,42.283646764745,2017-07-11,63.5
-84.4088483403684,42.283646764745,1980-02-07,110
-84.4088483403684,42.283646764745,2015-04-09,132
-84.4088483403684,42.283646764745,2013-06-03,146
-84.4088483403684,42.283646764745,2004-06-22,147
-84.4088483403684,42.283646764745,1988-06-27,34.0
-84.4088483403684,42.283646764745,2022-01-16,123
-84.4088483403684,42.283646764745,1992-10-05,137
-84.4088483403684,42.283646764745,1992-04-11,150
-84.4088483403684,42.283646764745,2010-03-10,173
-84.4088483403684,42.283646764745,1989-11-21,196
-84.4088483403684,42.283646764745,2026-08-29,56.4
-84.4088483403684,42.283646764745,2020-04-17,213
-84.4088483403684,42.283646764745,2026-04-08,255
-84.4088483403684,42.283646764745,1982-11-25,152
-84.4088483403684,42.283646764745,2020-02-25,185
-84.4088483403684,42.283646764745,2024-06-13,98.0
-84.4088483403684,42.283646764745,2002-01-12,157
-84.4088483403684,42.283646764745,2022-02-13,120
-84.4088483403684,42.283646764745,2013-04-20,522
-84.4088483403684,42.283646764745,2021-07-29,74.5
-84.4088483403684,42.283646764745,1993-02-03,149
-84.4088483403684,42.283646764745,1998-08-19,78.0
-84.4088483403684,42.283646764745,1989-11-20,179
-84.4088483403684,42.283646764745,2001-09-21,113
-84.4088483403684,42.283646764745,2018-09-02,160
-84.4088483403684,42.283646764745,1997-08-23,86.0
-84.4088483403684,42.283646764745,2026-09-11,111
-84.4088483403684,42.283646764745,1985-08-18,46.0
-84.4088483403684,42.283646764745,2003-04-13,205
-84.4088483403684,42.283646764745,2010-12-16,87.0
-84.4088483403684,42.283646764745,1979-03-07,335
-84.4088483403684,42.283646764745,1987-01-14,117
-84.4088483403684,42.283646764745,1999-11-11,56.0
-84.4088483403684,42.283646764745,1982-10-31,60.0
-84.4088483403684,42.283646764745,2014-11-25,99.1
-84.4088483403684,42.283646764745,2009-02-24,211
-84.4088483403684,42.283646764745,1999-07-05,117
-84.4088483403684,42.283646764745,2008-09-13,263
-84.4088483403684,42.283646764745,2023-08-07,113
-84.4088483403684,42.283646764745,2000-12-22,98.0
-84.4088483403684,42.283646764745,1992-03-23,158
-84.4088483403684,42.283646764745,2004-06-24,128
-84.4088483403684,42.283646764745,2018-10-15,116
-84.4088483403684,42.283646764745,2007-05-05,162
-84.4088483403684,42.283646764745,1982-01-23,75.0
-84.4088483403684,42.283646764745,2004-02-02,71.2
-84.4088483403684,42.283646764745,2018-03-08,409
-84.4088483403684,42.283646764745,1996-01-29,147
-84.4088483403684,42.283646764745,1992-05-13,138
-84.4088483403684,42.283646764745,2005-09-13,44.8
-84.4088483403684,42.283646764745,1983-09-12,49.0
-84.4088483403684,42.283646764745,1986-04-20,185
-84.4088483403684,42.283646764745,1999-02-22,133
-84.4088483403684,42.283646764745,1988-11-07,155
-84.4088483403684,42.283646764745,1986-04-02,236
-84.4088483403684,42.283646764745,2009-10-04,143
-84.4088483403684,42.283646764745,1994-05-17,98.0
-84.4088483403684,42.283646764745,2022-10-11,50.4
-84.4088483403684,42.283646764745,2017-02-15,256
-84.4088483403684,42.283646764745,2020-10-15,56.3
-84.4088483403684,42.283646764745,2001-04-20,189
-84.4088483403684,42.283646764745,2010-06-08,540
-84.4088483403684,42.283646764745,1987-06-11,65.0
-84.4088483403684,42.283646764745,2024-11-03,95.5
-84.4088483403684,42.283646764745,2002-07-24,47.0
-84.4088483403684,42.283646764745,2017-05-18,173
-84.4088483403684,42.283646764745,1993-10-11,136
-84.4088483403684,42.283646764745,2025-02-17,88.9
-84.4088483403684,42.283646764745,1989-01-24,117
-84.4088483403684,42.283646764745,1997-10-17,69.0
-84.4088483403684,42.283646764745,2003-05-21,186
-84.4088483403684,42.283646764745,2016-11-17,58.7
-84.4088483403684,42.283646764745,2011-10-22,177
-84.4088483403684,42.283646764745,2016-10-19,63.2
-84.4088483403684,42.283646764745,2016-07-29,36.7
-84.4088483403684,42.283646764745,1991-09-26,54.0
-84.4088483403684,42.283646764745,2009-05-21,470
-84.4088483403684,42.283646764745,1986-12-13,154
-84.4088483403684,42.283646764745,2019-03-29,125
-84.4088483403684,42.283646764745,2003-03-24,238
-84.4088483403684,42.283646764745,2016-07-24,47.2
-84.4088483403684,42.283646764745,2025-12-09,76.2
-84.4088483403684,42.283646764745,2006-10-31,157
-84.4088483403684,42.283646764745,2026-08-30,72.6
-84.4088483403684,42.283646764745,1989-09-06,98.0
-84.4088483403684,42.283646764745,1994-05-07,245
-84.4088483403684,42.283646764745,2023-08-16,142
-84.4088483403684,42.283646764745,2012-06-22,67.3
-84.4088483403684,42.283646764745,2020-08-11,63.3
-84.4088483403684,42.283646764745,2022-03-12,294
-84.4088483403684,42.283646764745,1996-06-22,157
-84.4088483403684,42.283646764745,2025-10-06,42.1
-84.4088483403684,42.283646764745,2011-05-14,285
-84.4088483403684,42.283646764745,2022-05-05,321
-84.4088483403684,42.283646764745,1989-10-15,70.0
-84.4088483403684,42.283646764745,1988-11-28,241
-84.4088483403684,42.283646764745,1999-03-08,171
-84.4088483403684,42.283646764745,2016-12-16,123
-84.4088483403684,42.283646764745,2015-07-30,73.4
-84.4088483403684,42.283646764745,1981-09-21,119
-84.4088483403684,42.283646764745,1987-11-28,139
-84.4088483403684,42.283646764745,1993-12-13,151
-84.4088483403684,42.283646764745,1995-03-03,128
-84.4088483403684,42.283646764745,1994-06-10,64.0
-84.4088483403684,42.283646764745,2004-12-21,166
-84.4088483403684,42.283646764745,1981-10-01,289
-84.4088483403684,42.283646764745,1994-12-29,181
-84.4088483403684,42.283646764745,1979-03-23,136
-84.4088483403684,42.283646764745,1979-12-12,153
-84.4088483403684,42.283646764745,1985-11-10,181
-84.4088483403684,42.283646764745,2005-04-02,250
-84.4088483403684,42.283646764745,1995-03-16,323
-84.4088483403684,42.283646764745,2009-11-26,214
-84.4088483403684,42.283646764745,2006-02-03,248
-84.4088483403684,42.283646764745,1992-10-21,325
-84.4088483403684,42.283646764745,2025-04-01,196
-84.4088483403684,42.283646764745,1980-03-18,226
-84.4088483403684,42.283646764745,2014-10-13,162
-84.4088483403684,42.283646764745,2001-04-16,176
-84.4088483403684,42.283646764745,1989-12-08,98.0
-84.4088483403684,42.283646764745,2026-07-13,113
-84.4088483403684,42.283646764745,2011-03-26,344
-84.4088483403684,42.283646764745,1991-03-07,215
-84.4088483403684,42.283646764745,1981-09-03,99.0
-84.4088483403684,42.283646764745,2013-02-07,143
-84.4088483403684,42.283646764745,2025-02-14,92.1
-84.4088483403684,42.283646764745,2011-05-29,480
-84.4088483403684,42.283646764745,1993-08-04,86.0
-84.4088483403684,42.283646764745,1994-03-14,225
-84.4088483403684,42.283646764745,2014-11-24,147
-84.4088483403684,42.283646764745,2023-10-13,71.5
-84.4088483403684,42.283646764745,2005-08-22,65.1
-84.4088483403684,42.283646764745,2012-04-09,130
-84.4088483403684,42.283646764745,2024-09-19,61.8
-84.4088483403684,42.283646764745,1997-06-20,101
-84.4088483403684,42.283646764745,2007-07-10,52.2
-84.4088483403684,42.283646764745,2020-04-09,318
-84.4088483403684,42.283646764745,2014-11-17,66.8
-84.4088483403684,42.283646764745,2004-12-09,232
-84.4088483403684,42.283646764745,2018-02-19,139
-84.4088483403684,42.283646764745,2008-03-08,341
-84.4088483403684,42.283646764745,2001-05-22,304
-84.4088483403684,42.283646764745,2008-04-15,316
-84.4088483403684,42.283646764745,2019-04-14,155
-84.4088483403684,42.283646764745,1979-07-31,55.0
-84.4088483403684,42.283646764745,1990-05-06,173
-84.4088483403684,42.283646764745,1990-02-17,214
-84.4088483403684,42.283646764745,1980-03-19,257
-84.4088483403684,42.283646764745,2002-07-03,53.0
-84.4088483403684,42.283646764745,1979-09-18,43.0
-84.4088483403684,42.283646764745,1997-10-04,127
-84.4088483403684,42.283646764745,2000-01-09,87.0
-84.4088483403684,42.283646764745,2014-04-04,359
-84.4088483403684,42.283646764745,1999-02-13,201
-84.4088483403684,42.283646764745,2018-10-20,108
-84.4088483403684,42.283646764745,2003-01-17,60.2
-84.4088483403684,42.283646764745,2007-05-18,96.9
-84.4088483403684,42.283646764745,1988-07-03,27.0
-84.4088483403684,42.283646764745,1987-02-26,112
-84.4088483403684,42.283646764745,1999-01-30,319
-84.4088483403684,42.283646764745,1993-02-28,188
-84.4088483403684,42.283646764745,2007-11-07,61.2
-84.4088483403684,42.283646764745,1989-03-09,136
-84.4088483403684,42.283646764745,2007-06-13,181
-84.4088483403684,42.283646764745,2010-10-11,55.8
-84.4088483403684,42.283646764745,1998-11-18,87.0
-84.4088483403684,42.283646764745,2005-10-12,39.9
-84.4088483403684,42.283646764745,1998-05-13,260
-84.4088483403684,42.283646764745,1998-01-19,231
-84.4088483403684,42.283646764745,1999-05-29,100
-84.4088483403684,42.283646764745,2006-10-09,134
-84.4088483403684,42.283646764745,2001-01-10,113
-84.4088483403684,42.283646764745,2013-09-07,68.8
-84.4088483403684,42.283646764745,2013-10-28,52.9
-84.4088483403684,42.283646764745,2011-05-15,281
-84.4088483403684,42.283646764745,1989-01-23,118
-84.4088483403684,42.283646764745,2018-03-12,327
-84.4088483403684,42.283646764745,1991-04-06,176
-84.4088483403684,42.283646764745,1982-07-21,142
-84.4088483403684,42.283646764745,2026-03-30,161
-84.4088483403684,42.283646764745,2012-08-31,35.1
-84.4088483403684,42.283646764745,1991-08-13,72.0
-84.4088483403684,42.283646764745,2007-12-04,156
-84.4088483403684,42.283646764745,2017-09-28,30.6
-84.4088483403684,42.283646764745,1991-04-01,197
-84.4088483403684,42.283646764745,2021-12-26,183
-84.4088483403684,42.283646764745,1999-11-19,67.0
-84.4088483403684,42.283646764745,1993-06-10,236
-84.4088483403684,42.283646764745,2015-07-07,200
-84.4088483403684,42.283646764745,1991-06-30,55.0
-84.4088483403684,42.283646764745,2024-08-11,167
-84.4088483403684,42.283646764745,2020-08-12,60.8
-84.4088483403684,42.283646764745,2024-09-23,66.4
-84.4088483403684,42.283646764745,2024-01-26,470
-84.4088483403684,42.283646764745,2013-09-12,104
-84.4088483403684,42.283646764745,1983-08-23,65.0
-84.4088483403684,42.283646764745,2018-05-04,165
-84.4088483403684,42.283646764745,2002-08-05,78.0
-84.4088483403684,42.283646764745,2022-07-04,76.9
-84.4088483403684,42.283646764745,1989-02-13,96.0
-84.4088483403684,42.283646764745,2021-06-02,66.9
-84.4088483403684,42.283646764745,2023-03-01,257
-84.4088483403684,42.283646764745,2023-04-12,208
-84.4088483403684,42.283646764745,2017-10-03,26.8
-84.4088483403684,42.283646764745,2006-07-27,99.0
-84.4088483403684,42.283646764745,1997-09-13,132
-84.4088483403684,42.283646764745,2012-12-11,61.4
-84.4088483403684,42.283646764745,1989-07-14,82.0
-84.4088483403684,42.283646764745,2002-08-31,50.0
-84.4088483403684,42.283646764745,2010-04-15,121
-84.4088483403684,42.283646764745,1996-04-04,162
-84.4088483403684,42.283646764745,2001-11-26,130
-84.4088483403684,42.283646764745,1994-07-28,90.0
-84.4088483403684,42.283646764745,1994-06-04,67.0
-84.4088483403684,42.283646764745,2015-09-20,49.5
-84.4088483403684,42.283646764745,2014-02-25,158
-84.4088483403684,42.283646764745,2001-05-25,216
-84.4088483403684,42.283646764745,1997-06-13,103
-84.4088483403684,42.283646764745,1991-12-17,210
-84.4088483403684,42.283646764745,1992-02-07,104
-84.4088483403684,42.283646764745,1999-10-26,49.0
-84.4088483403684,42.283646764745,2012-01-28,290
-84.4088483403684,42.283646764745,2005-01-31,127
-84.4088483403684,42.283646764745,2011-10-20,212
-84.4088483403684,42.283646764745,2002-01-02,115
-84.4088483403684,42.283646764745,1991-01-31,145
-84.4088483403684,42.283646764745,1997-10-15,72.0
-84.4088483403684,42.283646764745,1999-06-08,86.0
-84.4088483403684,42.283646764745,2006-05-08,88.3
-84.4088483403684,42.283646764745,2022-04-07,318
-84.4088483403684,42.283646764745,2016-08-24,79.2
-84.4088483403684,42.283646764745,1993-06-17,148
-84.4088483403684,42.283646764745,2005-08-20,102
-84.4088483403684,42.283646764745,1994-10-01,106
-84.4088483403684,42.283646764745,2019-04-27,293
-84.4088483403684,42.283646764745,2017-06-23,62.1
-84.4088483403684,42.283646764745,2025-12-03,81.1
-84.4088483403684,42.283646764745,1998-06-06,85.0
-84.4088483403684,42.283646764745,1999-01-09,73.0
-84.4088483403684,42.283646764745,1984-04-24,271
-84.4088483403684,42.283646764745,1983-12-12,225
-84.4088483403684,42.283646764745,1989-01-22,117
-84.4088483403684,42.283646764745,1992-01-25,133
-84.4088483403684,42.283646764745,1980-08-08,181
-84.4088483403684,42.283646764745,2010-05-22,419
-84.4088483403684,42.283646764745,2009-06-06,186
-84.4088483403684,42.283646764745,1993-07-12,108
-84.4088483403684,42.283646764745,2003-05-20,202
-84.4088483403684,42.283646764745,2015-11-13,67.4
-84.4088483403684,42.283646764745,1995-02-01,163
-84.4088483403684,42.283646764745,2002-01-15,165
-84.4088483403684,42.283646764745,1993-09-14,118
-84.4088483403684,42.283646764745,1979-11-03,52.0
-84.4088483403684,42.283646764745,2003-08-01,73.9
-84.4088483403684,42.283646764745,2024-06-09,103
-84.4088483403684,42.283646764745,1998-05-16,202
-84.4088483403684,42.283646764745,1997-01-06,241
-84.4088483403684,42.283646764745,1990-11-22,151
-84.4088483403684,42.283646764745,2007-01-11,348
-84.4088483403684,42.283646764745,2019-07-31,83.4
-84.4088483403684,42.283646764745,1983-09-20,71.0
-84.4088483403684,42.283646764745,2011-12-20,250
-84.4088483403684,42.283646764745,1995-03-15,310
-84.4088483403684,42.283646764745,2005-09-28,54.0
-84.4088483403684,42.283646764745,1981-05-15,252
-84.4088483403684,42.283646764745,1986-04-28,174
-84.4088483403684,42.283646764745,2017-06-09,74.9
-84.4088483403684,42.283646764745,1979-02-01,133
-84.4088483403684,42.283646764745,1987-12-29,184
-84.4088483403684,42.283646764745,1994-08-21,149
-84.4088483403684,42.283646764745,2020-06-04,213
-84.4088483403684,42.283646764745,2001-09-12,102
-84.4088483403684,42.283646764745,1991-06-09,131
-84.4088483403684,42.283646764745,2023-06-06,60.0
-84.4088483403684,42.283646764745,1990-01-26,207
-84.4088483403684,42.283646764745,2023-03-27,231
-84.4088483403684,42.283646764745,1992-11-22,330
-84.4088483403684,42.283646764745,1995-12-10,81.0
-84.4088483403684,42.283646764745,2012-11-09,47.1
-84.4088483403684,42.283646764745,2019-08-04,72.4
-84.4088483403684,42.283646764745,2006-12-07,306
-84.4088483403684,42.283646764745,1998-09-09,63.0
-84.4088483403684,42.283646764745,1979-12-27,240
-84.4088483403684,42.283646764745,1983-02-26,177
-84.4088483403684,42.283646764745,1980-03-20,279
-84.4088483403684,42.283646764745,2014-09-22,76.5
-84.4088483403684,42.283646764745,1986-02-25,207
-84.4088483403684,42.283646764745,1994-08-20,167
-84.4088483403684,42.283646764745,1984-10-10,110
-84.4088483403684,42.283646764745,2009-10-02,171
-84.4088483403684,42.283646764745,2012-02-26,255
-84.4088483403684,42.283646764745,1990-10-15,299
-84.4088483403684,42.283646764745,2023-03-02,274
-84.4088483403684,42.283646764745,1985-07-08,59.0
-84.4088483403684,42.283646764745,2017-11-30,140
-84.4088483403684,42.283646764745,1993-10-08,145
-84.4088483403684,42.283646764745,2012-06-18,112
-84.4088483403684,42.283646764745,1979-04-12,267
-84.4088483403684,42.283646764745,1980-11-11,67.0
-84.4088483403684,42.283646764745,2017-03-18,135
-84.4088483403684,42.283646764745,1989-10-14,74.0
-84.4088483403684,42.283646764745,1985-03-31,362
-84.4088483403684,42.283646764745,1979-01-24,63.0
-84.4088483403684,42.283646764745,1997-02-19,164
-84.4088483403684,42.283646764745,1984-02-29,156
-84.4088483403684,42.283646764745,1998-07-10,94.0
-84.4088483403684,42.283646764745,2005-06-16,69.6
-84.4088483403684,42.283646764745,2017-12-13,65.8
-84.4088483403684,42.283646764745,1992-06-15,103
-84.4088483403684,42.283646764745,1981-01-31,73.0
-84.4088483403684,42.283646764745,2007-06-27,126
-84.4088483403684,42.283646764745,2011-03-13,392
-84.4088483403684,42.283646764745,1998-09-13,54.0
-84.4088483403684,42.283646764745,1993-12-03,176
-84.4088483403684,42.283646764745,1997-06-09,186
-84.4088483403684,42.283646764745,2020-03-14,231
-84.4088483403684,42.283646764745,2011-01-15,135
-84.4088483403684,42.283646764745,2010-05-31,294
-84.4088483403684,42.283646764745,2001-03-04,319
-84.4088483403684,42.283646764745,2022-09-25,70.2
-84.4088483403684,42.283646764745,1998-08-30,63.0
-84.4088483403684,42.283646764745,2019-01-18,79.0
-84.4088483403684,42.283646764745,2006-03-04,108
-84.4088483403684,42.283646764745,2012-01-10,165
-84.4088483403684,42.283646764745,2013-04-13,304
-84.4088483403684,42.283646764745,1997-05-01,158
-84.4088483403684,42.283646764745,1994-06-12,59.0
-84.4088483403684,42.283646764745,2003-06-26,58.3
-84.4088483403684,42.283646764745,1993-12-02,166
-84.4088483403684,42.283646764745,2012-03-03,340
-84.4088483403684,42.283646764745,2002-02-23,315
-84.4088483403684,42.283646764745,2026-08-20,62.9
-84.4088483403684,42.283646764745,2023-09-24,62.4
-84.4088483403684,42.283646764745,1989-09-23,140
-84.4088483403684,42.283646764745,2025-10-24,76.9
-84.4088483403684,42.283646764745,2002-03-25,141
-84.4088483403684,42.283646764745,1982-09-13,42.0
-84.4088483403684,42.283646764745,2006-06-09,79.5
-84.4088483403684,42.283646764745,2022-10-16,47.3
-84.4088483403684,42.283646764745,2015-08-20,67.1
-84.4088483403684,42.283646764745,1999-11-14,49.0
-84.4088483403684,42.283646764745,1995-01-22,287
-84.4088483403684,42.283646764745,1987-11-05,94.0
-84.4088483403684,42.283646764745,2011-12-15,440
-84.4088483403684,42.283646764745,2006-12-30,164
-84.4088483403684,42.283646764745,2016-10-07,64.9
-84.4088483403684,42.283646764745,2011-06-29,138
-84.4088483403684,42.283646764745,1984-09-28,64.0
-84.4088483403684,42.283646764745,2022-05-15,233
-84.4088483403684,42.283646764745,2012-08-16,51.6
-84.4088483403684,42.283646764745,2008-01-23,181
-84.4088483403684,42.283646764745,1979-01-31,68.0
-84.4088483403684,42.283646764745,2003-07-25,45.6
-84.4088483403684,42.283646764745,2023-08-20,103
-84.4088483403684,42.283646764745,2025-10-28,72.6
-84.4088483403684,42.283646764745,2006-12-31,254
-84.4088483403684,42.283646764745,2008-07-12,152
-84.4088483403684,42.283646764745,1992-03-04,158
-84.4088483403684,42.283646764745,2021-04-11,201
-84.4088483403684,42.283646764745,2002-05-16,335
-84.4088483403684,42.283646764745,2001-11-07,188
-84.4088483403684,42.283646764745,1987-09-12,63.0
-84.4088483403684,42.283646764745,2009-11-05,196
-84.4088483403684,42.283646764745,1980-10-12,54.0
-84.4088483403684,42.283646764745,1996-04-10,142
-84.4088483403684,42.283646764745,2018-04-08,199
-84.4088483403684,42.283646764745,2021-04-07,93.2
-84.4088483403684,42.283646764745,1985-11-16,245
-84.4088483403684,42.283646764745,2026-07-03,112
-84.4088483403684,42.283646764745,2016-09-06,39.6
-84.4088483403684,42.283646764745,2011-08-03,287
-84.4088483403684,42.283646764745,1999-11-12,50.0
-84.4088483403684,42.283646764745,2004-07-17,90.0
-84.4088483403684,42.283646764745,1997-08-28,83.0
-84.4088483403684,42.283646764745,2025-05-15,205
-84.4088483403684,42.283646764745,2001-03-31,147
-84.4088483403684,42.283646764745,2011-06-20,131
-84.4088483403684,42.283646764745,2023-07-28,113
-84.4088483403684,42.283646764745,1984-09-13,56.0
-84.4088483403684,42.283646764745,2006-12-25,271
-84.4088483403684,42.283646764745,2019-03-13,196
-84.4088483403684,42.283646764745,1979-08-11,69.0
-84.4088483403684,42.283646764745,2006-12-05,367
-84.4088483403684,42.283646764745,2007-10-16,64.6
-84.4088483403684,42.283646764745,2002-12-26,84.6
-84.4088483403684,42.283646764745,2024-02-20,127
-84.4088483403684,42.283646764745,2000-09-26,78.0
-84.4088483403684,42.283646764745,1996-09-29,74.0
-84.4088483403684,42.283646764745,1980-01-10,73.0
-84.4088483403684,42.283646764745,1996-02-22,96.0
-84.4088483403684,42.283646764745,2017-05-14,214
-84.4088483403684,42.283646764745,2001-05-27,248
-84.4088483403684,42.283646764745,2021-10-12,343
-84.4088483403684,42.283646764745,1982-03-31,519
-84.4088483403684,42.283646764745,2018-02-13,101
-84.4088483403684,42.283646764745,1986-06-30,86.0
-84.4088483403684,42.283646764745,2023-01-16,101
-84.4088483403684,42.283646764745,2011-05-27,465
-84.4088483403684,42.283646764745,1989-10-31,107
-84.4088483403684,42.283646764745,2023-05-25,72.0
-84.4088483403684,42.283646764745,2021-07-07,118
-84.4088483403684,42.283646764745,1985-01-02,304
-84.4088483403684,42.283646764745,1982-06-30,144
-84.4088483403684,42.283646764745,1980-01-06,61.0
-84.4088483403684,42.283646764745,1989-11-26,182
-84.4088483403684,42.283646764745,1985-03-07,434
-84.4088483403684,42.283646764745,2026-05-02,210
-84.4088483403684,42.283646764745,1991-10-18,70.0
-84.4088483403684,42.283646764745,1985-07-23,62.0
-84.4088483403684,42.283646764745,1991-12-27,128
-84.4088483403684,42.283646764745,1979-11-17,46.0
-84.4088483403684,42.283646764745,2007-09-21,61.2
-84.4088483403684,42.283646764745,2024-08-25,86.9
-84.4088483403684,42.283646764745,2016-02-17,77.2
-84.4088483403684,42.283646764745,2010-06-11,525
-84.4088483403684,42.283646764745,1982-07-17,110
-84.4088483403684,42.283646764745,2005-09-24,48.1
-84.4088483403684,42.283646764745,2001-07-08,70.0
-84.4088483403684,42.283646764745,2024-02-08,278
-84.4088483403684,42.283646764745,2000-01-04,80.0
-84.4088483403684,42.283646764745,2024-09-08,68.1
-84.4088483403684,42.283646764745,1983-09-21,84.0
-84.4088483403684,42.283646764745,1992-05-30,112
-84.4088483403684,42.283646764745,1983-04-21,321
-84.4088483403684,42.283646764745,1994-12-16,174
-84.4088483403684,42.283646764745,1986-04-26,186
-84.4088483403684,42.283646764745,2017-06-17,61.3
-84.4088483403684,42.283646764745,1981-06-06,162
-84.4088483403684,42.283646764745,1992-11-20,301
-84.4088483403684,42.283646764745,1980-12-07,210
-84.4088483403684,42.283646764745,1998-10-21,73.0
-84.4088483403684,42.283646764745,1982-03-27,534
-84.4088483403684,42.283646764745,2017-01-17,277
-84.4088483403684,42.283646764745,2008-09-19,284
-84.4088483403684,42.283646764745,1992-10-24,292
-84.4088483403684,42.283646764745,2018-11-17,131
-84.4088483403684,42.283646764745,2007-12-14,157
-84.4088483403684,42.283646764745,1983-06-22,78.0
-84.4088483403684,42.283646764745,1989-02-20,134
-84.4088483403684,42.283646764745,2021-02-11,67.0
-84.4088483403684,42.283646764745,1996-10-07,70.0
-84.4088483403684,42.283646764745,2021-06-09,52.4
-84.4088483403684,42.283646764745,1998-12-31,69.0
-84.4088483403684,42.283646764745,2010-03-19,345
-84.4088483403684,42.283646764745,1992-11-14,334
-84.4088483403684,42.283646764745,2001-11-01,167
-84.4088483403684,42.283646764745,1989-05-22,140
-84.4088483403684,42.283646764745,2006-11-02,150
-84.4088483403684,42.283646764745,2023-08-02,89.6
-84.4088483403684,42.283646764745,1990-11-17,184
-84.4088483403684,42.283646764745,1993-01-31,258
-84.4088483403684,42.283646764745,1992-01-31,131
-84.4088483403684,42.283646764745,2002-07-25,42.0
-84.4088483403684,42.283646764745,1987-02-09,98.0
-84.4088483403684,42.283646764745,2010-10-07,59.7
-84.4088483403684,42.283646764745,2026-01-02,156
-84.4088483403684,42.283646764745,2001-06-27,102
-84.4088483403684,42.283646764745,1997-04-28,113
-84.4088483403684,42.283646764745,2010-01-14,128
-84.4088483403684,42.283646764745,2013-05-28,97.5
-84.4088483403684,42.283646764745,2023-10-26,100
-84.4088483403684,42.283646764745,1986-08-31,42.0
-84.4088483403684,42.283646764745,2026-03-11,437
-84.4088483403684,42.283646764745,1983-08-19,83.0
-84.4088483403684,42.283646764745,1983-12-11,262
-84.4088483403684,42.283646764745,2024-12-16,100
-84.4088483403684,42.283646764745,1983-08-10,76.0
-84.4088483403684,42.283646764745,2025-07-24,100
-84.4088483403684,42.283646764745,2016-10-06,68.3
-84.4088483403684,42.283646764745,2008-01-25,141
-84.4088483403684,42.283646764745,1982-03-20,566
-84.4088483403684,42.283646764745,2023-09-22,65.4
-84.4088483403684,42.283646764745,1997-12-11,150
-84.4088483403684,42.283646764745,1987-07-07,45.0
-84.4088483403684,42.283646764745,1982-01-29,140
-84.4088483403684,42.283646764745,2012-03-29,156
-84.4088483403684,42.283646764745,1995-12-25,91.0
-84.4088483403684,42.283646764745,2016-05-10,190
-84.4088483403684,42.283646764745,2004-08-06,123
-84.4088483403684,42.283646764745,2022-11-05,94.5
-84.4088483403684,42.283646764745,1997-04-26,106
-84.4088483403684,42.283646764745,1979-06-28,51.0
-84.4088483403684,42.283646764745,1982-10-09,50.0
-84.4088483403684,42.283646764745,2018-07-12,54.6
-84.4088483403684,42.283646764745,2019-12-18,99.6
-84.4088483403684,42.283646764745,1993-07-09,151
-84.4088483403684,42.283646764745,1986-03-28,291
-84.4088483403684,42.283646764745,1982-09-16,68.0
-84.4088483403684,42.283646764745,1993-08-18,66.0
-84.4088483403684,42.283646764745,1987-04-08,197
-84.4088483403684,42.283646764745,1992-11-11,259
-84.4088483403684,42.283646764745,2001-07-09,71.0
-84.4088483403684,42.283646764745,1985-04-22,208
-84.4088483403684,42.283646764745,1987-10-26,77.0
-84.4088483403684,42.283646764745,1996-09-25,63.0
-84.4088483403684,42.283646764745,2013-08-21,69.7
-84.4088483403684,42.283646764745,2015-01-11,76.7
-84.4088483403684,42.283646764745,2016-04-10,218
-84.4088483403684,42.283646764745,2001-04-21,210
-84.4088483403684,42.283646764745,1999-01-21,150
-84.4088483403684,42.283646764745,1982-07-28,162
-84.4088483403684,42.283646764745,1996-11-18,112
-84.4088483403684,42.283646764745,2007-09-07,83.4
-84.4088483403684,42.283646764745,2025-03-07,212
-84.4088483403684,42.283646764745,1994-11-22,119
-84.4088483403684,42.283646764745,1999-06-16,85.0
-84.4088483403684,42.283646764745,1992-04-02,185
-84.4088483403684,42.283646764745,2026-10-02,187
-84.4088483403684,42.283646764745,2005-06-02,80.6
-84.4088483403684,42.283646764745,2014-10-17,126
-84.4088483403684,42.283646764745,2006-02-23,235
-84.4088483403684,42.283646764745,1981-02-17,199
-84.4088483403684,42.283646764745,2026-03-24,179
-84.4088483403684,42.283646764745,1997-05-25,134
-84.4088483403684,42.283646764745,1999-03-02,115
-84.4088483403684,42.283646764745,2018-08-17,59.7
-84.4088483403684,42.283646764745,1991-11-27,155
-84.4088483403684,42.283646764745,2010-02-13,90.0
-84.4088483403684,42.283646764745,1979-06-16,46.0
-84.4088483403684,42.283646764745,2009-04-28,357
-84.4088483403684,42.283646764745,1982-03-23,580
-84.4088483403684,42.283646764745,1996-11-28,113
-84.4088483403684,42.283646764745,2019-02-09,203
-84.4088483403684,42.283646764745,2022-11-17,71.5
-84.4088483403684,42.283646764745,1994-04-10,211
-84.4088483403684,42.283646764745,1993-04-16,327
-84.4088483403684,42.283646764745,1982-10-26,52.0
-84.4088483403684,42.283646764745,2008-12-22,111
-84.4088483403684,42.283646764745,2000-11-12,99.0
-84.4088483403684,42.283646764745,1994-08-31,74.0
-84.4088483403684,42.283646764745,2015-12-22,85.5
-84.4088483403684,42.283646764745,1988-09-24,159
-84.4088483403684,42.283646764745,2012-11-28,48.8
-84.4088483403684,42.283646764745,2003-10-03,77.0
-84.4088483403684,42.283646764745,2011-07-29,320
-84.4088483403684,42.283646764745,1982-10-03,59.0
-84.4088483403684,42.283646764745,2004-05-31,289
-84.4088483403684,42.283646764745,2005-11-21,65.4
-84.4088483403684,42.283646764745,2020-11-03,67.4
-84.4088483403684,42.283646764745,1992-06-11,104
-84.4088483403684,42.283646764745,2026-07-26,55.2
-84.4088483403684,42.283646764745,2011-09-15,138
-84.4088483403684,42.283646764745,2010-03-25,254
-84.4088483403684,42.283646764745,2017-06-29,55.0
-84.4088483403684,42.283646764745,1991-08-10,95.0
-84.4088483403684,42.283646764745,1997-09-22,160
-84.4088483403684,42.283646764745,2014-06-24,199
-84.4088483403684,42.283646764745,1992-05-20,126
-84.4088483403684,42.283646764745,1988-12-01,182
-84.4088483403684,42.283646764745,1984-07-27,45.0
-84.4088483403684,42.283646764745,2009-08-07,57.8
-84.4088483403684,42.283646764745,2014-12-15,115
-84.4088483403684,42.283646764745,2018-09-06,110
-84.4088483403684,42.283646764745,2017-07-16,58.8
-84.4088483403684,42.283646764745,1999-08-29,48.0
-84.4088483403684,42.283646764745,2015-04-22,101
-84.4088483403684,42.283646764745,1989-10-13,77.0
-84.4088483403684,42.283646764745,2009-10-16,102
-84.4088483403684,42.283646764745,1996-06-05,88.0
-84.4088483403684,42.283646764745,2008-10-17,89.7
-84.4088483403684,42.283646764745,2020-07-31,60.1
-84.4088483403684,42.283646764745,2004-04-29,74.8
-84.4088483403684,42.283646764745,2005-01-18,398
-84.4088483403684,42.283646764745,2009-08-06,61.7
-84.4088483403684,42.283646764745,2013-05-11,133
-84.4088483403684,42.283646764745,2003-04-17,203
-84.4088483403684,42.283646764745,2013-06-19,96.5
-84.4088483403684,42.283646764745,2014-02-10,74.5
-84.4088483403684,42.283646764745,2018-04-26,224
-84.4088483403684,42.283646764745,1980-12-14,201
-84.4088483403684,42.283646764745,2020-10-07,52.7
-84.4088483403684,42.283646764745,1981-11-16,150
-84.4088483403684,42.283646764745,1986-03-08,137
-84.4088483403684,42.283646764745,2017-08-05,43.6
-84.4088483403684,42.283646764745,1989-08-19,80.0
-84.4088483403684,42.283646764745,2004-12-31,136
-84.4088483403684,42.283646764745,1988-05-17,83.0
-84.4088483403684,42.283646764745,2012-10-09,37.5
-84.4088483403684,42.283646764745,1982-03-28,519
-84.4088483403684,42.283646764745,2020-06-20,103
-84.4088483403684,42.283646764745,1989-02-23,85.0
-84.4088483403684,42.283646764745,2020-05-28,455
-84.4088483403684,42.283646764745,2023-10-18,76.5
-84.4088483403684,42.283646764745,1988-10-22,142
-84.4088483403684,42.283646764745,1995-10-08,139
-84.4088483403684,42.283646764745,2011-02-09,81.6
-84.4088483403684,42.283646764745,2017-04-05,332
-84.4088483403684,42.283646764745,2012-10-05,43.2
-84.4088483403684,42.283646764745,1991-07-25,60.0
-84.4088483403684,42.283646764745,1996-12-02,144
-84.4088483403684,42.283646764745,2015-10-21,38.1
-84.4088483403684,42.283646764745,1994-10-18,90.0
-84.4088483403684,42.283646764745,2006-05-27,200
-84.4088483403684,42.283646764745,2026-09-27,114
-84.4088483403684,42.283646764745,1983-12-08,228
-84.4088483403684,42.283646764745,2018-06-26,219
-84.4088483403684,42.283646764745,2024-09-17,62.0
-84.4088483403684,42.283646764745,2014-01-13,187
-84.4088483403684,42.283646764745,2015-10-03,42.1
-84.4088483403684,42.283646764745,2010-03-11,209
-84.4088483403684,42.283646764745,1994-01-26,116
-84.4088483403684,42.283646764745,1988-08-26,40.0
-84.4088483403684,42.283646764745,2023-09-27,70.8
-84.4088483403684,42.283646764745,1989-10-28,107
-84.4088483403684,42.283646764745,2009-10-05,141
-84.4088483403684,42.283646764745,1992-06-26,101
-84.4088483403684,42.283646764745,1986-12-25,111
-84.4088483403684,42.283646764745,1982-07-20,142
-84.4088483403684,42.283646764745,1998-08-28,68.0
-84.4088483403684,42.283646764745,2026-01-30,88.0
-84.4088483403684,42.283646764745,2023-11-27,107
-84.4088483403684,42.283646764745,2009-07-27,123
-84.4088483403684,42.283646764745,1994-09-10,59.0
-84.4088483403684,42.283646764745,1983-01-18,81.0
-84.4088483403684,42.283646764745,1990-11-28,272
-84.4088483403684,42.283646764745,2017-12-21,91.4
-84.4088483403684,42.283646764745,1981-10-28,195
-84.4088483403684,42.283646764745,2001-04-30,138
-84.4088483403684,42.283646764745,2019-12-17,107
-84.4088483403684,42.283646764745,1989-06-09,487
-84.4088483403684,42.283646764745,1986-03-30,268
-84.4088483403684,42.283646764745,1986-08-15,65.0
-84.4088483403684,42.283646764745,1990-07-10,80.0
-84.4088483403684,42.283646764745,2002-05-19,298
-84.4088483403684,42.283646764745,1981-01-06,72.0
-84.4088483403684,42.283646764745,1980-04-14,359
-84.4088483403684,42.283646764745,1997-08-03,60.0
-84.4088483403684,42.283646764745,1994-05-25,132
-84.4088483403684,42.283646764745,2017-03-01,340
-84.4088483403684,42.283646764745,1985-11-30,226
-84.4088483403684,42.283646764745,2006-04-12,265
-84.4088483403684,42.283646764745,2007-11-16,58.8
-84.4088483403684,42.283646764745,1988-03-26,177
-84.4088483403684,42.283646764745,2024-06-17,330
-84.4088483403684,42.283646764745,2002-10-25,57.9
-84.4088483403684,42.283646764745,2001-03-11,270
-84.4088483403684,42.283646764745,2006-01-24,240
-84.4088483403684,42.283646764745,1981-02-07,73.0
-84.4088483403684,42.283646764745,1998-03-16,356
-84.4088483403684,42.283646764745,1981-04-06,182
-84.4088483403684,42.283646764745,2013-04-21,501
-84.4088483403684,42.283646764745,2019-09-06,62.8
-84.4088483403684,42.283646764745,1984-08-29,23.0
-84.4088483403684,42.283646764745,2004-09-27,47.0
-84.4088483403684,42.283646764745,2009-10-26,180
-84.4088483403684,42.283646764745,1993-03-09,211
-84.4088483403684,42.283646764745,1985-10-09,69.0
-84.4088483403684,42.283646764745,1989-12-03,104
-84.4088483403684,42.283646764745,2024-03-03,119
-84.4088483403684,42.283646764745,2025-03-14,174
-84.4088483403684,42.283646764745,2015-08-06,67.1
-84.4088483403684,42.283646764745,2019-01-06,197
-84.4088483403684,42.283646764745,1995-02-23,124
-84.4088483403684,42.283646764745,2023-03-21,207
-84.4088483403684,42.283646764745,1982-07-31,70.0
-84.4088483403684,42.283646764745,2001-11-06,153
-84.4088483403684,42.283646764745,2007-08-09,103
-84.4088483403684,42.283646764745,1994-03-03,175
-84.4088483403684,42.283646764745,1987-08-22,107
-84.4088483403684,42.283646764745,1983-11-04,80.0
-84.4088483403684,42.283646764745,2026-02-27,123
-84.4088483403684,42.283646764745,2009-06-13,286
-84.4088483403684,42.283646764745,1982-08-28,49.0
-84.4088483403684,42.283646764745,1995-10-03,94.0
-84.4088483403684,42.283646764745,2014-04-05,359
-84.4088483403684,42.283646764745,2025-11-25,75.4
-84.4088483403684,42.283646764745,2008-02-17,365
-84.4088483403684,42.283646764745,2004-09-20,53.1
-84.4088483403684,42.283646764745,2005-04-15,161
-84.4088483403684,42.283646764745,2015-07-14,279
-84.4088483403684,42.283646764745,2004-02-01,70.6
-84.4088483403684,42.283646764745,2019-07-13,77.0
-84.4088483403684,42.283646764745,1990-08-26,89.0
-84.4088483403684,42.283646764745,2026-05-19,104
-84.4088483403684,42.283646764745,2005-06-14,80.1
-84.4088483403684,42.283646764745,2010-12-24,77.2
-84.4088483403684,42.283646764745,1993-03-26,328
-84.4088483403684,42.283646764745,1996-03-19,167
-84.4088483403684,42.283646764745,2000-03-04,110
-84.4088483403684,42.283646764745,2017-03-10,184
-84.4088483403684,42.283646764745,1989-09-12,130
-84.4088483403684,42.283646764745,1980-12-18,138
-84.4088483403684,42.283646764745,2011-02-04,82.7
-84.4088483403684,42.283646764745,2019-06-13,298
-84.4088483403684,42.283646764745,1997-04-15,231
-84.4088483403684,42.283646764745,2001-09-16,59.0
-84.4088483403684,42.283646764745,2017-11-19,193
-84.4088483403684,42.283646764745,2015-03-24,226
-84.4088483403684,42.283646764745,1990-07-06,89.0
-84.4088483403684,42.283646764745,2019-11-19,117
-84.4088483403684,42.283646764745,2025-08-06,68.6
-84.4088483403684,42.283646764745,2021-09-16,43.1
-84.4088483403684,42.283646764745,2021-10-29,454
-84.4088483403684,42.283646764745,1985-12-12,182
-84.4088483403684,42.283646764745,1982-02-20,105
-84.4088483403684,42.283646764745,2013-12-26,159
-84.4088483403684,42.283646764745,2015-03-07,66.2
-84.4088483403684,42.283646764745,1980-09-19,207
-84.4088483403684,42.283646764745,2025-05-13,239
-84.4088483403684,42.283646764745,2011-06-14,154
-84.4088483403684,42.283646764745,2001-05-16,284
-84.4088483403684,42.283646764745,1989-11-10,105
-84.4088483403684,42.283646764745,2024-01-22,99.8
-84.4088483403684,42.283646764745,1991-10-16,72.0
-84.4088483403684,42.283646764745,2017-02-19,218
-84.4088483403684,42.283646764745,1987-03-21,137
-84.4088483403684,42.283646764745,2013-09-17,70.7
-84.4088483403684,42.283646764745,2000-01-17,88.0
-84.4088483403684,42.283646764745,1998-07-31,68.0
-84.4088483403684,42.283646764745,2003-08-16,81.6
-84.4088483403684,42.283646764745,1992-12-07,214
-84.4088483403684,42.283646764745,2002-09-15,37.0
-84.4088483403684,42.283646764745,2008-01-05,163
-84.4088483403684,42.283646764745,1999-07-04,127
-84.4088483403684,42.283646764745,2001-03-06,285
-84.4088483403684,42.283646764745,1985-10-01,114
-84.4088483403684,42.283646764745,2015-06-10,156
-84.4088483403684,42.283646764745,2015-06-30,405
-84.4088483403684,42.283646764745,2025-09-29,46.4
-84.4088483403684,42.283646764745,2000-12-13,115
-84.4088483403684,42.283646764745,1992-04-03,177
-84.4088483403684,42.283646764745,2016-11-19,82.5
-84.4088483403684,42.283646764745,2012-10-01,37.7
-84.4088483403684,42.283646764745,2022-08-16,75.0
-84.4088483403684,42.283646764745,1988-08-02,39.0
-84.4088483403684,42.283646764745,1996-12-24,149
-84.4088483403684,42.283646764745,1995-06-13,71.0
-84.4088483403684,42.283646764745,1996-04-18,191
-84.4088483403684,42.283646764745,2020-10-02,55.8
-84.4088483403684,42.283646764745,1979-04-27,168
-84.4088483403684,42.283646764745,1989-07-30,184
-84.4088483403684,42.283646764745,2010-08-11,139
-84.4088483403684,42.283646764745,1994-12-24,209
-84.4088483403684,42.283646764745,2008-05-01,111
-84.4088483403684,42.283646764745,2016-06-22,46.1
-84.4088483403684,42.283646764745,2008-06-01,109
-84.4088483403684,42.283646764745,2007-09-19,63.7
-84.4088483403684,42.283646764745,2002-09-04,46.0
-84.4088483403684,42.283646764745,2026-09-14,77.5
-84.4088483403684,42.283646764745,2000-11-28,112
-84.4088483403684,42.283646764745,1996-08-02,63.0
-84.4088483403684,42.283646764745,1989-07-22,86.0
-84.4088483403684,42.283646764745,1990-01-15,160
-84.4088483403684,42.283646764745,2010-05-13,382
-84.4088483403684,42.283646764745,1979-08-31,58.0
-84.4088483403684,42.283646764745,1983-05-01,313
-84.4088483403684,42.283646764745,2001-11-10,178
-84.4088483403684,42.283646764745,2002-07-29,155
-84.4088483403684,42.283646764745,2026-02-28,118
-84.4088483403684,42.283646764745,2022-04-27,279
-84.4088483403684,42.283646764745,2007-10-11,59.7
-84.4088483403684,42.283646764745,1980-03-15,126
-84.4088483403684,42.283646764745,2002-10-16,42.6
-84.4088483403684,42.283646764745,1998-11-12,81.0
-84.4088483403684,42.283646764745,1995-10-25,96.0
-84.4088483403684,42.283646764745,2018-11-05,102
-84.4088483403684,42.283646764745,2002-08-26,66.0
-84.4088483403684,42.283646764745,2021-07-05,136
-84.4088483403684,42.283646764745,2002-05-01,137
-84.4088483403684,42.283646764745,2026-04-03,222
-84.4088483403684,42.283646764745,1984-09-15,47.0
-84.4088483403684,42.283646764745,2008-07-24,97.1
-84.4088483403684,42.283646764745,2008-03-18,340
-84.4088483403684,42.283646764745,1981-11-22,115
-84.4088483403684,42.283646764745,2008-06-28,95.6
-84.4088483403684,42.283646764745,1980-01-21,94.0
-84.4088483403684,42.283646764745,2018-02-02,97.3
-84.4088483403684,42.283646764745,2012-08-05,31.6
-84.4088483403684,42.283646764745,1986-12-12,178
-84.4088483403684,42.283646764745,1997-07-24,82.0
-84.4088483403684,42.283646764745,2018-02-22,609
-84.4088483403684,42.283646764745,2007-02-21,148
-84.4088483403684,42.283646764745,1991-08-16,76.0
-84.4088483403684,42.283646764745,2018-11-29,91.1
-84.4088483403684,42.283646764745,1988-01-24,163
-84.4088483403684,42.283646764745,1980-01-22,104
-84.4088483403684,42.283646764745,1995-05-12,130
-84.4088483403684,42.283646764745,2013-01-06,52.4
-84.4088483403684,42.283646764745,2023-02-07,76.5
-84.4088483403684,42.283646764745,1989-11-08,100
-84.4088483403684,42.283646764745,2007-10-15,56.4
-84.4088483403684,42.283646764745,1991-01-16,291
-84.4088483403684,42.283646764745,1986-03-11,282
-84.4088483403684,42.283646764745,1986-10-04,299
-84.4088483403684,42.283646764745,1984-01-20,75.0
-84.4088483403684,42.283646764745,2001-01-29,108
-84.4088483403684,42.283646764745,1984-05-20,161
-84.4088483403684,42.283646764745,2024-10-09,59.4
-84.4088483403684,42.283646764745,2018-09-28,44.5
-84.4088483403684,42.283646764745,2012-05-21,74.9
-84.4088483403684,42.283646764745,2006-11-12,203
-84.4088483403684,42.283646764745,2026-05-15,92.0
-84.4088483403684,42.283646764745,1997-07-07,71.0
-84.4088483403684,42.283646764745,2007-10-29,70.4
-84.4088483403684,42.283646764745,2025-06-13,156
-84.4088483403684,42.283646764745,2008-01-22,236
-84.4088483403684,42.283646764745,2020-05-02,187
-84.4088483403684,42.283646764745,1982-07-02,84.0
-84.4088483403684,42.283646764745,1988-07-11,34.0
-84.4088483403684,42.283646764745,1984-03-09,137
-84.4088483403684,42.283646764745,1983-03-19,187
-84.4088483403684,42.283646764745,1995-03-20,276
-84.4088483403684,42.283646764745,2007-06-19,102
-84.4088483403684,42.283646764745,1992-10-29,221
-84.4088483403684,42.283646764745,2003-08-28,42.9
-84.4088483403684,42.283646764745,1994-12-05,172
-84.4088483403684,42.283646764745,2006-01-25,255
-84.4088483403684,42.283646764745,2017-11-07,83.6
-84.4088483403684,42.283646764745,2004-01-06,107
-84.4088483403684,42.283646764745,1995-02-20,120
-84.4088483403684,42.283646764745,2001-02-23,239
-84.4088483403684,42.283646764745,2025-05-30,139
-84.4088483403684,42.283646764745,2017-07-18,57.1
-84.4088483403684,42.283646764745,2019-05-15,207
-84.4088483403684,42.283646764745,2022-10-28,67.5
-84.4088483403684,42.283646764745,1994-05-15,109
-84.4088483403684,42.283646764745,2015-07-03,302
-84.4088483403684,42.283646764745,2022-02-20,287
-84.4088483403684,42.283646764745,2003-10-20,85.7
-84.4088483403684,42.283646764745,1985-07-25,63.0
-84.4088483403684,42.283646764745,1996-05-09,209
-84.4088483403684,42.283646764745,2010-04-13,141
-84.4088483403684,42.283646764745,2000-04-19,82.0
-84.4088483403684,42.283646764745,2015-10-16,38.4
-84.4088483403684,42.283646764745,1983-01-24,145
-84.4088483403684,42.283646764745,2019-04-25,227
-84.4088483403684,42.283646764745,2011-04-26,352
-84.4088483403684,42.283646764745,2005-01-21,221
-84.4088483403684,42.283646764745,1991-08-20,129
-84.4088483403684,42.283646764745,2024-03-05,145
-84.4088483403684,42.283646764745,2006-11-08,199
-84.4088483403684,42.283646764745,1992-02-19,146
-84.4088483403684,42.283646764745,2005-11-07,44.5
-84.4088483403684,42.283646764745,2010-05-11,277
-84.4088483403684,42.283646764745,2024-06-21,128
-84.4088483403684,42.283646764745,2016-12-18,118
-84.4088483403684,42.283646764745,2023-05-21,79.2
-84.4088483403684,42.283646764745,1998-06-21,167
-84.4088483403684,42.283646764745,1980-09-22,161
-84.4088483403684,42.283646764745,2013-02-14,207
-84.4088483403684,42.283646764745,2025-07-30,95.0
-84.4088483403684,42.283646764745,2007-05-11,146
-84.4088483403684,42.283646764745,1995-08-27,108
-84.4088483403684,42.283646764745,2020-10-28,73.4
-84.4088483403684,42.283646764745,2008-02-28,232
-84.4088483403684,42.283646764745,2015-04-29,81.2
-84.4088483403684,42.283646764745,2018-11-13,141
-84.4088483403684,42.283646764745,1983-11-14,83.0
-84.4088483403684,42.283646764745,1992-07-06,80.0
-84.4088483403684,42.283646764745,2006-08-19,162
-84.4088483403684,42.283646764745,2024-05-09,192
-84.4088483403684,42.283646764745,2011-07-18,58.0
-84.4088483403684,42.283646764745,2014-03-27,372
-84.4088483403684,42.283646764745,1995-04-11,276
-84.4088483403684,42.283646764745,2024-11-17,102
-84.4088483403684,42.283646764745,1997-10-09,84.0
-84.4088483403684,42.283646764745,1979-08-14,63.0
-84.4088483403684,42.283646764745,1985-09-24,69.0
-84.4088483403684,42.283646764745,1996-06-10,204
-84.4088483403684,42.283646764745,2002-10-27,51.3
-84.4088483403684,42.283646764745,1982-07-09,87.0
-84.4088483403684,42.283646764745,1986-05-08,161
-84.4088483403684,42.283646764745,2004-11-27,205
-84.4088483403684,42.283646764745,2012-04-05,298
-84.4088483403684,42.283646764745,2021-06-30,238
-84.4088483403684,42.283646764745,2016-05-31,70.3
-84.4088483403684,42.283646764745,2005-11-01,61.9
-84.4088483403684,42.283646764745,1983-05-05,455
-84.4088483403684,42.283646764745,1982-03-16,473
-84.4088483403684,42.283646764745,2001-04-13,223
-84.4088483403684,42.283646764745,1983-05-15,293
-84.4088483403684,42.283646764745,1987-05-20,104
-84.4088483403684,42.283646764745,1982-08-06,120
-84.4088483403684,42.283646764745,2018-09-16,53.1
-84.4088483403684,42.283646764745,1986-04-06,190
-84.4088483403684,42.283646764745,2015-05-19,114
-84.4088483403684,42.283646764745,1987-03-10,171
-84.4088483403684,42.283646764745,2009-05-17,413
-84.4088483403684,42.283646764745,1990-07-23,87.0
-84.4088483403684,42.283646764745,2003-02-24,61.6
-84.4088483403684,42.283646764745,2013-10-17,53.9
-84.4088483403684,42.283646764745,2012-03-31,162
-84.4088483403684,42.283646764745,1998-05-28,96.0
-84.4088483403684,42.283646764745,2012-07-20,47.2
-84.4088483403684,42.283646764745,2006-10-23,209
-84.4088483403684,42.283646764745,2005-08-25,61.1
-84.4088483403684,42.283646764745,1992-01-04,119
-84.4088483403684,42.283646764745,2009-05-06,333
-84.4088483403684,42.283646764745,1998-01-07,336
-84.4088483403684,42.283646764745,1989-04-25,179
-84.4088483403684,42.283646764745,1994-05-30,99.0
-84.4088483403684,42.283646764745,1990-10-09,242
-84.4088483403684,42.283646764745,2002-07-05,47.0
-84.4088483403684,42.283646764745,2013-11-20,84.9
-84.4088483403684,42.283646764745,2016-03-09,247
-84.4088483403684,42.283646764745,2024-05-14,172
-84.4088483403684,42.283646764745,2024-01-02,117
-84.4088483403684,42.283646764745,1987-10-30,120
-84.4088483403684,42.283646764745,2021-04-16,103
-84.4088483403684,42.283646764745,1983-04-19,331
-84.4088483403684,42.283646764745,2022-06-02,390
-84.4088483403684,42.283646764745,1984-01-13,153
-84.4088483403684,42.283646764745,2016-04-04,198
-84.4088483403684,42.283646764745,1991-04-09,192
-84.4088483403684,42.283646764745,2002-06-26,68.0
-84.4088483403684,42.283646764745,1988-06-08,47.0
-84.4088483403684,42.283646764745,1994-04-20,226
-84.4088483403684,42.283646764745,1998-12-29,70.0
-84.4088483403684,42.283646764745,1997-06-10,126
-84.4088483403684,42.283646764745,1999-06-05,85.0
-84.4088483403684,42.283646764745,1989-08-10,132
-84.4088483403684,42.283646764745,1999-01-10,72.0
-84.4088483403684,42.283646764745,1991-02-20,226
-84.4088483403684,42.283646764745,2014-02-18,124
-84.4088483403684,42.283646764745,2022-12-06,69.6
-84.4088483403684,42.283646764745,2002-01-16,165
-84.4088483403684,42.283646764745,1999-11-24,66.0
-84.4088483403684,42.283646764745,2000-07-17,95.0
-84.4088483403684,42.283646764745,1994-07-03,188
-84.4088483403684,42.283646764745,2008-08-01,68.2
-84.4088483403684,42.283646764745,1988-09-29,139
-84.4088483403684,42.283646764745,2012-10-23,108
-84.4088483403684,42.283646764745,1997-01-21,126
-84.4088483403684,42.283646764745,2015-07-10,195
-84.4088483403684,42.283646764745,2004-03-02,191
-84.4088483403684,42.283646764745,1989-05-01,152
-84.4088483403684,42.283646764745,2024-07-09,163
-84.4088483403684,42.283646764745,1992-06-21,112
-84.4088483403684,42.283646764745,2001-09-29,74.0
-84.4088483403684,42.283646764745,2020-05-21,608
-84.4088483403684,42.283646764745,1981-05-27,225
-84.4088483403684,42.283646764745,1989-07-11,85.0
-84.4088483403684,42.283646764745,1979-05-02,121
-84.4088483403684,42.283646764745,1984-01-31,73.0
-84.4088483403684,42.283646764745,1981-05-26,199
-84.4088483403684,42.283646764745,1990-08-04,66.0
-84.4088483403684,42.283646764745,2015-11-10,65.2
-84.4088483403684,42.283646764745,2022-01-14,137
-84.4088483403684,42.283646764745,1988-11-10,241
-84.4088483403684,42.283646764745,2010-07-19,143
-84.4088483403684,42.283646764745,1996-03-16,160
-84.4088483403684,42.283646764745,1994-04-09,222
-84.4088483403684,42.283646764745,1990-12-08,190
-84.4088483403684,42.283646764745,2014-05-13,198
-84.4088483403684,42.283646764745,2005-12-20,65.6
-84.4088483403684,42.283646764745,1990-04-07,226
-84.4088483403684,42.283646764745,2020-11-06,75.7
-84.4088483403684,42.283646764745,2010-07-23,180
-84.4088483403684,42.283646764745,1984-05-31,378
-84.4088483403684,42.283646764745,2009-10-03,143
-84.4088483403684,42.283646764745,2001-09-11,71.0
-84.4088483403684,42.283646764745,2004-05-07,115
-84.4088483403684,42.283646764745,2018-08-01,80.6
-84.4088483403684,42.283646764745,1994-09-30,73.0
-84.4088483403684,42.283646764745,1982-06-21,174
-84.4088483403684,42.283646764745,2023-07-09,60.9
-84.4088483403684,42.283646764745,2008-06-07,107
-84.4088483403684,42.283646764745,2004-03-10,254
-84.4088483403684,42.283646764745,2009-05-16,459
-84.4088483403684,42.283646764745,2003-09-19,41.3
-84.4088483403684,42.283646764745,2000-11-01,89.0
-84.4088483403684,42.283646764745,1998-01-18,244
-84.4088483403684,42.283646764745,2006-02-04,255
-84.4088483403684,42.283646764745,1984-04-26,274
-84.4088483403684,42.283646764745,2004-08-02,82.6
-84.4088483403684,42.283646764745,1979-01-01,175
-84.4088483403684,42.283646764745,1984-12-22,96.0
-84.4088483403684,42.283646764745,2003-09-01,66.5
-84.4088483403684,42.283646764745,1987-12-01,172
-84.4088483403684,42.283646764745,1981-11-03,181
-84.4088483403684,42.283646764745,2011-05-01,425
-84.4088483403684,42.283646764745,2020-04-22,197
-84.4088483403684,42.283646764745,1985-03-03,475
-84.4088483403684,42.283646764745,1990-04-06,230
-84.4088483403684,42.283646764745,2001-10-09,155
-84.4088483403684,42.283646764745,2009-11-09,116
-84.4088483403684,42.283646764745,2003-10-19,84.3
-84.4088483403684,42.283646764745,2022-03-28,395
-84.4088483403684,42.283646764745,1991-07-01,56.0
-84.4088483403684,42.283646764745,1997-09-19,164
-84.4088483403684,42.283646764745,1989-06-07,551
-84.4088483403684,42.283646764745,2016-01-21,82.4
-84.4088483403684,42.283646764745,2019-01-12,164
-84.4088483403684,42.283646764745,2014-01-19,173
-84.4088483403684,42.283646764745,1985-03-19,256
-84.4088483403684,42.283646764745,1982-11-10,183
-84.4088483403684,42.283646764745,1996-04-19,211
-84.4088483403684,42.283646764745,1991-06-22,89.0
-84.4088483403684,42.283646764745,2000-09-02,69.0
-84.4088483403684,42.283646764745,1997-12-10,115
-84.4088483403684,42.283646764745,1995-01-12,118
-84.4088483403684,42.283646764745,1981-11-10,105
-84.4088483403684,42.283646764745,2016-06-10,56.6
-84.4088483403684,42.283646764745,2003-07-26,43.8
-84.4088483403684,42.283646764745,1987-08-11,32.0
-84.4088483403684,42.283646764745,2001-01-07,114
-84.4088483403684,42.283646764745,2021-10-17,259
-84.4088483403684,42.283646764745,1997-03-10,342
-84.4088483403684,42.283646764745,2020-02-26,190
-84.4088483403684,42.283646764745,1996-05-17,212
-84.4088483403684,42.283646764745,1992-11-09,265
-84.4088483403684,42.283646764745,1981-07-29,262
-84.4088483403684,42.283646764745,1986-04-22,186
-84.4088483403684,42.283646764745,2019-04-08,152
-84.4088483403684,42.283646764745,2001-09-08,60.0
-84.4088483403684,42.283646764745,2017-03-16,122
-84.4088483403684,42.283646764745,2013-02-15,203
-84.4088483403684,42.283646764745,2014-10-04,69.9
-84.4088483403684,42.283646764745,2011-04-01,173
-84.4088483403684,42.283646764745,2013-12-11,68.4
-84.4088483403684,42.283646764745,2011-04-13,292
-84.4088483403684,42.283646764745,2022-06-23,106
-84.4088483403684,42.283646764745,1992-12-14,234
-84.4088483403684,42.283646764745,1992-01-30,132
-84.4088483403684,42.283646764745,1981-12-03,107
-84.4088483403684,42.283646764745,1996-09-13,59.0
-84.4088483403684,42.283646764745,2023-10-20,118
-84.4088483403684,42.283646764745,2018-07-24,43.4
-84.4088483403684,42.283646764745,2011-11-02,123
-84.4088483403684,42.283646764745,1996-08-01,67.0
-84.4088483403684,42.283646764745,1994-02-14,115
-84.4088483403684,42.283646764745,2017-04-12,462
-84.4088483403684,42.283646764745,1995-02-03,114
-84.4088483403684,42.283646764745,2011-09-22,73.9
-84.4088483403684,42.283646764745,2006-01-22,240
-84.4088483403684,42.283646764745,2023-07-14,58.6
-84.4088483403684,42.283646764745,2009-08-29,137
-84.4088483403684,42.283646764745,1979-07-25,63.0
-84.4088483403684,42.283646764745,2023-02-20,109
-84.4088483403684,42.283646764745,1992-03-12,173
-84.4088483403684,42.283646764745,1990-03-27,309
-84.4088483403684,42.283646764745,1993-03-03,167
-84.4088483403684,42.283646764745,1986-01-18,102
-84.4088483403684,42.283646764745,1995-12-11,89.0
-84.4088483403684,42.283646764745,2024-10-23,85.1
-84.4088483403684,42.283646764745,1991-03-30,198
-84.4088483403684,42.283646764745,2009-05-25,374
-84.4088483403684,42.283646764745,1999-09-22,33.0
-84.4088483403684,42.283646764745,1995-12-08,91.0
-84.4088483403684,42.283646764745,1987-03-17,160
-84.4088483403684,42.283646764745,2017-06-03,146
-84.4088483403684,42.283646764745,2008-11-23,159
-84.4088483403684,42.283646764745,2005-12-05,87.1
-84.4088483403684,42.283646764745,1993-09-10,95.0
-84.4088483403684,42.283646764745,2005-11-10,42.3
-84.4088483403684,42.283646764745,2010-03-31,215
-84.4088483403684,42.283646764745,1992-08-11,132
-84.4088483403684,42.283646764745,2025-10-05,40.8
-84.4088483403684,42.283646764745,1981-11-08,108
-84.4088483403684,42.283646764745,2008-09-11,54.9
-84.4088483403684,42.283646764745,2023-09-16,77.2
-84.4088483403684,42.283646764745,2019-05-25,219
-84.4088483403684,42.283646764745,2010-08-21,80.9
-84.4088483403684,42.283646764745,1987-02-20,109
-84.4088483403684,42.283646764745,2004-05-09,183
-84.4088483403684,42.283646764745,2020-03-31,428
-84.4088483403684,42.283646764745,2021-09-26,182
-84.4088483403684,42.283646764745,1991-04-12,169
-84.4088483403684,42.283646764745,2025-12-26,105
-84.4088483403684,42.283646764745,2005-10-23,34.9
-84.4088483403684,42.283646764745,2002-03-20,247
-84.4088483403684,42.283646764745,2019-05-17,237
-84.4088483403684,42.283646764745,2000-04-05,76.0
-84.4088483403684,42.283646764745,2026-04-15,480
-84.4088483403684,42.283646764745,2012-05-27,103
-84.4088483403684,42.283646764745,1980-06-05,194
-84.4088483403684,42.283646764745,2015-11-02,69.0
-84.4088483403684,42.283646764745,1988-03-02,126
-84.4088483403684,42.283646764745,2025-11-11,64.1
-84.4088483403684,42.283646764745,2005-07-23,165
-84.4088483403684,42.283646764745,1983-01-15,157
-84.4088483403684,42.283646764745,1995-09-27,62.0
-84.4088483403684,42.283646764745,2025-05-23,168
-84.4088483403684,42.283646764745,2022-08-10,74.6
-84.4088483403684,42.283646764745,2008-08-26,41.2
-84.4088483403684,42.283646764745,2007-01-31,257
-84.4088483403684,42.283646764745,2002-10-04,67.2
-84.4088483403684,42.283646764745,1992-03-28,230
-84.4088483403684,42.283646764745,2011-06-25,105
-84.4088483403684,42.283646764745,1991-01-28,160
-84.4088483403684,42.283646764745,2011-08-13,128
-84.4088483403684,42.283646764745,2008-02-19,390
-84.4088483403684,42.283646764745,2002-10-09,43.0
-84.4088483403684,42.283646764745,1996-11-02,140
-84.4088483403684,42.283646764745,1990-11-25,138
-84.4088483403684,42.283646764745,2025-08-23,55.1
-84.4088483403684,42.283646764745,1997-11-21,102
-84.4088483403684,42.283646764745,2008-04-12,387
-84.4088483403684,42.283646764745,2006-11-18,269
-84.4088483403684,42.283646764745,2009-06-29,220
-84.4088483403684,42.283646764745,1996-01-21,222
-84.4088483403684,42.283646764745,2019-02-01,76.2
-84.4088483403684,42.283646764745,1994-09-18,55.0
-84.4088483403684,42.283646764745,1993-01-04,348
-84.4088483403684,42.283646764745,2022-03-18,258
-84.4088483403684,42.283646764745,1996-02-07,101
-84.4088483403684,42.283646764745,1992-11-06,271
-84.4088483403684,42.283646764745,2026-01-06,117
-84.4088483403684,42.283646764745,1985-08-07,109
-84.4088483403684,42.283646764745,1997-08-05,61.0
-84.4088483403684,42.283646764745,1984-04-02,245
-84.4088483403684,42.283646764745,2010-08-07,210
-84.4088483403684,42.283646764745,1984-02-07,143
-84.4088483403684,42.283646764745,1992-05-16,127
-84.4088483403684,42.283646764745,1993-10-02,246
-84.4088483403684,42.283646764745,2004-11-11,125
-84.4088483403684,42.283646764745,2024-09-12,65.7
-84.4088483403684,42.283646764745,2004-05-10,254
-84.4088483403684,42.283646764745,1986-07-31,66.0
-84.4088483403684,42.283646764745,2004-06-21,179
-84.4088483403684,42.283646764745,1990-04-27,258
-84.4088483403684,42.283646764745,1982-06-08,202
-84.4088483403684,42.283646764745,2004-12-30,89.3
-84.4088483403684,42.283646764745,2009-12-13,177
-84.4088483403684,42.283646764745,2007-12-26,166
-84.4088483403684,42.283646764745,2011-09-27,94.5
-84.4088483403684,42.283646764745,2007-09-10,76.7
-84.4088483403684,42.283646764745,1993-11-05,157
-84.4088483403684,42.283646764745,1986-08-25,45.0
-84.4088483403684,42.283646764745,1980-10-10,126
-84.4088483403684,42.283646764745,2023-10-21,113
-84.4088483403684,42.283646764745,2021-05-26,74.8
-84.4088483403684,42.283646764745,2013-08-12,221
-84.4088483403684,42.283646764745,2016-05-09,194
-84.4088483403684,42.283646764745,2023-12-23,118
-84.4088483403684,42.283646764745,2010-01-23,99.3
-84.4088483403684,42.283646764745,1983-09-15,44.0
-84.4088483403684,42.283646764745,2002-08-24,127
-84.4088483403684,42.283646764745,2002-11-02,44.0
-84.4088483403684,42.283646764745,2010-12-21,78.3
-84.4088483403684,42.283646764745,2012-11-27,49.3
-84.4088483403684,42.283646764745,2022-11-04,96.0
-84.4088483403684,42.283646764745,1996-04-08,149
-84.4088483403684,42.283646764745,1997-07-21,134
-84.4088483403684,42.283646764745,2001-08-10,64.0
-84.4088483403684,42.283646764745,1987-05-16,67.0
-84.4088483403684,42.283646764745,2001-07-23,58.0
-84.4088483403684,42.283646764745,1984-04-11,275
-84.4088483403684,42.283646764745,1992-03-27,232
-84.4088483403684,42.283646764745,2006-02-18,255
-84.4088483403684,42.283646764745,2018-02-16,117
-84.4088483403684,42.283646764745,2012-04-23,156
-84.4088483403684,42.283646764745,2019-08-19,73.8
-84.4088483403684,42.283646764745,1994-02-27,260
-84.4088483403684,42.283646764745,2026-06-22,101
-84.4088483403684,42.283646764745,1984-08-15,41.0
-84.4088483403684,42.283646764745,1986-06-27,75.0
-84.4088483403684,42.283646764745,1999-09-05,40.0
-84.4088483403684,42.283646764745,2001-08-03,54.0
-84.4088483403684,42.283646764745,2001-12-26,142
-84.4088483403684,42.283646764745,1991-01-05,333
-84.4088483403684,42.283646764745,1997-05-09,223
-84.4088483403684,42.283646764745,2025-06-03,88.9
-84.4088483403684,42.283646764745,2005-06-12,59.8
-84.4088483403684,42.283646764745,2008-05-16,115
-84.4088483403684,42.283646764745,2001-10-29,299
-84.4088483403684,42.283646764745,2019-06-19,164
-84.4088483403684,42.283646764745,1981-03-04,258
-84.4088483403684,42.283646764745,1991-08-12,78.0
-84.4088483403684,42.283646764745,2009-05-04,357
-84.4088483403684,42.283646764745,2011-10-25,274
-84.4088483403684,42.283646764745,1981-04-17,323
-84.4088483403684,42.283646764745,2000-05-25,140
-84.4088483403684,42.283646764745,1989-05-02,124
-84.4088483403684,42.283646764745,2019-11-15,227
-84.4088483403684,42.283646764745,1985-05-26,55.0
-84.4088483403684,42.283646764745,1987-01-04,97.0
-84.4088483403684,42.283646764745,1989-06-22,283
-84.4088483403684,42.283646764745,1982-07-14,137
-84.4088483403684,42.283646764745,1981-03-03,282
-84.4088483403684,42.283646764745,1979-09-25,43.0
-84.4088483403684,42.283646764745,2022-06-01,401
-84.4088483403684,42.283646764745,2014-03-05,143
-84.4088483403684,42.283646764745,1989-10-04,63.0
-84.4088483403684,42.283646764745,2022-06-14,227
-84.4088483403684,42.283646764745,1994-03-01,224
-84.4088483403684,42.283646764745,2000-02-07,63.0
-84.4088483403684,42.283646764745,2013-10-03,49.0
-84.4088483403684,42.283646764745,1989-11-27,181
-84.4088483403684,42.283646764745,1985-02-02,72.0
-84.4088483403684,42.283646764745,2008-01-06,184
-84.4088483403684,42.283646764745,1999-09-27,30.0
-84.4088483403684,42.283646764745,2006-05-22,270
-84.4088483403684,42.283646764745,2023-01-20,142
-84.4088483403684,42.283646764745,2013-03-14,267
-84.4088483403684,42.283646764745,2018-07-05,82.4
-84.4088483403684,42.283646764745,2001-01-01,117
-84.4088483403684,42.283646764745,1997-11-25,65.0
-84.4088483403684,42.283646764745,1981-04-28,290
-84.4088483403684,42.283646764745,1984-03-22,466
-84.4088483403684,42.283646764745,2014-02-07,73.2
-84.4088483403684,42.283646764745,1983-05-04,450
-84.4088483403684,42.283646764745,2011-06-12,166
-84.4088483403684,42.283646764745,2026-02-07,85.0
-84.4088483403684,42.283646764745,2000-09-12,136
-84.4088483403684,42.283646764745,2003-04-14,184
-84.4088483403684,42.283646764745,1984-06-03,311
-84.4088483403684,42.283646764745,2021-08-24,59.7
-84.4088483403684,42.283646764745,2001-12-27,133
-84.4088483403684,42.283646764745,1988-11-16,332
-84.4088483403684,42.283646764745,2013-06-02,151
-84.4088483403684,42.283646764745,2005-07-06,62.1
-84.4088483403684,42.283646764745,1990-06-19,98.0
-84.4088483403684,42.283646764745,1993-03-13,257
-84.4088483403684,42.283646764745,2011-12-04,555
-84.4088483403684,42.283646764745,1999-06-01,97.0
-84.4088483403684,42.283646764745,1981-03-01,320
-84.4088483403684,42.283646764745,2026-04-04,289
-84.4088483403684,42.283646764745,2002-05-28,169
-84.4088483403684,42.283646764745,1993-10-15,127
-84.4088483403684,42.283646764745,1997-10-13,76.0
-84.4088483403684,42.283646764745,1997-05-12,221
-84.4088483403684,42.283646764745,2026-06-15,79.6
-84.4088483403684,42.283646764745,2021-05-19,66.1
-84.4088483403684,42.283646764745,1987-11-03,98.0
-84.4088483403684,42.283646764745,1990-05-10,201
-84.4088483403684,42.283646764745,1987-06-16,45.0
-84.4088483403684,42.283646764745,2026-09-28,102
-84.4088483403684,42.283646764745,2023-12-19,102
-84.4088483403684,42.283646764745,2005-05-05,95.0
-84.4088483403684,42.283646764745,1992-11-08,268
-84.4088483403684,42.283646764745,1992-08-30,159
-84.4088483403684,42.283646764745,2015-03-17,219
-84.4088483403684,42.283646764745,2006-03-19,291
-84.4088483403684,42.283646764745,2000-01-21,62.0
-84.4088483403684,42.283646764745,2006-01-19,209
-84.4088483403684,42.283646764745,1986-11-26,171
-84.4088483403684,42.283646764745,2018-12-23,89.2
-84.4088483403684,42.283646764745,1981-01-17,66.0
-84.4088483403684,42.283646764745,2004-07-18,110
-84.4088483403684,42.283646764745,2008-06-20,95.8
-84.4088483403684,42.283646764745,2023-12-25,105
-84.4088483403684,42.283646764745,1998-03-29,380
-84.4088483403684,42.283646764745,2016-08-30,48.5
-84.4088483403684,42.283646764745,2026-04-17,490
-84.4088483403684,42.283646764745,2001-03-17,286
-84.4088483403684,42.283646764745,1980-08-14,166
-84.4088483403684,42.283646764745,2007-11-27,162
-84.4088483403684,42.283646764745,1999-12-09,170
-84.4088483403684,42.283646764745,2025-07-09,184
-84.4088483403684,42.283646764745,2017-06-05,130
-84.4088483403684,42.283646764745,2014-02-06,73.8
-84.4088483403684,42.283646764745,2001-02-20,352
-84.4088483403684,42.283646764745,2019-04-13,126
-84.4088483403684,42.283646764745,2006-03-23,231
-84.4088483403684,42.283646764745,2018-08-29,47.7
-84.4088483403684,42.283646764745,2016-06-01,67.9
-84.4088483403684,42.283646764745,1981-11-24,214
-84.4088483403684,42.283646764745,1984-04-28,214
-84.4088483403684,42.283646764745,1998-10-08,80.0
-84.4088483403684,42.283646764745,1990-09-02,63.0
-84.4088483403684,42.283646764745,1993-08-06,101
-84.4088483403684,42.283646764745,1992-06-14,107
-84.4088483403684,42.283646764745,2024-05-30,128
-84.4088483403684,42.283646764745,2000-10-24,128
-84.4088483403684,42.283646764745,2023-03-22,201
-84.4088483403684,42.283646764745,1979-12-21,62.0
-84.4088483403684,42.283646764745,1994-05-23,104
-84.4088483403684,42.283646764745,2004-06-06,117
-84.4088483403684,42.283646764745,1992-01-22,136
-84.4088483403684,42.283646764745,2009-06-27,249
-84.4088483403684,42.283646764745,1992-10-07,97.0
-84.4088483403684,42.283646764745,2001-10-02,69.0
-84.4088483403684,42.283646764745,2025-06-19,228
-84.4088483403684,42.283646764745,1998-06-29,103
-84.4088483403684,42.283646764745,1988-11-24,261
-84.4088483403684,42.283646764745,1988-09-23,233
-84.4088483403684,42.283646764745,2019-10-07,151
-84.4088483403684,42.283646764745,2020-08-17,57.4
-84.4088483403684,42.283646764745,2021-11-26,200
-84.4088483403684,42.283646764745,2024-12-03,87.7
-84.4088483403684,42.283646764745,1995-07-09,77.0
-84.4088483403684,42.283646764745,1991-01-29,155
-84.4088483403684,42.283646764745,2000-10-31,89.0
-84.4088483403684,42.283646764745,2013-09-23,60.5
-84.4088483403684,42.283646764745,2008-11-06,139
-84.4088483403684,42.283646764745,2003-05-13,248
-84.4088483403684,42.283646764745,2019-03-30,203
-84.4088483403684,42.283646764745,1989-07-17,72.0
-84.4088483403684,42.283646764745,2016-08-13,74.2
-84.4088483403684,42.283646764745,1980-09-26,146
-84.4088483403684,42.283646764745,1997-12-17,123
-84.4088483403684,42.283646764745,1982-05-28,185
-84.4088483403684,42.283646764745,2022-07-03,78.8
-84.4088483403684,42.283646764745,1993-04-06,431
-84.4088483403684,42.283646764745,2022-09-15,55.4
-84.4088483403684,42.283646764745,1991-09-20,57.0
-84.4088483403684,42.283646764745,2016-03-23,140
-84.4088483403684,42.283646764745,2003-04-09,346
-84.4088483403684,42.283646764745,2003-12-14,122
-84.4088483403684,42.283646764745,1984-03-08,141
-84.4088483403684,42.283646764745,1999-04-13,194
-84.4088483403684,42.283646764745,2002-05-24,199
-84.4088483403684,42.283646764745,1996-03-04,138
-84.4088483403684,42.283646764745,2022-08-30,84.6
-84.4088483403684,42.283646764745,1992-10-15,207
-84.4088483403684,42.283646764745,1988-10-29,93.0
-84.4088483403684,42.283646764745,1980-02-26,141
-84.4088483403684,42.283646764745,1992-05-18,139
-84.4088483403684,42.283646764745,2004-08-26,72.3
-84.4088483403684,42.283646764745,1990-11-09,220
-84.4088483403684,42.283646764745,2007-07-29,41.2
-84.4088483403684,42.283646764745,1980-08-26,122
-84.4088483403684,42.283646764745,1986-09-17,50.0
-84.4088483403684,42.283646764745,2017-05-04,208
-84.4088483403684,42.283646764745,1997-02-12,117
-84.4088483403684,42.283646764745,2013-02-06,148
-84.4088483403684,42.283646764745,1999-07-09,176
-84.4088483403684,42.283646764745,1992-09-16,221
-84.4088483403684,42.283646764745,1992-05-04,235
-84.4088483403684,42.283646764745,1991-04-05,186
-84.4088483403684,42.283646764745,1994-06-21,147
-84.4088483403684,42.283646764745,2013-05-12,122
-84.4088483403684,42.283646764745,2010-09-23,75.8
-84.4088483403684,42.283646764745,2011-05-20,301
-84.4088483403684,42.283646764745,1979-07-19,48.0
-84.4088483403684,42.283646764745,2012-09-07,34.3
-84.4088483403684,42.283646764745,2004-12-04,220
-84.4088483403684,42.283646764745,2020-11-17,71.1
-84.4088483403684,42.283646764745,2019-07-30,91.1
-84.4088483403684,42.283646764745,2004-02-17,73.6
-84.4088483403684,42.283646764745,1991-02-15,167
-84.4088483403684,42.283646764745,2026-07-30,53.2
-84.4088483403684,42.283646764745,1983-11-08,72.0
-84.4088483403684,42.283646764745,2005-05-11,96.6
-84.4088483403684,42.283646764745,1980-11-13,72.0
-84.4088483403684,42.283646764745,2001-03-07,276
-84.4088483403684,42.283646764745,2002-02-12,251
-84.4088483403684,42.283646764745,1979-05-23,68.0
-84.4088483403684,42.283646764745,1982-03-29,499
-84.4088483403684,42.283646764745,1980-08-29,98.0
-84.4088483403684,42.283646764745,2022-01-20,107
-84.4088483403684,42.283646764745,2021-11-15,200
-84.4088483403684,42.283646764745,2014-05-23,257
-84.4088483403684,42.283646764745,2014-04-24,118
-84.4088483403684,42.283646764745,2006-05-29,117
-84.4088483403684,42.283646764745,1985-06-16,144
-84.4088483403684,42.283646764745,2009-02-04,87.7
-84.4088483403684,42.283646764745,1991-09-15,91.0
-84.4088483403684,42.283646764745,1990-07-27,78.0
-84.4088483403684,42.283646764745,2011-10-04,154
-84.4088483403684,42.283646764745,2015-07-01,442
-84.4088483403684,42.283646764745,1999-07-30,61.0
-84.4088483403684,42.283646764745,2009-08-11,87.5
-84.4088483403684,42.283646764745,2000-04-09,82.0
-84.4088483403684,42.283646764745,1997-01-25,157
-84.4088483403684,42.283646764745,1992-06-20,139
-84.4088483403684,42.283646764745,2011-12-09,499
-84.4088483403684,42.283646764745,1992-12-28,142
-84.4088483403684,42.283646764745,2009-11-11,103
-84.4088483403684,42.283646764745,2014-12-09,132
-84.4088483403684,42.283646764745,2019-12-22,87.8
-84.4088483403684,42.283646764745,1981-03-11,172
-84.4088483403684,42.283646764745,2021-02-24,128
-84.4088483403684,42.283646764745,2015-01-08,85.4
-84.4088483403684,42.283646764745,2009-01-20,154
-84.4088483403684,42.283646764745,1994-12-12,202
-84.4088483403684,42.283646764745,2015-05-31,267
-84.4088483403684,42.283646764745,1989-02-22,131
-84.4088483403684,42.283646764745,2026-10-03,130
-84.4088483403684,42.283646764745,1996-11-12,182
-84.4088483403684,42.283646764745,1984-08-08,51.0
-84.4088483403684,42.283646764745,2016-01-18,62.9
-84.4088483403684,42.283646764745,1983-02-16,88.0
-84.4088483403684,42.283646764745,1991-07-08,88.0
-84.4088483403684,42.283646764745,1990-04-11,240
-84.4088483403684,42.283646764745,1997-01-05,229
-84.4088483403684,42.283646764745,2000-02-12,61.0
-84.4088483403684,42.283646764745,2026-02-20,160
-84.4088483403684,42.283646764745,1993-06-29,275
-84.4088483403684,42.283646764745,1992-03-16,155
-84.4088483403684,42.283646764745,1982-03-13,358
-84.4088483403684,42.283646764745,2005-04-23,96.9
-84.4088483403684,42.283646764745,2006-01-20,220
-84.4088483403684,42.283646764745,2003-11-04,96.5
-84.4088483403684,42.283646764745,1992-04-13,142
-84.4088483403684,42.283646764745,2001-03-22,193
-84.4088483403684,42.283646764745,2016-04-20,138
-84.4088483403684,42.283646764745,1980-08-16,86.0
-84.4088483403684,42.283646764745,1991-08-15,93.0
-84.4088483403684,42.283646764745,2006-11-14,151
-84.4088483403684,42.283646764745,1986-09-16,50.0
-84.4088483403684,42.283646764745,1990-01-19,136
-84.4088483403684,42.283646764745,2016-07-18,41.5
-84.4088483403684,42.283646764745,1999-06-28,85.0
-84.4088483403684,42.283646764745,1996-04-28,277
-84.4088483403684,42.283646764745,2018-08-03,49.6
-84.4088483403684,42.283646764745,1995-11-03,178
-84.4088483403684,42.283646764745,1995-06-20,57.0
-84.4088483403684,42.283646764745,2006-03-20,283
-84.4088483403684,42.283646764745,2006-03-01,152
-84.4088483403684,42.283646764745,2020-05-08,150
-84.4088483403684,42.283646764745,2001-01-25,110
-84.4088483403684,42.283646764745,2006-02-12,196
-84.4088483403684,42.283646764745,1989-07-12,81.0
-84.4088483403684,42.283646764745,2011-11-17,167
-84.4088483403684,42.283646764745,1994-09-28,69.0
-84.4088483403684,42.283646764745,2002-06-29,61.0
-84.4088483403684,42.283646764745,2026-06-07,75.5
-84.4088483403684,42.283646764745,2013-08-29,118
-84.4088483403684,42.283646764745,1988-11-30,176
-84.4088483403684,42.283646764745,2012-08-26,33.7
-84.4088483403684,42.283646764745,2023-01-12,122
-84.4088483403684,42.283646764745,1992-02-21,160
-84.4088483403684,42.283646764745,2025-03-09,192
-84.4088483403684,42.283646764745,2005-12-22,65.9
-84.4088483403684,42.283646764745,2011-02-22,228
-84.4088483403684,42.283646764745,1991-06-06,149
-84.4088483403684,42.283646764745,2018-02-27,593
-84.4088483403684,42.283646764745,2005-05-07,87.9
-84.4088483403684,42.283646764745,1988-01-31,188
-84.4088483403684,42.283646764745,2024-05-13,187
-84.4088483403684,42.283646764745,2014-06-23,152
-84.4088483403684,42.283646764745,1980-11-22,63.0
-84.4088483403684,42.283646764745,2000-09-16,141
-84.4088483403684,42.283646764745,2007-05-30,184
-84.4088483403684,42.283646764745,1991-08-30,142
-84.4088483403684,42.283646764745,1982-01-10,95.0
-84.4088483403684,42.283646764745,1983-05-25,244
-84.4088483403684,42.283646764745,2023-01-21,118
-84.4088483403684,42.283646764745,1988-05-25,65.0
-84.4088483403684,42.283646764745,2003-04-12,301
-84.4088483403684,42.283646764745,1997-04-04,302
-84.4088483403684,42.283646764745,2001-12-17,260
-84.4088483403684,42.283646764745,1992-09-05,138
-84.4088483403684,42.283646764745,1985-07-28,53.0
-84.4088483403684,42.283646764745,2010-10-30,63.2
-84.4088483403684,42.283646764745,2010-09-29,61.9
-84.4088483403684,42.283646764745,1991-03-08,207
-84.4088483403684,42.283646764745,2013-08-02,57.3
-84.4088483403684,42.283646764745,1994-11-09,197
-84.4088483403684,42.283646764745,2021-06-13,46.6
-84.4088483403684,42.283646764745,1984-09-10,48.0
-84.4088483403684,42.283646764745,2024-06-03,92.6
-84.4088483403684,42.283646764745,2007-10-12,56.9
-84.4088483403684,42.283646764745,2023-12-31,120
-84.4088483403684,42.283646764745,2011-05-22,283
-84.4088483403684,42.283646764745,2002-06-17,75.0
-84.4088483403684,42.283646764745,1987-08-02,32.0
-84.4088483403684,42.283646764745,2020-02-08,221
-84.4088483403684,42.283646764745,2011-12-22,325
-84.4088483403684,42.283646764745,2011-10-09,86.3
-84.4088483403684,42.283646764745,1984-10-05,47.0
-84.4088483403684,42.283646764745,2020-02-07,226
-84.4088483403684,42.283646764745,2011-11-01,127
-84.4088483403684,42.283646764745,2019-07-15,72.0
-84.4088483403684,42.283646764745,2018-03-06,442
-84.4088483403684,42.283646764745,1999-12-14,100
-84.4088483403684,42.283646764745,2020-02-22,124
-84.4088483403684,42.283646764745,2022-12-21,80.3
-84.4088483403684,42.283646764745,2018-09-21,48.5
-84.4088483403684,42.283646764745,1986-01-12,129
-84.4088483403684,42.283646764745,2012-04-04,313
-84.4088483403684,42.283646764745,2016-02-02,91.1
-84.4088483403684,42.283646764745,2000-11-21,104
-84.4088483403684,42.283646764745,1990-12-03,211
-84.4088483403684,42.283646764745,1985-09-15,62.0
-84.4088483403684,42.283646764745,1995-01-26,274
-84.4088483403684,42.283646764745,1990-08-13,96.0
-84.4088483403684,42.283646764745,1987-03-02,151
-84.4088483403684,42.283646764745,1994-06-01,96.0
-84.4088483403684,42.283646764745,1984-11-16,164
-84.4088483403684,42.283646764745,1998-11-10,136
-84.4088483403684,42.283646764745,2017-02-28,197
-84.4088483403684,42.283646764745,2001-02-22,250
-84.4088483403684,42.283646764745,2015-07-13,232
-84.4088483403684,42.283646764745,1983-01-23,100
-84.4088483403684,42.283646764745,2005-09-23,60.9
-84.4088483403684,42.283646764745,2020-06-10,193
-84.4088483403684,42.283646764745,1983-01-21,76.0
-84.4088483403684,42.283646764745,2016-02-07,97.5
-84.4088483403684,42.283646764745,2001-02-15,425
-84.4088483403684,42.283646764745,2001-07-06,67.0
-84.4088483403684,42.283646764745,1992-05-21,105
-84.4088483403684,42.283646764745,2003-02-26,60.1
-84.4088483403684,42.283646764745,2023-09-12,119
-84.4088483403684,42.283646764745,1998-07-15,89.0
-84.4088483403684,42.283646764745,2004-07-29,137
-84.4088483403684,42.283646764745,2022-03-21,374
-84.4088483403684,42.283646764745,2010-03-01,118
-84.4088483403684,42.283646764745,1995-10-01,91.0
-84.4088483403684,42.283646764745,2024-04-06,201
-84.4088483403684,42.283646764745,1979-02-23,161
-84.4088483403684,42.283646764745,2025-06-01,112
-84.4088483403684,42.283646764745,2023-04-18,183
-84.4088483403684,42.283646764745,2014-01-10,157
-84.4088483403684,42.283646764745,2023-12-12,117
-84.4088483403684,42.283646764745,2025-11-26,103
-84.4088483403684,42.283646764745,1980-10-16,61.0
-84.4088483403684,42.283646764745,2012-02-29,321
-84.4088483403684,42.283646764745,2025-10-10,44.0
-84.4088483403684,42.283646764745,2015-10-06,41.9
-84.4088483403684,42.283646764745,2008-03-24,376
-84.4088483403684,42.283646764745,1994-07-22,121
-84.4088483403684,42.283646764745,1989-09-29,71.0
-84.4088483403684,42.283646764745,1986-09-22,85.0
-84.4088483403684,42.283646764745,1993-06-28,270
-84.4088483403684,42.283646764745,1988-04-05,191
-84.4088483403684,42.283646764745,2009-12-31,188
-84.4088483403684,42.283646764745,1982-04-25,223
-84.4088483403684,42.283646764745,1997-10-20,65.0
-84.4088483403684,42.283646764745,2000-10-20,109
-84.4088483403684,42.283646764745,2009-02-19,360
-84.4088483403684,42.283646764745,1998-11-16,89.0
-84.4088483403684,42.283646764745,1999-08-17,57.0
-84.4088483403684,42.283646764745,1998-10-09,74.0
-84.4088483403684,42.283646764745,1991-07-27,55.0
-84.4088483403684,42.283646764745,2010-04-16,114
-84.4088483403684,42.283646764745,1995-12-24,92.0
-84.4088483403684,42.283646764745,2010-02-06,93.2
-84.4088483403684,42.283646764745,2018-10-06,146
-84.4088483403684,42.283646764745,2020-11-13,130
-84.4088483403684,42.283646764745,2015-11-27,160
-84.4088483403684,42.283646764745,2000-10-21,102
-84.4088483403684,42.283646764745,1982-01-31,114
-84.4088483403684,42.283646764745,2003-08-03,99.0
-84.4088483403684,42.283646764745,1987-09-09,66.0
-84.4088483403684,42.283646764745,2014-05-07,172
-84.4088483403684,42.283646764745,1992-12-30,227
-84.4088483403684,42.283646764745,2020-02-11,198
-84.4088483403684,42.283646764745,2013-10-11,137
-84.4088483403684,42.283646764745,2013-06-10,121
-84.4088483403684,42.283646764745,2015-08-08,62.2
-84.4088483403684,42.283646764745,2009-03-06,233
-84.4088483403684,42.283646764745,1982-07-18,78.0
-84.4088483403684,42.283646764745,1986-05-24,184
-84.4088483403684,42.283646764745,1994-11-24,96.0
-84.4088483403684,42.283646764745,1995-04-06,139
-84.4088483403684,42.283646764745,2022-04-24,299
-84.4088483403684,42.283646764745,2012-02-09,196
-84.4088483403684,42.283646764745,1991-10-19,78.0
-84.4088483403684,42.283646764745,2023-01-19,130
-84.4088483403684,42.283646764745,2010-06-25,453
-84.4088483403684,42.283646764745,2016-10-14,57.4
-84.4088483403684,42.283646764745,2019-10-17,91.1
-84.4088483403684,42.283646764745,2016-04-21,133
-84.4088483403684,42.283646764745,2001-10-22,293
-84.4088483403684,42.283646764745,1997-11-16,108
-84.4088483403684,42.283646764745,1994-10-29,68.0
-84.4088483403684,42.283646764745,2026-01-31,89.1
-84.4088483403684,42.283646764745,2002-12-29,75.9
-84.4088483403684,42.283646764745,2022-07-22,96.9
-84.4088483403684,42.283646764745,2010-08-05,193
-84.4088483403684,42.283646764745,2021-02-16,56.0
-84.4088483403684,42.283646764745,2018-11-25,76.0
-84.4088483403684,42.283646764745,2009-09-14,85.7
-84.4088483403684,42.283646764745,1995-01-16,224
-84.4088483403684,42.283646764745,2011-02-17,190
-84.4088483403684,42.283646764745,1986-10-31,147
-84.4088483403684,42.283646764745,2023-10-23,114
-84.4088483403684,42.283646764745,2020-07-14,84.8
-84.4088483403684,42.283646764745,1994-03-21,292
-84.4088483403684,42.283646764745,1979-02-07,58.0
-84.4088483403684,42.283646764745,2019-01-26,80.5
-84.4088483403684,42.283646764745,2014-06-09,168
-84.4088483403684,42.283646764745,2002-01-18,155
-84.4088483403684,42.283646764745,2000-03-29,97.0
-84.4088483403684,42.283646764745,1985-01-27,139
-84.4088483403684,42.283646764745,2025-11-09,66.4
-84.4088483403684,42.283646764745,2026-08-03,55.5
-84.4088483403684,42.283646764745,1988-10-15,57.0
-84.4088483403684,42.283646764745,2014-06-06,181
-84.4088483403684,42.283646764745,1993-08-05,82.0
-84.4088483403684,42.283646764745,2000-12-14,111
-84.4088483403684,42.283646764745,2018-11-28,90.9
-84.4088483403684,42.283646764745,1986-05-20,184
-84.4088483403684,42.283646764745,2019-06-07,233
-84.4088483403684,42.283646764745,2010-02-10,88.3
-84.4088483403684,42.283646764745,2008-08-02,60.3
-84.4088483403684,42.283646764745,2005-02-09,263
-84.4088483403684,42.283646764745,2022-04-20,221
-84.4088483403684,42.283646764745,2025-09-10,47.3
-84.4088483403684,42.283646764745,1982-06-20,181
-84.4088483403684,42.283646764745,2001-01-05,121
-84.4088483403684,42.283646764745,2020-09-10,61.8
-84.4088483403684,42.283646764745,2011-09-28,99.1
-84.4088483403684,42.283646764745,1996-08-20,84.0
-84.4088483403684,42.283646764745,2010-02-25,110
-84.4088483403684,42.283646764745,1993-08-27,72.0
-84.4088483403684,42.283646764745,2005-02-14,281
-84.4088483403684,42.283646764745,1999-06-09,81.0
-84.4088483403684,42.283646764745,2014-09-20,107
-84.4088483403684,42.283646764745,2020-01-31,284
-84.4088483403684,42.283646764745,2018-06-08,208
-84.4088483403684,42.283646764745,2024-03-04,120
-84.4088483403684,42.283646764745,1979-03-03,174
-84.4088483403684,42.283646764745,2013-03-31,77.9
-84.4088483403684,42.283646764745,2016-12-10,144
-84.4088483403684,42.283646764745,2005-06-17,68.1
-84.4088483403684,42.283646764745,2026-07-25,57.5
-84.4088483403684,42.283646764745,2013-03-22,216
-84.4088483403684,42.283646764745,2003-07-12,58.2
-84.4088483403684,42.283646764745,2017-06-27,55.8
-84.4088483403684,42.283646764745,2015-01-24,78.9
-84.4088483403684,42.283646764745,1979-01-25,62.0
-84.4088483403684,42.283646764745,2016-05-04,267
-84.4088483403684,42.283646764745,2000-10-04,186
-84.4088483403684,42.283646764745,2004-07-06,94.5
-84.4088483403684,42.283646764745,2020-12-01,88.3
-84.4088483403684,42.283646764745,1993-11-06,150
-84.4088483403684,42.283646764745,1991-04-16,186
-84.4088483403684,42.283646764745,1995-12-05,203
-84.4088483403684,42.283646764745,1992-08-25,76.0
-84.4088483403684,42.283646764745,1984-06-14,86.0
-84.4088483403684,42.283646764745,2009-06-30,175
-84.4088483403684,42.283646764745,2001-02-17,391
-84.4088483403684,42.283646764745,2006-02-07,235
-84.4088483403684,42.283646764745,1988-11-01,87.0
-84.4088483403684,42.283646764745,1995-09-05,68.0
-84.4088483403684,42.283646764745,2017-06-06,99.4
-84.4088483403684,42.283646764745,2001-10-30,285
-84.4088483403684,42.283646764745,2010-11-14,62.3
-84.4088483403684,42.283646764745,1990-08-12,73.0
-84.4088483403684,42.283646764745,1993-10-21,289
-84.4088483403684,42.283646764745,1984-11-04,54.0
-84.4088483403684,42.283646764745,1979-09-13,66.0
-84.4088483403684,42.283646764745,2002-09-07,46.0
-84.4088483403684,42.283646764745,1997-01-23,172
-84.4088483403684,42.283646764745,2019-09-05,64.5
-84.4088483403684,42.283646764745,2016-11-12,111
-84.4088483403684,42.283646764745,2008-04-04,426
-84.4088483403684,42.283646764745,2023-06-08,56.2
-84.4088483403684,42.283646764745,2000-02-26,166
-84.4088483403684,42.283646764745,2026-05-28,126
-84.4088483403684,42.283646764745,1992-12-11,183
-84.4088483403684,42.283646764745,2010-06-05,382
-84.4088483403684,42.283646764745,1984-08-20,30.0
-84.4088483403684,42.283646764745,1989-12-11,92.0
-84.4088483403684,42.283646764745,1980-10-05,66.0
-84.4088483403684,42.283646764745,2018-08-25,57.7
-84.4088483403684,42.283646764745,2002-12-24,83.1
-84.4088483403684,42.283646764745,1989-06-06,566
-84.4088483403684,42.283646764745,1982-11-01,118
-84.4088483403684,42.283646764745,1985-03-17,315
-84.4088483403684,42.283646764745,2011-09-20,129
-84.4088483403684,42.283646764745,1992-11-10,266
-84.4088483403684,42.283646764745,2008-01-09,517
-84.4088483403684,42.283646764745,1990-06-03,185
-84.4088483403684,42.283646764745,2020-01-21,374
-84.4088483403684,42.283646764745,2024-07-30,194
-84.4088483403684,42.283646764745,2015-07-11,228
-84.4088483403684,42.283646764745,1981-05-17,247
-84.4088483403684,42.283646764745,2010-04-22,79.6
-84.4088483403684,42.283646764745,1984-08-26,23.0
-84.4088483403684,42.283646764745,1997-01-27,158
-84.4088483403684,42.283646764745,2006-01-10,183
-84.4088483403684,42.283646764745,1994-02-26,255
-84.4088483403684,42.283646764745,2018-05-13,441
-84.4088483403684,42.283646764745,2005-11-30,170
-84.4088483403684,42.283646764745,1993-02-23,195
-84.4088483403684,42.283646764745,2024-10-19,84.1
-84.4088483403684,42.283646764745,2008-10-28,136
-84.4088483403684,42.283646764745,2003-04-20,194
-84.4088483403684,42.283646764745,1996-06-07,112
-84.4088483403684,42.283646764745,1990-05-30,212
-84.4088483403684,42.283646764745,2016-04-11,248
-84.4088483403684,42.283646764745,1982-12-27,207
-84.4088483403684,42.283646764745,2004-10-20,56.1
-84.4088483403684,42.283646764745,1999-05-01,251
-84.4088483403684,42.283646764745,1996-10-21,74.0
-84.4088483403684,42.283646764745,2018-08-30,45.1
-84.4088483403684,42.283646764745,2012-10-10,41.6
-84.4088483403684,42.283646764745,2018-07-06,76.6
-84.4088483403684,42.283646764745,1997-03-06,406
-84.4088483403684,42.283646764745,2019-10-26,143
-84.4088483403684,42.283646764745,1983-08-29,51.0
-84.4088483403684,42.283646764745,2015-05-21,73.1
-84.4088483403684,42.283646764745,2009-11-24,188
-84.4088483403684,42.283646764745,2010-06-23,317
-84.4088483403684,42.283646764745,2012-06-01,82.6
-84.4088483403684,42.283646764745,2021-06-07,52.6
-84.4088483403684,42.283646764745,2018-02-15,126
-84.4088483403684,42.283646764745,2009-06-25,290
-84.4088483403684,42.283646764745,1991-06-08,139
-84.4088483403684,42.283646764745,2014-06-25,236
-84.4088483403684,42.283646764745,2006-06-14,72.1
-84.4088483403684,42.283646764745,1998-07-28,77.0
-84.4088483403684,42.283646764745,2008-01-04,148
-84.4088483403684,42.283646764745,2014-10-02,59.3
-84.4088483403684,42.283646764745,1994-07-30,78.0
-84.4088483403684,42.283646764745,1996-10-23,104
-84.4088483403684,42.283646764745,2015-07-25,100
-84.4088483403684,42.283646764745,1997-10-05,127
-84.4088483403684,42.283646764745,2003-07-23,47.1
-84.4088483403684,42.283646764745,2001-10-12,213
-84.4088483403684,42.283646764745,1984-04-19,280
-84.4088483403684,42.283646764745,2020-09-23,55.2
-84.4088483403684,42.283646764745,1992-09-02,154
-84.4088483403684,42.283646764745,1979-04-11,264
-84.4088483403684,42.283646764745,1992-10-19,283
-84.4088483403684,42.283646764745,2005-01-06,234
-84.4088483403684,42.283646764745,1992-11-26,353
-84.4088483403684,42.283646764745,2000-11-13,129
-84.4088483403684,42.283646764745,1984-07-16,48.0
-84.4088483403684,42.283646764745,1994-08-29,99.0
-84.4088483403684,42.283646764745,2014-03-31,359
-84.4088483403684,42.283646764745,1992-07-23,170
-84.4088483403684,42.283646764745,2005-03-13,191
-84.4088483403684,42.283646764745,1990-10-03,98.0
-84.4088483403684,42.283646764745,2011-04-14,282
-84.4088483403684,42.283646764745,1997-10-21,63.0
-84.4088483403684,42.283646764745,2023-09-14,86.3
-84.4088483403684,42.283646764745,2001-11-13,163
-84.4088483403684,42.283646764745,1998-12-06,114
-84.4088483403684,42.283646764745,1983-06-20,91.0
-84.4088483403684,42.283646764745,1979-05-05,188
-84.4088483403684,42.283646764745,1989-11-29,120
-84.4088483403684,42.283646764745,2010-04-20,94.6
-84.4088483403684,42.283646764745,2002-04-10,256
-84.4088483403684,42.283646764745,1990-01-07,217
-84.4088483403684,42.283646764745,1990-07-29,72.0
-84.4088483403684,42.283646764745,2021-03-13,115
-84.4088483403684,42.283646764745,2001-08-25,57.0
-84.4088483403684,42.283646764745,2025-02-12,95.7
-84.4088483403684,42.283646764745,2018-08-09,46.8
-84.4088483403684,42.283646764745,2012-05-20,76.7
-84.4088483403684,42.283646764745,1999-07-12,84.0
-84.4088483403684,42.283646764745,2000-08-20,73.0
-84.4088483403684,42.283646764745,2016-09-10,81.2
-84.4088483403684,42.283646764745,2014-03-09,87.6
-84.4088483403684,42.283646764745,1993-01-09,476
-84.4088483403684,42.283646764745,2013-11-19,85.4
-84.4088483403684,42.283646764745,2001-08-17,48.0
-84.4088483403684,42.283646764745,2025-01-21,102
-84.4088483403684,42.283646764745,2018-07-21,47.8
-84.4088483403684,42.283646764745,2009-10-17,98.3
-84.4088483403684,42.283646764745,2006-03-11,224
-84.4088483403684,42.283646764745,1985-06-22,127
-84.4088483403684,42.283646764745,2026-02-14,82.8
-84.4088483403684,42.283646764745,2020-09-24,55.3
-84.4088483403684,42.283646764745,1998-01-31,206
-84.4088483403684,42.283646764745,1984-09-19,43.0
-84.4088483403684,42.283646764745,1981-03-07,210
-84.4088483403684,42.283646764745,2001-06-08,293
-84.4088483403684,42.283646764745,2005-10-03,48.6
-84.4088483403684,42.283646764745,1980-04-07,349
-84.4088483403684,42.283646764745,2006-10-30,159
-84.4088483403684,42.283646764745,1999-03-09,212
-84.4088483403684,42.283646764745,1991-03-27,179
-84.4088483403684,42.283646764745,2015-08-17,64.2
-84.4088483403684,42.283646764745,1982-04-07,427
-84.4088483403684,42.283646764745,2006-10-01,94.2
-84.4088483403684,42.283646764745,2018-04-07,299
-84.4088483403684,42.283646764745,1984-07-24,43.0
-84.4088483403684,42.283646764745,2011-08-14,147
-84.4088483403684,42.283646764745,1998-10-20,67.0
-84.4088483403684,42.283646764745,1979-03-24,128
-84.4088483403684,42.283646764745,2023-09-25,62.3
-84.4088483403684,42.283646764745,2003-09-06,40.4
-84.4088483403684,42.283646764745,1998-04-14,274
-84.4088483403684,42.283646764745,1998-01-22,226
-84.4088483403684,42.283646764745,1987-07-12,34.0
-84.4088483403684,42.283646764745,2002-02-04,223
-84.4088483403684,42.283646764745,1995-09-30,100
-84.4088483403684,42.283646764745,2023-12-06,153
-84.4088483403684,42.283646764745,1979-09-15,41.0
-84.4088483403684,42.283646764745,2005-02-18,348
-84.4088483403684,42.283646764745,2021-07-17,179
-84.4088483403684,42.283646764745,2009-01-27,101
-84.4088483403684,42.283646764745,2021-10-19,251
-84.4088483403684,42.283646764745,2012-01-29,280
-84.4088483403684,42.283646764745,1987-02-06,113
-84.4088483403684,42.283646764745,2017-05-31,186
-84.4088483403684,42.283646764745,2011-09-16,132
-84.4088483403684,42.283646764745,2020-10-11,50.0
-84.4088483403684,42.283646764745,2006-09-17,128
-84.4088483403684,42.283646764745,1991-03-25,169
-84.4088483403684,42.283646764745,2008-11-14,111
-84.4088483403684,42.283646764745,2020-04-14,267
-84.4088483403684,42.283646764745,2021-01-07,117
-84.4088483403684,42.283646764745,1987-04-06,166
-84.4088483403684,42.283646764745,1997-03-09,359
-84.4088483403684,42.283646764745,1984-03-17,333
-84.4088483403684,42.283646764745,2016-11-21,61.9
-84.4088483403684,42.283646764745,1980-11-24,68.0
-84.4088483403684,42.283646764745,1989-06-30,182
-84.4088483403684,42.283646764745,2012-08-20,43.8
-84.4088483403684,42.283646764745,2019-10-16,99.3
-84.4088483403684,42.283646764745,1986-07-14,92.0
-84.4088483403684,42.283646764745,2005-03-12,197
-84.4088483403684,42.283646764745,1997-04-17,220
-84.4088483403684,42.283646764745,1981-12-26,122
-84.4088483403684,42.283646764745,2016-07-11,40.0
-84.4088483403684,42.283646764745,2021-01-06,117
-84.4088483403684,42.283646764745,2004-12-17,251
-84.4088483403684,42.283646764745,2012-08-15,52.5
-84.4088483403684,42.283646764745,1999-05-19,156
-84.4088483403684,42.283646764745,2016-07-14,41.9
-84.4088483403684,42.283646764745,1982-12-05,216
-84.4088483403684,42.283646764745,1996-02-04,106
-84.4088483403684,42.283646764745,2012-06-07,59.2
-84.4088483403684,42.283646764745,1988-01-29,161
-84.4088483403684,42.283646764745,1983-07-17,97.0
-84.4088483403684,42.283646764745,2018-04-29,179
-84.4088483403684,42.283646764745,2019-08-31,66.9
-84.4088483403684,42.283646764745,2024-01-04,113
-84.4088483403684,42.283646764745,2019-10-02,118
-84.4088483403684,42.283646764745,1988-05-14,77.0
-84.4088483403684,42.283646764745,2006-12-26,183
-84.4088483403684,42.283646764745,1980-04-18,314
-84.4088483403684,42.283646764745,2002-01-14,160
-84.4088483403684,42.283646764745,2001-03-26,164
-84.4088483403684,42.283646764745,2012-12-01,48.7
-84.4088483403684,42.283646764745,1998-01-26,201
-84.4088483403684,42.283646764745,2018-06-06,215
-84.4088483403684,42.283646764745,1979-05-24,87.0
-84.4088483403684,42.283646764745,1995-11-11,297
-84.4088483403684,42.283646764745,2012-06-21,72.4
-84.4088483403684,42.283646764745,2022-12-12,64.0
-84.4088483403684,42.283646764745,1984-01-02,87.0
-84.4088483403684,42.283646764745,1994-09-05,62.0
-84.4088483403684,42.283646764745,1990-03-24,367
-84.4088483403684,42.283646764745,2022-07-09,105
-84.4088483403684,42.283646764745,1979-06-10,56.0
-84.4088483403684,42.283646764745,1985-08-26,47.0
-84.4088483403684,42.283646764745,1992-12-25,138
-84.4088483403684,42.283646764745,1984-01-09,95.0
-84.4088483403684,42.283646764745,2008-10-07,87.4
-84.4088483403684,42.283646764745,2014-11-03,62.4
-84.4088483403684,42.283646764745,1993-05-28,121
-84.4088483403684,42.283646764745,1980-07-23,59.0
-84.4088483403684,42.283646764745,2009-02-11,284
-84.4088483403684,42.283646764745,1995-11-10,196
-84.4088483403684,42.283646764745,2006-01-06,213
-84.4088483403684,42.283646764745,2007-03-15,445
-84.4088483403684,42.283646764745,2021-08-09,54.1
-84.4088483403684,42.283646764745,2020-07-12,90.7
-84.4088483403684,42.283646764745,2016-03-15,188
-84.4088483403684,42.283646764745,2022-04-01,331
-84.4088483403684,42.283646764745,1986-12-11,171
-84.4088483403684,42.283646764745,2015-12-24,102
-84.4088483403684,42.283646764745,2020-11-15,153
-84.4088483403684,42.283646764745,1989-03-02,78.0
-84.4088483403684,42.283646764745,2000-01-12,118
-84.4088483403684,42.283646764745,1998-11-29,115
-84.4088483403684,42.283646764745,1983-12-09,272
-84.4088483403684,42.283646764745,1980-07-20,53.0
-84.4088483403684,42.283646764745,1997-09-03,73.0
-84.4088483403684,42.283646764745,2004-09-29,56.7
-84.4088483403684,42.283646764745,2013-08-22,80.0
-84.4088483403684,42.283646764745,1992-06-25,100
-84.4088483403684,42.283646764745,2012-04-15,275
-84.4088483403684,42.283646764745,2019-02-02,81.5
-84.4088483403684,42.283646764745,2017-08-01,49.1
-84.4088483403684,42.283646764745,2007-03-20,429
-84.4088483403684,42.283646764745,2018-12-01,97.0
-84.4088483403684,42.283646764745,2004-12-29,84.8
-84.4088483403684,42.283646764745,2011-02-06,79.9
-84.4088483403684,42.283646764745,2026-09-30,94.4
-84.4088483403684,42.283646764745,1979-03-26,178
-84.4088483403684,42.283646764745,2024-02-14,173
-84.4088483403684,42.283646764745,1980-03-31,240
-84.4088483403684,42.283646764745,2003-01-05,80.1
-84.4088483403684,42.283646764745,2020-06-29,115
-84.4088483403684,42.283646764745,2012-07-25,34.3
-84.4088483403684,42.283646764745,2025-06-28,104
-84.4088483403684,42.283646764745,2014-03-16,236
-84.4088483403684,42.283646764745,1983-12-02,200
-84.4088483403684,42.283646764745,2013-02-09,108
-84.4088483403684,42.283646764745,2000-09-07,63.0
-84.4088483403684,42.283646764745,2015-02-04,81.4
-84.4088483403684,42.283646764745,2021-05-17,72.5
-84.4088483403684,42.283646764745,2017-11-21,183
-84.4088483403684,42.283646764745,2015-07-29,78.4
-84.4088483403684,42.283646764745,1990-06-17,100
-84.4088483403684,42.283646764745,2007-05-06,146
-84.4088483403684,42.283646764745,2012-07-14,34.0
-84.4088483403684,42.283646764745,1992-07-10,77.0
-84.4088483403684,42.283646764745,1992-01-06,121
-84.4088483403684,42.283646764745,2021-02-13,65.7
-84.4088483403684,42.283646764745,1995-04-24,191
-84.4088483403684,42.283646764745,1987-11-07,57.0
-84.4088483403684,42.283646764745,2004-02-24,89.6
-84.4088483403684,42.283646764745,2012-01-20,323
-84.4088483403684,42.283646764745,2021-01-13,102
-84.4088483403684,42.283646764745,2022-04-22,256
-84.4088483403684,42.283646764745,2016-12-12,137
-84.4088483403684,42.283646764745,2006-04-11,227
-84.4088483403684,42.283646764745,1986-01-31,84.0
-84.4088483403684,42.283646764745,2022-08-27,73.5
-84.4088483403684,42.283646764745,1986-10-06,292
-84.4088483403684,42.283646764745,1979-06-17,40.0
-84.4088483403684,42.283646764745,1991-07-02,66.0
-84.4088483403684,42.283646764745,1997-04-12,230
-84.4088483403684,42.283646764745,2006-05-25,170
-84.4088483403684,42.283646764745,1983-03-15,198
-84.4088483403684,42.283646764745,1993-01-19,279
-84.4088483403684,42.283646764745,2015-09-09,64.2
-84.4088483403684,42.283646764745,1990-03-28,294
-84.4088483403684,42.283646764745,2010-03-21,303
-84.4088483403684,42.283646764745,2019-07-11,86.1
-84.4088483403684,42.283646764745,1981-01-02,76.0
-84.4088483403684,42.283646764745,2007-08-15,60.9
-84.4088483403684,42.283646764745,1995-12-31,87.0
-84.4088483403684,42.283646764745,1995-10-22,98.0
-84.4088483403684,42.283646764745,1995-03-18,280
-84.4088483403684,42.283646764745,1990-05-23,304
-84.4088483403684,42.283646764745,2004-12-16,251
-84.4088483403684,42.283646764745,1988-08-25,43.0
-84.4088483403684,42.283646764745,2025-04-14,196
-84.4088483403684,42.283646764745,1993-11-15,145
-84.4088483403684,42.283646764745,1986-09-18,52.0
-84.4088483403684,42.283646764745,1999-07-31,86.0
-84.4088483403684,42.283646764745,1992-04-25,221
-84.4088483403684,42.283646764745,2001-05-05,110
-84.4088483403684,42.283646764745,2010-06-24,432
-84.4088483403684,42.283646764745,1981-08-02,214
-84.4088483403684,42.283646764745,2022-06-03,291
-84.4088483403684,42.283646764745,2006-10-15,119
-84.4088483403684,42.283646764745,2026-01-23,88.7
-84.4088483403684,42.283646764745,1980-08-12,100
-84.4088483403684,42.283646764745,2003-08-19,53.6
-84.4088483403684,42.283646764745,2000-11-19,107
-84.4088483403684,42.283646764745,1992-03-26,223
-84.4088483403684,42.283646764745,2014-05-22,275
-84.4088483403684,42.283646764745,2014-08-18,46.4
-84.4088483403684,42.283646764745,1986-10-07,289
-84.4088483403684,42.283646764745,2019-11-02,297
-84.4088483403684,42.283646764745,2002-01-04,108
-84.4088483403684,42.283646764745,2001-03-29,153
-84.4088483403684,42.283646764745,2016-02-20,87.4
-84.4088483403684,42.283646764745,1991-11-25,160
-84.4088483403684,42.283646764745,2008-06-22,93.2
-84.4088483403684,42.283646764745,1979-08-08,160
-84.4088483403684,42.283646764745,1996-05-19,143
-84.4088483403684,42.283646764745,1997-05-29,180
-84.4088483403684,42.283646764745,2022-01-29,93.0
-84.4088483403684,42.283646764745,2001-05-03,117
-84.4088483403684,42.283646764745,1998-10-31,71.0
-84.4088483403684,42.283646764745,1984-02-27,200
-84.4088483403684,42.283646764745,2016-02-15,79.9
-84.4088483403684,42.283646764745,2012-01-08,180
-84.4088483403684,42.283646764745,1997-10-29,89.0
-84.4088483403684,42.283646764745,1993-12-17,139
-84.4088483403684,42.283646764745,2012-05-07,132
-84.4088483403684,42.283646764745,2008-10-20,86.5
-84.4088483403684,42.283646764745,2017-07-01,55.9
-84.4088483403684,42.283646764745,2018-09-08,92.9
-84.4088483403684,42.283646764745,2015-03-03,66.5
-84.4088483403684,42.283646764745,1980-05-09,156
-84.4088483403684,42.283646764745,2006-11-06,143
-84.4088483403684,42.283646764745,1993-05-16,143
-84.4088483403684,42.283646764745,1995-11-28,176
-84.4088483403684,42.283646764745,2007-08-22,163
-84.4088483403684,42.283646764745,1990-05-26,284
-84.4088483403684,42.283646764745,2001-05-30,303
-84.4088483403684,42.283646764745,2012-09-04,34.3
-84.4088483403684,42.283646764745,2007-11-17,60.8
-84.4088483403684,42.283646764745,2012-12-15,49.5
-84.4088483403684,42.283646764745,1994-02-23,264
-84.4088483403684,42.283646764745,2008-04-19,260
-84.4088483403684,42.283646764745,1979-05-04,192
-84.4088483403684,42.283646764745,1989-12-15,82.0
-84.4088483403684,42.283646764745,1989-09-07,130
-84.4088483403684,42.283646764745,2012-04-14,131
-84.4088483403684,42.283646764745,2003-10-25,87.8
-84.4088483403684,42.283646764745,1992-04-21,177
-84.4088483403684,42.283646764745,1991-03-13,186
-84.4088483403684,42.283646764745,1979-05-14,102
-84.4088483403684,42.283646764745,1993-11-30,139
-84.4088483403684,42.283646764745,1996-01-31,134
-84.4088483403684,42.283646764745,1989-04-06,328
-84.4088483403684,42.283646764745,2012-08-03,33.3
-84.4088483403684,42.283646764745,2021-11-18,229
-84.4088483403684,42.283646764745,2024-05-02,157
-84.4088483403684,42.283646764745,2005-10-10,40.9
-84.4088483403684,42.283646764745,1996-11-30,88.0
-84.4088483403684,42.283646764745,2025-08-08,62.0
-84.4088483403684,42.283646764745,1985-05-15,81.0
-84.4088483403684,42.283646764745,2009-10-29,188
-84.4088483403684,42.283646764745,1982-09-03,44.0
-84.4088483403684,42.283646764745,1991-12-04,228
-84.4088483403684,42.283646764745,1987-12-25,198
-84.4088483403684,42.283646764745,2018-07-10,61.2
-84.4088483403684,42.283646764745,1984-07-23,40.0
-84.4088483403684,42.283646764745,1980-05-20,185
-84.4088483403684,42.283646764745,1999-10-25,48.0
-84.4088483403684,42.283646764745,1981-04-30,289
-84.4088483403684,42.283646764745,2007-04-08,168
-84.4088483403684,42.283646764745,1987-12-26,195
-84.4088483403684,42.283646764745,2008-09-26,118
-84.4088483403684,42.283646764745,2003-01-20,57.2
-84.4088483403684,42.283646764745,1986-03-17,368
-84.4088483403684,42.283646764745,2011-09-29,108
-84.4088483403684,42.283646764745,2007-08-02,45.9
-84.4088483403684,42.283646764745,1981-11-12,101
-84.4088483403684,42.283646764745,1998-03-28,389
-84.4088483403684,42.283646764745,2006-07-25,82.6
-84.4088483403684,42.283646764745,1990-05-28,242
-84.4088483403684,42.283646764745,2004-06-05,183
-84.4088483403684,42.283646764745,1988-10-28,99.0
-84.4088483403684,42.283646764745,2016-07-10,39.9
-84.4088483403684,42.283646764745,1979-11-05,47.0
-84.4088483403684,42.283646764745,2005-05-09,108
-84.4088483403684,42.283646764745,2022-02-01,103
-84.4088483403684,42.283646764745,1984-06-20,72.0
-84.4088483403684,42.283646764745,1992-04-28,259
-84.4088483403684,42.283646764745,2018-01-15,111
-84.4088483403684,42.283646764745,1987-05-29,63.0
-84.4088483403684,42.283646764745,2017-08-07,40.0
-84.4088483403684,42.283646764745,1999-09-17,36.0
-84.4088483403684,42.283646764745,2008-12-26,170
-84.4088483403684,42.283646764745,1988-05-18,78.0
-84.4088483403684,42.283646764745,1982-04-20,339
-84.4088483403684,42.283646764745,2003-12-23,143
-84.4088483403684,42.283646764745,1991-07-22,60.0
-84.4088483403684,42.283646764745,2017-09-06,28.3
-84.4088483403684,42.283646764745,1981-08-01,232
-84.4088483403684,42.283646764745,2004-02-07,76.1
-84.4088483403684,42.283646764745,2013-07-31,61.5
-84.4088483403684,42.283646764745,1984-01-12,160
-84.4088483403684,42.283646764745,2002-07-14,43.0
-84.4088483403684,42.283646764745,1982-11-11,191
-84.4088483403684,42.283646764745,2023-10-08,75.5
-84.4088483403684,42.283646764745,1991-10-17,71.0
-84.4088483403684,42.283646764745,1990-08-31,75.0
-84.4088483403684,42.283646764745,2010-08-04,205
-84.4088483403684,42.283646764745,2011-03-31,184
-84.4088483403684,42.283646764745,1989-02-10,104
-84.4088483403684,42.283646764745,1982-09-20,63.0
-84.4088483403684,42.283646764745,1986-04-03,227
-84.4088483403684,42.283646764745,2014-04-28,121
-84.4088483403684,42.283646764745,1984-09-01,24.0
-84.4088483403684,42.283646764745,2016-09-18,42.5
-84.4088483403684,42.283646764745,2008-07-21,116
-84.4088483403684,42.283646764745,2007-07-20,52.4
-84.4088483403684,42.283646764745,1982-06-17,100
-84.4088483403684,42.283646764745,1988-08-20,41.0
-84.4088483403684,42.283646764745,1979-04-14,227
-84.4088483403684,42.283646764745,2022-12-19,76.2
-84.4088483403684,42.283646764745,2000-10-19,107
-84.4088483403684,42.283646764745,2018-09-15,53.3
-84.4088483403684,42.283646764745,1979-09-05,53.0
-84.4088483403684,42.283646764745,1996-07-10,63.0
-84.4088483403684,42.283646764745,1990-04-08,221
-84.4088483403684,42.283646764745,2002-06-08,116
-84.4088483403684,42.283646764745,1992-09-25,236
-84.4088483403684,42.283646764745,2013-09-16,74.3
-84.4088483403684,42.283646764745,2008-07-11,169
-84.4088483403684,42.283646764745,1992-03-21,152
-84.4088483403684,42.283646764745,1988-11-25,241
-84.4088483403684,42.283646764745,2018-06-11,207
-84.4088483403684,42.283646764745,2005-10-07,43.6
-84.4088483403684,42.283646764745,2000-12-03,195
-84.4088483403684,42.283646764745,2012-09-18,38.7
-84.4088483403684,42.283646764745,2020-06-24,145
-84.4088483403684,42.283646764745,2008-01-28,134
-84.4088483403684,42.283646764745,1981-09-02,89.0
-84.4088483403684,42.283646764745,1991-10-05,104
-84.4088483403684,42.283646764745,2000-10-11,101
-84.4088483403684,42.283646764745,2023-08-19,114
-84.4088483403684,42.283646764745,2011-11-24,145
-84.4088483403684,42.283646764745,2011-12-02,520
-84.4088483403684,42.283646764745,1999-01-05,73.0
-84.4088483403684,42.283646764745,1983-08-21,58.0
-84.4088483403684,42.283646764745,1998-10-17,67.0
-84.4088483403684,42.283646764745,1991-05-11,139
-84.4088483403684,42.283646764745,1983-12-06,144
-84.4088483403684,42.283646764745,1990-09-03,61.0
-84.4088483403684,42.283646764745,2020-11-07,75.2
-84.4088483403684,42.283646764745,1996-10-03,100
-84.4088483403684,42.283646764745,1984-07-22,35.0
-84.4088483403684,42.283646764745,2018-09-12,58.1
-84.4088483403684,42.283646764745,2004-05-13,249
-84.4088483403684,42.283646764745,1989-12-16,86.0
-84.4088483403684,42.283646764745,1986-03-07,107
-84.4088483403684,42.283646764745,1988-12-07,165
-84.4088483403684,42.283646764745,1987-09-15,92.0
-84.4088483403684,42.283646764745,2006-04-10,229
-84.4088483403684,42.283646764745,1988-04-20,168
-84.4088483403684,42.283646764745,2015-05-12,161
-84.4088483403684,42.283646764745,2004-01-13,85.5
-84.4088483403684,42.283646764745,1990-09-24,102
-84.4088483403684,42.283646764745,1993-01-22,319
-84.4088483403684,42.283646764745,1992-06-04,93.0
-84.4088483403684,42.283646764745,1991-05-25,132
-84.4088483403684,42.283646764745,2019-07-27,77.2
-84.4088483403684,42.283646764745,1991-03-22,184
-84.4088483403684,42.283646764745,2020-12-09,72.2
-84.4088483403684,42.283646764745,1991-11-11,88.0
-84.4088483403684,42.283646764745,1992-03-13,166
-84.4088483403684,42.283646764745,2022-10-12,57.8
-84.4088483403684,42.283646764745,2024-11-24,110
-84.4088483403684,42.283646764745,2008-07-17,120
-84.4088483403684,42.283646764745,2020-04-18,230
-84.4088483403684,42.283646764745,2005-08-04,88.7
-84.4088483403684,42.283646764745,1999-01-07,74.0
-84.4088483403684,42.283646764745,2001-12-13,214
-84.4088483403684,42.283646764745,1984-10-06,41.0
-84.4088483403684,42.283646764745,2020-03-30,413
-84.4088483403684,42.283646764745,1993-01-18,291
-84.4088483403684,42.283646764745,1996-03-02,277
-84.4088483403684,42.283646764745,1990-12-06,201
-84.4088483403684,42.283646764745,2014-12-26,93.9
-84.4088483403684,42.283646764745,2026-04-05,302
-84.4088483403684,42.283646764745,2023-05-19,93.9
-84.4088483403684,42.283646764745,1991-03-09,202
-84.4088483403684,42.283646764745,1987-02-22,102
-84.4088483403684,42.283646764745,2008-10-04,93.8
-84.4088483403684,42.283646764745,2020-04-24,209
-84.4088483403684,42.283646764745,2014-11-12,70.8
-84.4088483403684,42.283646764745,1994-03-02,183
-84.4088483403684,42.283646764745,2014-05-05,169
-84.4088483403684,42.283646764745,1992-05-02,244
-84.4088483403684,42.283646764745,2018-04-30,167
-84.4088483403684,42.283646764745,2017-10-08,44.4
-84.4088483403684,42.283646764745,2010-08-25,79.1
-84.4088483403684,42.283646764745,2013-03-19,254
-84.4088483403684,42.283646764745,2024-04-15,199
-84.4088483403684,42.283646764745,2007-02-23,144
-84.4088483403684,42.283646764745,2020-02-06,226
-84.4088483403684,42.283646764745,1984-03-16,345
-84.4088483403684,42.283646764745,1998-09-08,67.0
-84.4088483403684,42.283646764745,2023-02-11,146
-84.4088483403684,42.283646764745,1985-04-25,214
-84.4088483403684,42.283646764745,1982-04-13,395
-84.4088483403684,42.283646764745,2009-07-21,72.0
-84.4088483403684,42.283646764745,1999-07-07,83.0
-84.4088483403684,42.283646764745,2018-02-05,97.5
-84.4088483403684,42.283646764745,2025-05-12,244
-84.4088483403684,42.283646764745,1991-10-28,144
-84.4088483403684,42.283646764745,1993-10-12,132
-84.4088483403684,42.283646764745,1992-03-09,148
-84.4088483403684,42.283646764745,2018-05-25,266
-84.4088483403684,42.283646764745,1997-02-25,430
-84.4088483403684,42.283646764745,1980-02-20,69.0
-84.4088483403684,42.283646764745,2020-12-27,84.5
-84.4088483403684,42.283646764745,1998-04-28,374
-84.4088483403684,42.283646764745,2018-08-23,50.6
-84.4088483403684,42.283646764745,1996-11-20,83.0
-84.4088483403684,42.283646764745,1988-08-27,42.0
-84.4088483403684,42.283646764745,1992-01-29,133
-84.4088483403684,42.283646764745,1985-02-05,74.0
-84.4088483403684,42.283646764745,1993-12-24,139
-84.4088483403684,42.283646764745,2025-04-03,314
-84.4088483403684,42.283646764745,1997-07-31,65.0
-84.4088483403684,42.283646764745,2021-11-23,172
-84.4088483403684,42.283646764745,1990-09-19,108
-84.4088483403684,42.283646764745,2022-02-05,118
-84.4088483403684,42.283646764745,1987-02-16,101
-84.4088483403684,42.283646764745,1998-10-19,69.0
-84.4088483403684,42.283646764745,2002-09-16,39.0
-84.4088483403684,42.283646764745,2006-12-28,166
-84.4088483403684,42.283646764745,1983-03-28,222
-84.4088483403684,42.283646764745,2023-04-29,185
-84.4088483403684,42.283646764745,1979-04-17,201
-84.4088483403684,42.283646764745,1987-09-27,59.0
-84.4088483403684,42.283646764745,2020-09-17,65.7
-84.4088483403684,42.283646764745,2008-04-02,423
-84.4088483403684,42.283646764745,1998-06-16,255
-84.4088483403684,42.283646764745,1990-05-11,193
-84.4088483403684,42.283646764745,2026-03-26,173
-84.4088483403684,42.283646764745,1996-07-13,75.0
-84.4088483403684,42.283646764745,2006-05-05,145
-84.4088483403684,42.283646764745,2024-02-04,400
-84.4088483403684,42.283646764745,2006-04-25,110
-84.4088483403684,42.283646764745,2019-05-30,176
-84.4088483403684,42.283646764745,1979-06-05,67.0
-84.4088483403684,42.283646764745,2006-01-27,241
-84.4088483403684,42.283646764745,1980-05-07,133
-84.4088483403684,42.283646764745,2019-11-24,177
-84.4088483403684,42.283646764745,2021-03-29,206
-84.4088483403684,42.283646764745,1987-08-10,31.0
-84.4088483403684,42.283646764745,2021-11-19,220
-84.4088483403684,42.283646764745,1989-03-18,213
-84.4088483403684,42.283646764745,2011-02-18,219
-84.4088483403684,42.283646764745,1985-04-15,344
-84.4088483403684,42.283646764745,2009-11-12,97.3
-84.4088483403684,42.283646764745,2002-11-24,64.5
-84.4088483403684,42.283646764745,2016-11-24,77.2
-84.4088483403684,42.283646764745,1993-05-03,253
-84.4088483403684,42.283646764745,1980-07-31,56.0
-84.4088483403684,42.283646764745,2019-11-20,127
-84.4088483403684,42.283646764745,1986-05-17,85.0
-84.4088483403684,42.283646764745,2014-01-07,119
-84.4088483403684,42.283646764745,1999-11-04,47.0
-84.4088483403684,42.283646764745,2024-11-18,104
-84.4088483403684,42.283646764745,1988-01-28,162
-84.4088483403684,42.283646764745,2018-10-26,54.4
-84.4088483403684,42.283646764745,1979-04-04,204
-84.4088483403684,42.283646764745,2012-03-24,320
-84.4088483403684,42.283646764745,2013-02-04,163
-84.4088483403684,42.283646764745,1982-07-26,72.0
-84.4088483403684,42.283646764745,2006-04-20,198
-84.4088483403684,42.283646764745,1979-11-09,65.0
-84.4088483403684,42.283646764745,2017-12-28,91.4
-84.4088483403684,42.283646764745,2002-08-10,51.0
-84.4088483403684,42.283646764745,2021-02-19,68.4
-84.4088483403684,42.283646764745,1979-05-18,132
-84.4088483403684,42.283646764745,2014-07-06,89.0
-84.4088483403684,42.283646764745,2009-02-06,133
-84.4088483403684,42.283646764745,1982-12-19,179
-84.4088483403684,42.283646764745,2002-11-01,45.5
-84.4088483403684,42.283646764745,2022-02-03,111
-84.4088483403684,42.283646764745,2009-06-19,234
-84.4088483403684,42.283646764745,1994-01-23,115
-84.4088483403684,42.283646764745,1993-03-10,247
-84.4088483403684,42.283646764745,1981-08-27,103
-84.4088483403684,42.283646764745,2019-12-26,90.6
-84.4088483403684,42.283646764745,1994-11-04,123
-84.4088483403684,42.283646764745,2010-03-12,293
-84.4088483403684,42.283646764745,2001-11-16,115
-84.4088483403684,42.283646764745,2021-08-21,68.2
-84.4088483403684,42.283646764745,2022-09-14,56.2
-84.4088483403684,42.283646764745,1995-04-22,214
-84.4088483403684,42.283646764745,1979-03-30,210
-84.4088483403684,42.283646764745,1995-08-30,122
-84.4088483403684,42.283646764745,1980-07-02,89.0
-84.4088483403684,42.283646764745,2012-01-17,335
-84.4088483403684,42.283646764745,2022-01-17,133
-84.4088483403684,42.283646764745,1984-12-17,134
-84.4088483403684,42.283646764745,2004-02-20,83.3
-84.4088483403684,42.283646764745,2025-05-24,159
-84.4088483403684,42.283646764745,2017-02-09,267
-84.4088483403684,42.283646764745,1999-06-20,78.0
-84.4088483403684,42.283646764745,1988-05-22,66.0
-84.4088483403684,42.283646764745,2000-08-02,152
-84.4088483403684,42.283646764745,1994-12-28,189
-84.4088483403684,42.283646764745,2008-04-10,387
-84.4088483403684,42.283646764745,2016-02-12,86.6
-84.4088483403684,42.283646764745,2003-02-18,55.7
-84.4088483403684,42.283646764745,2000-11-24,92.0
-84.4088483403684,42.283646764745,1981-07-06,150
-84.4088483403684,42.283646764745,2022-07-15,84.9
-84.4088483403684,42.283646764745,1981-03-17,165
-84.4088483403684,42.283646764745,1995-03-02,154
-84.4088483403684,42.283646764745,2015-02-27,63.5
-84.4088483403684,42.283646764745,2005-05-21,93.2
-84.4088483403684,42.283646764745,2018-05-18,488
-84.4088483403684,42.283646764745,2012-04-27,139
-84.4088483403684,42.283646764745,2001-06-23,241
-84.4088483403684,42.283646764745,2018-03-02,530
-84.4088483403684,42.283646764745,1997-03-15,302
-84.4088483403684,42.283646764745,2019-01-24,87.2
-84.4088483403684,42.283646764745,2025-05-01,139
-84.4088483403684,42.283646764745,1986-11-01,145
-84.4088483403684,42.283646764745,2008-05-04,107
-84.4088483403684,42.283646764745,1996-10-01,102
-84.4088483403684,42.283646764745,1992-06-27,95.0
-84.4088483403684,42.283646764745,2011-02-10,83.7
-84.4088483403684,42.283646764745,1992-05-31,100
-84.4088483403684,42.283646764745,1991-11-03,212
-84.4088483403684,42.283646764745,1985-06-13,90.0
-84.4088483403684,42.283646764745,2014-11-21,58.2
-84.4088483403684,42.283646764745,1993-08-30,103
-84.4088483403684,42.283646764745,2004-06-07,126
-84.4088483403684,42.283646764745,1990-07-05,88.0
-84.4088483403684,42.283646764745,1986-07-20,85.0
-84.4088483403684,42.283646764745,1979-03-28,174
-84.4088483403684,42.283646764745,1986-07-04,61.0
-84.4088483403684,42.283646764745,2017-03-07,294
-84.4088483403684,42.283646764745,2007-07-04,57.3
-84.4088483403684,42.283646764745,2013-05-03,267
-84.4088483403684,42.283646764745,2021-01-17,86.5
-84.4088483403684,42.283646764745,2020-09-19,60.6
-84.4088483403684,42.283646764745,1989-05-15,117
-84.4088483403684,42.283646764745,2020-06-13,176
-84.4088483403684,42.283646764745,2000-08-16,95.0
-84.4088483403684,42.283646764745,2003-04-10,340
-84.4088483403684,42.283646764745,1984-11-17,154
-84.4088483403684,42.283646764745,1996-02-11,93.0
-84.4088483403684,42.283646764745,2012-08-04,33.4
-84.4088483403684,42.283646764745,2007-05-14,90.3
-84.4088483403684,42.283646764745,1999-03-04,120
-84.4088483403684,42.283646764745,1981-02-12,80.0
-84.4088483403684,42.283646764745,2000-05-21,246
-84.4088483403684,42.283646764745,1999-10-03,62.0
-84.4088483403684,42.283646764745,2019-10-10,122
-84.4088483403684,42.283646764745,2021-10-31,415
-84.4088483403684,42.283646764745,2024-01-30,472
-84.4088483403684,42.283646764745,1992-07-31,243
-84.4088483403684,42.283646764745,1986-12-26,111
-84.4088483403684,42.283646764745,2012-10-19,68.9
-84.4088483403684,42.283646764745,1981-08-11,110
-84.4088483403684,42.283646764745,1989-09-19,101
-84.4088483403684,42.283646764745,2002-02-07,267
-84.4088483403684,42.283646764745,2010-07-30,269
-84.4088483403684,42.283646764745,1999-12-10,140
-84.4088483403684,42.283646764745,1994-11-30,121
-84.4088483403684,42.283646764745,1999-08-18,55.0
-84.4088483403684,42.283646764745,1990-08-15,72.0
-84.4088483403684,42.283646764745,2013-02-21,86.0
-84.4088483403684,42.283646764745,2016-11-13,70.8
-84.4088483403684,42.283646764745,1995-05-08,174
-84.4088483403684,42.283646764745,2007-01-13,344
-84.4088483403684,42.283646764745,2005-01-13,462
-84.4088483403684,42.283646764745,2023-05-11,145
-84.4088483403684,42.283646764745,1985-02-09,113
-84.4088483403684,42.283646764745,2005-04-09,160
-84.4088483403684,42.283646764745,2020-04-12,274
-84.4088483403684,42.283646764745,1992-10-11,96.0
-84.4088483403684,42.283646764745,1980-05-04,190
-84.4088483403684,42.283646764745,2010-11-30,174
-84.4088483403684,42.283646764745,2008-08-29,52.6
-84.4088483403684,42.283646764745,2017-12-16,85.7
-84.4088483403684,42.283646764745,2004-06-25,119
-84.4088483403684,42.283646764745,1990-09-13,80.0
-84.4088483403684,42.283646764745,1992-11-25,363
-84.4088483403684,42.283646764745,1990-04-03,248
-84.4088483403684,42.283646764745,1993-10-29,220
-84.4088483403684,42.283646764745,2006-04-23,172
-84.4088483403684,42.283646764745,1999-03-25,200
-84.4088483403684,42.283646764745,1997-07-30,67.0
-84.4088483403684,42.283646764745,2005-02-28,234
-84.4088483403684,42.283646764745,1980-08-28,106
-84.4088483403684,42.283646764745,2019-10-28,206
-84.4088483403684,42.283646764745,2019-08-30,107
-84.4088483403684,42.283646764745,1984-04-21,218
-84.4088483403684,42.283646764745,1989-08-20,89.0
-84.4088483403684,42.283646764745,1990-06-28,102
-84.4088483403684,42.283646764745,1982-07-06,147
-84.4088483403684,42.283646764745,1996-10-13,64.0
-84.4088483403684,42.283646764745,1994-01-07,95.0
-84.4088483403684,42.283646764745,1983-06-18,92.0
-84.4088483403684,42.283646764745,2004-06-14,276
-84.4088483403684,42.283646764745,1984-05-15,158
-84.4088483403684,42.283646764745,1997-02-01,146
-84.4088483403684,42.283646764745,1990-08-24,97.0
-84.4088483403684,42.283646764745,2026-09-26,124
-84.4088483403684,42.283646764745,1981-06-30,97.0
-84.4088483403684,42.283646764745,1993-09-12,95.0
-84.4088483403684,42.283646764745,2013-10-12,132
-84.4088483403684,42.283646764745,1979-06-29,73.0
-84.4088483403684,42.283646764745,1983-06-10,188
-84.4088483403684,42.283646764745,1997-11-01,147
-84.4088483403684,42.283646764745,1995-12-28,90.0
-84.4088483403684,42.283646764745,2025-03-22,207
-84.4088483403684,42.283646764745,1989-11-12,99.0
-84.4088483403684,42.283646764745,1984-09-20,42.0
-84.4088483403684,42.283646764745,2021-11-11,226
-84.4088483403684,42.283646764745,2000-09-15,152
-84.4088483403684,42.283646764745,1994-04-24,171
-84.4088483403684,42.283646764745,2023-09-15,81.4
-84.4088483403684,42.283646764745,2000-04-17,82.0
-84.4088483403684,42.283646764745,2025-03-05,229
-84.4088483403684,42.283646764745,1996-05-26,164
-84.4088483403684,42.283646764745,1991-01-02,267
-84.4088483403684,42.283646764745,2015-05-20,76.5
-84.4088483403684,42.283646764745,1983-04-15,332
-84.4088483403684,42.283646764745,1992-05-07,186
-84.4088483403684,42.283646764745,2008-11-01,87.5
-84.4088483403684,42.283646764745,2025-04-16,176
-84.4088483403684,42.283646764745,1997-01-22,199
-84.4088483403684,42.283646764745,1993-12-04,183
-84.4088483403684,42.283646764745,2005-07-20,114
-84.4088483403684,42.283646764745,1999-05-06,171
-84.4088483403684,42.283646764745,1997-04-21,205
-84.4088483403684,42.283646764745,2004-11-16,109
-84.4088483403684,42.283646764745,2002-01-30,175
-84.4088483403684,42.283646764745,1988-11-03,82.0
-84.4088483403684,42.283646764745,2008-03-28,398
-84.4088483403684,42.283646764745,2023-05-13,104
-84.4088483403684,42.283646764745,1990-06-24,93.0
-84.4088483403684,42.283646764745,1993-12-25,129
-84.4088483403684,42.283646764745,1995-07-16,102
-84.4088483403684,42.283646764745,2005-03-19,207
-84.4088483403684,42.283646764745,1996-05-01,260
-84.4088483403684,42.283646764745,2010-11-16,60.5
-84.4088483403684,42.283646764745,2008-04-18,274
-84.4088483403684,42.283646764745,2007-01-24,187
-84.4088483403684,42.283646764745,2010-11-13,58.7
-84.4088483403684,42.283646764745,2011-04-12,305
-84.4088483403684,42.283646764745,2007-08-26,177
-84.4088483403684,42.283646764745,1989-02-02,177
-84.4088483403684,42.283646764745,1990-11-24,140
-84.4088483403684,42.283646764745,2002-09-06,45.0
-84.4088483403684,42.283646764745,1999-09-14,38.0
-84.4088483403684,42.283646764745,2022-09-10,57.6
-84.4088483403684,42.283646764745,1982-12-28,254
-84.4088483403684,42.283646764745,2018-01-09,82.5
-84.4088483403684,42.283646764745,1991-06-23,85.0
-84.4088483403684,42.283646764745,2004-09-14,56.7
-84.4088483403684,42.283646764745,2012-02-06,321
-84.4088483403684,42.283646764745,2025-02-28,136
-84.4088483403684,42.283646764745,2003-02-07,60.5
-84.4088483403684,42.283646764745,1980-04-21,227
-84.4088483403684,42.283646764745,1988-05-08,88.0
-84.4088483403684,42.283646764745,1989-03-07,131
-84.4088483403684,42.283646764745,1983-10-19,63.0
-84.4088483403684,42.283646764745,2004-07-05,83.5
-84.4088483403684,42.283646764745,2009-05-31,327
-84.4088483403684,42.283646764745,1979-04-15,200
-84.4088483403684,42.283646764745,1993-06-24,251
-84.4088483403684,42.283646764745,2003-06-30,50.3
-84.4088483403684,42.283646764745,2000-07-10,156
-84.4088483403684,42.283646764745,2018-05-10,200
-84.4088483403684,42.283646764745,2010-04-14,127
-84.4088483403684,42.283646764745,1995-04-28,200
-84.4088483403684,42.283646764745,2000-05-05,131
-84.4088483403684,42.283646764745,2009-04-30,416
-84.4088483403684,42.283646764745,1980-10-17,126
-84.4088483403684,42.283646764745,2011-11-23,166
-84.4088483403684,42.283646764745,2013-03-21,224
-84.4088483403684,42.283646764745,2007-03-13,298
-84.4088483403684,42.283646764745,1981-06-11,196
-84.4088483403684,42.283646764745,2025-12-18,101
-84.4088483403684,42.283646764745,2022-03-11,308
-84.4088483403684,42.283646764745,2023-08-10,83.7
-84.4088483403684,42.283646764745,2013-12-22,201
-84.4088483403684,42.283646764745,2016-07-08,189
-84.4088483403684,42.283646764745,1999-02-04,274
-84.4088483403684,42.283646764745,2000-02-05,61.0
-84.4088483403684,42.283646764745,1998-11-13,83.0
-84.4088483403684,42.283646764745,2002-06-19,74.0
-84.4088483403684,42.283646764745,2017-08-08,38.4
-84.4088483403684,42.283646764745,1993-04-10,343
-84.4088483403684,42.283646764745,2014-11-26,97.9
-84.4088483403684,42.283646764745,2018-03-23,129
-84.4088483403684,42.283646764745,2007-02-14,97.1
-84.4088483403684,42.283646764745,2003-11-08,149
-84.4088483403684,42.283646764745,1993-06-06,133
-84.4088483403684,42.283646764745,1997-11-29,84.0
-84.4088483403684,42.283646764745,1995-06-08,99.0
-84.4088483403684,42.283646764745,1993-05-22,90.0
-84.4088483403684,42.283646764745,1979-11-15,56.0
-84.4088483403684,42.283646764745,2025-01-26,86.0
-84.4088483403684,42.283646764745,2003-04-21,204
-84.4088483403684,42.283646764745,2014-04-10,410
-84.4088483403684,42.283646764745,1994-07-25,128
-84.4088483403684,42.283646764745,2009-10-18,94.5
-84.4088483403684,42.283646764745,1996-11-19,86.0
-84.4088483403684,42.283646764745,2002-09-27,46.0
-84.4088483403684,42.283646764745,1980-10-15,59.0
-84.4088483403684,42.283646764745,1996-07-03,83.0
-84.4088483403684,42.283646764745,1982-03-08,100
-84.4088483403684,42.283646764745,2000-02-16,68.0
-84.4088483403684,42.283646764745,1988-06-19,37.0
-84.4088483403684,42.283646764745,2021-05-03,86.9
-84.4088483403684,42.283646764745,1982-12-09,204
-84.4088483403684,42.283646764745,1998-05-04,431
-84.4088483403684,42.283646764745,2015-06-06,308
-84.4088483403684,42.283646764745,2018-08-21,73.1
-84.4088483403684,42.283646764745,2001-02-03,118
-84.4088483403684,42.283646764745,2002-02-27,256
-84.4088483403684,42.283646764745,2001-07-20,56.0
-84.4088483403684,42.283646764745,1997-02-24,427
-84.4088483403684,42.283646764745,1982-09-21,62.0
-84.4088483403684,42.283646764745,1992-11-13,343
-84.4088483403684,42.283646764745,2024-11-14,111
-84.4088483403684,42.283646764745,2014-09-30,64.5
-84.4088483403684,42.283646764745,2023-04-14,201
-84.4088483403684,42.283646764745,2017-01-09,84.0
-84.4088483403684,42.283646764745,2014-03-15,218
-84.4088483403684,42.283646764745,2011-07-10,59.6
-84.4088483403684,42.283646764745,1987-02-11,113
-84.4088483403684,42.283646764745,1993-07-01,231
-84.4088483403684,42.283646764745,2021-03-24,62.0
-84.4088483403684,42.283646764745,2006-03-15,418
-84.4088483403684,42.283646764745,1984-06-19,80.0
-84.4088483403684,42.283646764745,2024-01-27,431
-84.4088483403684,42.283646764745,1996-12-14,147
-84.4088483403684,42.283646764745,2021-02-20,68.0
-84.4088483403684,42.283646764745,1988-02-22,186
-84.4088483403684,42.283646764745,2001-05-21,308
-84.4088483403684,42.283646764745,2004-09-17,52.7
-84.4088483403684,42.283646764745,2011-04-08,325
-84.4088483403684,42.283646764745,2014-09-18,55.6
-84.4088483403684,42.283646764745,1989-03-21,190
-84.4088483403684,42.283646764745,2008-11-22,166
-84.4088483403684,42.283646764745,1979-03-15,243
-84.4088483403684,42.283646764745,1990-11-02,122
-84.4088483403684,42.283646764745,1987-09-24,91.0
-84.4088483403684,42.283646764745,1994-06-14,125
-84.4088483403684,42.283646764745,2011-11-05,107
-84.4088483403684,42.283646764745,2025-06-23,164
-84.4088483403684,42.283646764745,2010-12-13,69.9
-84.4088483403684,42.283646764745,2025-06-15,114
-84.4088483403684,42.283646764745,1984-12-21,102
-84.4088483403684,42.283646764745,1983-10-18,67.0
-84.4088483403684,42.283646764745,2004-11-19,122
-84.4088483403684,42.283646764745,1986-01-03,73.0
-84.4088483403684,42.283646764745,1984-05-27,378
-84.4088483403684,42.283646764745,2023-05-22,79.6
-84.4088483403684,42.283646764745,2017-03-13,144
-84.4088483403684,42.283646764745,2000-04-25,317
-84.4088483403684,42.283646764745,1990-09-07,151
-84.4088483403684,42.283646764745,2009-11-16,89.8
-84.4088483403684,42.283646764745,2000-12-26,120
-84.4088483403684,42.283646764745,2016-03-08,247
-84.4088483403684,42.283646764745,2023-06-25,53.4
-84.4088483403684,42.283646764745,2014-06-28,110
-84.4088483403684,42.283646764745,2024-12-13,93.7
-84.4088483403684,42.283646764745,2020-06-03,234
-84.4088483403684,42.283646764745,1984-10-13,51.0
-84.4088483403684,42.283646764745,1993-11-13,144
-84.4088483403684,42.283646764745,2000-12-04,202
-84.4088483403684,42.283646764745,2024-03-08,154
-84.4088483403684,42.283646764745,2016-10-08,60.6
-84.4088483403684,42.283646764745,2010-04-05,136
-84.4088483403684,42.283646764745,2009-06-26,263
-84.4088483403684,42.283646764745,1981-01-12,72.0
-84.4088483403684,42.283646764745,2015-02-25,66.4
-84.4088483403684,42.283646764745,2022-01-24,107
-84.4088483403684,42.283646764745,2011-07-06,70.8
-84.4088483403684,42.283646764745,2021-09-29,132
-84.4088483403684,42.283646764745,1989-03-25,215
-84.4088483403684,42.283646764745,1981-03-21,152
-84.4088483403684,42.283646764745,1985-12-08,184
-84.4088483403684,42.283646764745,2000-12-10,101
-84.4088483403684,42.283646764745,2026-07-21,69.8
-84.4088483403684,42.283646764745,1988-03-12,201
-84.4088483403684,42.283646764745,1994-03-20,185
-84.4088483403684,42.283646764745,2000-03-27,104
-84.4088483403684,42.283646764745,2004-06-09,118
-84.4088483403684,42.283646764745,2024-06-29,285
-84.4088483403684,42.283646764745,2013-01-20,183
-84.4088483403684,42.283646764745,2021-03-15,112
-84.4088483403684,42.283646764745,1979-02-02,137
-84.4088483403684,42.283646764745,1986-11-19,74.0
-84.4088483403684,42.283646764745,2015-12-16,63.0
-84.4088483403684,42.283646764745,2004-01-30,70.3
-84.4088483403684,42.283646764745,1985-03-29,332
-84.4088483403684,42.283646764745,1983-04-11,308
-84.4088483403684,42.283646764745,2001-05-01,129
-84.4088483403684,42.283646764745,1997-12-12,140
-84.4088483403684,42.283646764745,1996-06-01,89.0
-84.4088483403684,42.283646764745,2002-04-14,261
-84.4088483403684,42.283646764745,2021-03-27,134
-84.4088483403684,42.283646764745,1986-02-27,203
-84.4088483403684,42.283646764745,1988-12-26,142
-84.4088483403684,42.283646764745,2016-12-07,166
-84.4088483403684,42.283646764745,2005-12-15,67.5
-84.4088483403684,42.283646764745,2014-04-20,156
-84.4088483403684,42.283646764745,1979-07-03,116
-84.4088483403684,42.283646764745,2022-08-17,73.6
-84.4088483403684,42.283646764745,1992-05-05,217
-84.4088483403684,42.283646764745,1990-09-09,77.0
-84.4088483403684,42.283646764745,1991-02-11,197
-84.4088483403684,42.283646764745,2011-05-31,457
-84.4088483403684,42.283646764745,1995-05-05,123
-84.4088483403684,42.283646764745,1997-01-19,97.0
-84.4088483403684,42.283646764745,2016-03-27,165
-84.4088483403684,42.283646764745,2014-08-14,44.3
-84.4088483403684,42.283646764745,2020-07-09,85.4
-84.4088483403684,42.283646764745,1994-10-02,76.0
-84.4088483403684,42.283646764745,2013-01-04,57.2
-84.4088483403684,42.283646764745,2011-08-06,167
-84.4088483403684,42.283646764745,1995-09-01,87.0
-84.4088483403684,42.283646764745,2007-10-31,71.0
-84.4088483403684,42.283646764745,1999-08-06,63.0
-84.4088483403684,42.283646764745,1981-04-25,276
-84.4088483403684,42.283646764745,2019-07-29,111
-84.4088483403684,42.283646764745,1983-08-13,158
-84.4088483403684,42.283646764745,1999-04-25,342
-84.4088483403684,42.283646764745,2005-10-30,40.8
-84.4088483403684,42.283646764745,2009-01-12,141
-84.4088483403684,42.283646764745,2013-05-31,94.4
-84.4088483403684,42.283646764745,2020-02-03,284
-84.4088483403684,42.283646764745,1982-05-09,136
-84.4088483403684,42.283646764745,2018-04-10,178
-84.4088483403684,42.283646764745,1984-06-25,59.0
-84.4088483403684,42.283646764745,2003-06-27,49.7
-84.4088483403684,42.283646764745,1998-09-14,56.0
-84.4088483403684,42.283646764745,2020-07-21,84.5
-84.4088483403684,42.283646764745,2000-08-07,161
-84.4088483403684,42.283646764745,2006-12-09,255
-84.4088483403684,42.283646764745,1991-11-09,97.0
-84.4088483403684,42.283646764745,2004-02-27,98.1
-84.4088483403684,42.283646764745,2020-03-16,157
-84.4088483403684,42.283646764745,2022-12-23,50.8
-84.4088483403684,42.283646764745,1989-08-13,117
-84.4088483403684,42.283646764745,1999-02-28,107
-84.4088483403684,42.283646764745,2022-01-02,250
-84.4088483403684,42.283646764745,1996-08-05,62.0
-84.4088483403684,42.283646764745,2011-10-28,276
-84.4088483403684,42.283646764745,1987-04-21,119
-84.4088483403684,42.283646764745,2025-11-13,64.2
-84.4088483403684,42.283646764745,1986-02-06,191
-84.4088483403684,42.283646764745,1991-07-11,65.0
-84.4088483403684,42.283646764745,1999-11-18,51.0
-84.4088483403684,42.283646764745,1991-09-02,69.0
-84.4088483403684,42.283646764745,2000-01-11,118
-84.4088483403684,42.283646764745,2016-07-25,40.4
-84.4088483403684,42.283646764745,1993-07-08,127
-84.4088483403684,42.283646764745,2013-05-23,70.3
-84.4088483403684,42.283646764745,1983-01-13,167
-84.4088483403684,42.283646764745,2002-10-10,41.2
-84.4088483403684,42.283646764745,2015-04-20,110
-84.4088483403684,42.283646764745,1990-01-28,194
-84.4088483403684,42.283646764745,1995-08-21,202
-84.4088483403684,42.283646764745,2005-09-14,41.8
-84.4088483403684,42.283646764745,1987-10-17,54.0
-84.4088483403684,42.283646764745,1993-05-15,159
-84.4088483403684,42.283646764745,1992-01-03,122
-84.4088483403684,42.283646764745,2020-05-04,169
-84.4088483403684,42.283646764745,2015-01-21,78.3
-84.4088483403684,42.283646764745,1985-03-10,370
-84.4088483403684,42.283646764745,2017-02-07,254
-84.4088483403684,42.283646764745,1994-04-28,190
-84.4088483403684,42.283646764745,1998-06-19,194
-84.4088483403684,42.283646764745,2004-11-30,197
-84.4088483403684,42.283646764745,1998-02-01,206
-84.4088483403684,42.283646764745,2003-02-27,60.2
-84.4088483403684,42.283646764745,1987-03-09,176
-84.4088483403684,42.283646764745,1982-11-21,189
-84.4088483403684,42.283646764745,1993-08-23,60.0
-84.4088483403684,42.283646764745,1979-03-04,231
-84.4088483403684,42.283646764745,1987-06-25,48.0
-84.4088483403684,42.283646764745,2002-03-18,266
-84.4088483403684,42.283646764745,1995-11-05,168
-84.4088483403684,42.283646764745,2011-08-21,86.9
-84.4088483403684,42.283646764745,1995-11-27,174
-84.4088483403684,42.283646764745,1998-03-06,233
-84.4088483403684,42.283646764745,2015-12-04,144
-84.4088483403684,42.283646764745,2022-10-27,68.4
-84.4088483403684,42.283646764745,2015-12-08,127
-84.4088483403684,42.283646764745,2007-10-05,63.6
-84.4088483403684,42.283646764745,2026-03-15,275
-84.4088483403684,42.283646764745,2013-04-27,467
-84.4088483403684,42.283646764745,2026-05-31,97.4
-84.4088483403684,42.283646764745,1999-09-07,42.0
-84.4088483403684,42.283646764745,1997-05-20,195
-84.4088483403684,42.283646764745,1997-03-24,236
-84.4088483403684,42.283646764745,2017-02-14,260
-84.4088483403684,42.283646764745,2020-07-17,89.8
-84.4088483403684,42.283646764745,2003-02-14,54.6
-84.4088483403684,42.283646764745,1981-02-14,143
-84.4088483403684,42.283646764745,1990-09-15,90.0
-84.4088483403684,42.283646764745,1984-12-23,85.0
-84.4088483403684,42.283646764745,2024-01-05,111
-84.4088483403684,42.283646764745,2019-03-27,129
-84.4088483403684,42.283646764745,2018-02-21,617
-84.4088483403684,42.283646764745,1986-06-12,123
-84.4088483403684,42.283646764745,2017-01-08,82.2
-84.4088483403684,42.283646764745,2009-01-13,141
-84.4088483403684,42.283646764745,1986-07-16,132
-84.4088483403684,42.283646764745,2000-04-04,80.0
-84.4088483403684,42.283646764745,1980-01-08,76.0
-84.4088483403684,42.283646764745,2025-03-02,153
-84.4088483403684,42.283646764745,2024-04-24,184
-84.4088483403684,42.283646764745,2024-04-02,230
-84.4088483403684,42.283646764745,2001-08-04,49.0
-84.4088483403684,42.283646764745,1991-01-26,190
-84.4088483403684,42.283646764745,1988-07-20,32.0
-84.4088483403684,42.283646764745,1999-10-08,55.0
-84.4088483403684,42.283646764745,2006-04-01,198
-84.4088483403684,42.283646764745,2018-05-09,159
-84.4088483403684,42.283646764745,1998-03-31,370
-84.4088483403684,42.283646764745,1995-09-28,58.0
-84.4088483403684,42.283646764745,1982-03-01,110
-84.4088483403684,42.283646764745,2020-12-11,154
-84.4088483403684,42.283646764745,2017-07-15,59.6
-84.4088483403684,42.283646764745,2019-07-16,72.7
-84.4088483403684,42.283646764745,2007-11-22,180
-84.4088483403684,42.283646764745,1989-06-08,523
-84.4088483403684,42.283646764745,1984-03-27,403
-84.4088483403684,42.283646764745,1989-05-27,153
-84.4088483403684,42.283646764745,2018-02-04,105
-84.4088483403684,42.283646764745,2015-08-29,49.6
-84.4088483403684,42.283646764745,2022-12-02,69.5
-84.4088483403684,42.283646764745,2013-10-19,55.8
-84.4088483403684,42.283646764745,1985-08-22,50.0
-84.4088483403684,42.283646764745,1981-01-10,76.0
-84.4088483403684,42.283646764745,1985-06-29,54.0
-84.4088483403684,42.283646764745,1987-10-24,81.0
-84.4088483403684,42.283646764745,1990-07-14,86.0
-84.4088483403684,42.283646764745,1980-02-28,137
-84.4088483403684,42.283646764745,2008-01-02,165
-84.4088483403684,42.283646764745,2020-01-24,341
-84.4088483403684,42.283646764745,2022-08-24,76.7
-84.4088483403684,42.283646764745,1984-10-18,52.0
-84.4088483403684,42.283646764745,1990-12-18,163
-84.4088483403684,42.283646764745,2026-07-05,336
-84.4088483403684,42.283646764745,2016-10-30,133
-84.4088483403684,42.283646764745,1982-06-19,180
-84.4088483403684,42.283646764745,2011-05-11,229
-84.4088483403684,42.283646764745,2019-07-14,73.5
-84.4088483403684,42.283646764745,2024-09-30,68.0
-84.4088483403684,42.283646764745,2016-04-26,143
-84.4088483403684,42.283646764745,1996-03-28,195
-84.4088483403684,42.283646764745,1993-09-05,144
-84.4088483403684,42.283646764745,2009-10-06,136
-84.4088483403684,42.283646764745,2017-04-15,410
-84.4088483403684,42.283646764745,2006-04-03,214
-84.4088483403684,42.283646764745,2018-01-04,84.0
-84.4088483403684,42.283646764745,2002-07-27,79.0
-84.4088483403684,42.283646764745,1989-10-29,102
-84.4088483403684,42.283646764745,1986-11-16,66.0
-84.4088483403684,42.283646764745,1980-11-15,129
-84.4088483403684,42.283646764745,2022-08-08,89.1
-84.4088483403684,42.283646764745,2003-11-22,99.3
-84.4088483403684,42.283646764745,2003-11-10,143
-84.4088483403684,42.283646764745,1981-07-31,265
-84.4088483403684,42.283646764745,1992-11-28,336
-84.4088483403684,42.283646764745,1995-12-07,96.0
-84.4088483403684,42.283646764745,1990-09-22,109
-84.4088483403684,42.283646764745,2009-08-28,126
-84.4088483403684,42.283646764745,2024-12-09,93.6
-84.4088483403684,42.283646764745,2017-11-16,103
-84.4088483403684,42.283646764745,2007-08-04,38.4
-84.4088483403684,42.283646764745,1986-06-11,125
-84.4088483403684,42.283646764745,1981-04-08,177
-84.4088483403684,42.283646764745,2007-11-01,70.1
-84.4088483403684,42.283646764745,1985-11-08,73.0
-84.4088483403684,42.283646764745,2020-07-16,104
-84.4088483403684,42.283646764745,2012-09-24,39.0
-84.4088483403684,42.283646764745,2012-07-01,42.9
-84.4088483403684,42.283646764745,2015-12-11,117
-84.4088483403684,42.283646764745,2023-12-09,138
-84.4088483403684,42.283646764745,1990-07-20,87.0
-84.4088483403684,42.283646764745,2011-12-12,425
-84.4088483403684,42.283646764745,2015-02-12,75.3
-84.4088483403684,42.283646764745,1999-01-24,305
-84.4088483403684,42.283646764745,1991-11-05,149
-84.4088483403684,42.283646764745,2013-05-26,62.7
-84.4088483403684,42.283646764745,2025-10-15,41.8
-84.4088483403684,42.283646764745,2020-10-17,50.1
-84.4088483403684,42.283646764745,1999-05-16,89.0
-84.4088483403684,42.283646764745,1998-08-08,138
-84.4088483403684,42.283646764745,1981-01-28,78.0
-84.4088483403684,42.283646764745,2016-01-16,103
-84.4088483403684,42.283646764745,1995-09-29,61.0
-84.4088483403684,42.283646764745,2023-02-09,143
-84.4088483403684,42.283646764745,1985-04-06,446
-84.4088483403684,42.283646764745,2016-03-04,264
-84.4088483403684,42.283646764745,1995-06-24,62.0
-84.4088483403684,42.283646764745,2016-01-06,149
-84.4088483403684,42.283646764745,2022-01-30,100
-84.4088483403684,42.283646764745,2006-11-21,257
-84.4088483403684,42.283646764745,1986-06-08,164
-84.4088483403684,42.283646764745,1983-08-07,96.0
-84.4088483403684,42.283646764745,1981-12-01,165
-84.4088483403684,42.283646764745,2000-07-24,70.0
-84.4088483403684,42.283646764745,1999-04-04,162
-84.4088483403684,42.283646764745,1982-10-15,55.0
-84.4088483403684,42.283646764745,2002-04-08,266
-84.4088483403684,42.283646764745,2026-04-09,283
-84.4088483403684,42.283646764745,1997-06-24,191
-84.4088483403684,42.283646764745,1987-01-23,110
-84.4088483403684,42.283646764745,2016-05-13,194
-84.4088483403684,42.283646764745,2011-05-17,292
-84.4088483403684,42.283646764745,1997-02-14,112
-84.4088483403684,42.283646764745,1984-03-06,148
-84.4088483403684,42.283646764745,2014-08-01,49.1
-84.4088483403684,42.283646764745,2008-01-16,514
-84.4088483403684,42.283646764745,2024-12-04,86.9
-84.4088483403684,42.283646764745,2010-12-28,77.3
-84.4088483403684,42.283646764745,1983-05-09,459
-84.4088483403684,42.283646764745,2025-11-06,55.7
-84.4088483403684,42.283646764745,1982-02-16,153
-84.4088483403684,42.283646764745,1998-05-26,98.0
-84.4088483403684,42.283646764745,2022-11-29,73.8
-84.4088483403684,42.283646764745,1979-10-18,43.0
-84.4088483403684,42.283646764745,1996-07-25,63.0
-84.4088483403684,42.283646764745,1984-01-27,131
-84.4088483403684,42.283646764745,1999-01-28,348
-84.4088483403684,42.283646764745,1999-05-30,93.0
-84.4088483403684,42.283646764745,2006-01-03,186
-84.4088483403684,42.283646764745,1981-06-19,222
-84.4088483403684,42.283646764745,1989-04-29,158
-84.4088483403684,42.283646764745,2020-12-25,81.6
-84.4088483403684,42.283646764745,2012-04-11,121
-84.4088483403684,42.283646764745,2010-02-07,90.3
-84.4088483403684,42.283646764745,2004-03-11,250
-84.4088483403684,42.283646764745,1984-10-03,49.0
-84.4088483403684,42.283646764745,1997-05-24,125
-84.4088483403684,42.283646764745,2005-09-21,48.5
-84.4088483403684,42.283646764745,2005-08-12,83.7
-84.4088483403684,42.283646764745,1991-11-10,89.0
-84.4088483403684,42.283646764745,2004-09-11,55.0
-84.4088483403684,42.283646764745,2020-07-07,84.2
-84.4088483403684,42.283646764745,2024-04-01,138
-84.4088483403684,42.283646764745,2008-12-17,157
-84.4088483403684,42.283646764745,1999-12-08,187
-84.4088483403684,42.283646764745,1997-04-19,203
-84.4088483403684,42.283646764745,1980-10-14,59.0
-84.4088483403684,42.283646764745,2001-04-11,176
-84.4088483403684,42.283646764745,2026-07-15,94.2
-84.4088483403684,42.283646764745,1999-11-10,48.0
-84.4088483403684,42.283646764745,2000-01-27,60.0
-84.4088483403684,42.283646764745,2026-09-23,135
-84.4088483403684,42.283646764745,1994-08-30,77.0
-84.4088483403684,42.283646764745,1999-07-29,62.0
-84.4088483403684,42.283646764745,2005-08-24,62.7
-84.4088483403684,42.283646764745,2013-01-03,54.3
-84.4088483403684,42.283646764745,1989-12-14,91.0
-84.4088483403684,42.283646764745,2026-05-20,99.1
-84.4088483403684,42.283646764745,1981-12-17,104
-84.4088483403684,42.283646764745,2007-06-17,100
-84.4088483403684,42.283646764745,1998-09-28,55.0
-84.4088483403684,42.283646764745,2013-06-26,186
-84.4088483403684,42.283646764745,1979-09-06,47.0
-84.4088483403684,42.283646764745,2008-02-29,215
-84.4088483403684,42.283646764745,2023-06-13,55.2
-84.4088483403684,42.283646764745,2012-10-14,93.4
-84.4088483403684,42.283646764745,2017-09-27,30.7
-84.4088483403684,42.283646764745,2013-08-18,79.8
-84.4088483403684,42.283646764745,2008-02-15,308
-84.4088483403684,42.283646764745,1999-01-03,59.0
-84.4088483403684,42.283646764745,1996-03-21,232
-84.4088483403684,42.283646764745,2025-08-14,58.6
-84.4088483403684,42.283646764745,2014-05-18,245
-84.4088483403684,42.283646764745,2001-06-30,83.0
-84.4088483403684,42.283646764745,2025-12-27,96.3
-84.4088483403684,42.283646764745,1979-11-18,42.0
-84.4088483403684,42.283646764745,1996-05-08,202
-84.4088483403684,42.283646764745,2020-12-19,88.3
-84.4088483403684,42.283646764745,2024-05-16,147
-84.4088483403684,42.283646764745,2000-01-13,117
-84.4088483403684,42.283646764745,2020-02-23,121
-84.4088483403684,42.283646764745,2001-10-05,151
-84.4088483403684,42.283646764745,2021-05-04,96.2
-84.4088483403684,42.283646764745,2025-06-10,189
-84.4088483403684,42.283646764745,2009-05-12,181
-84.4088483403684,42.283646764745,1991-08-05,58.0
-84.4088483403684,42.283646764745,1987-10-08,56.0
-84.4088483403684,42.283646764745,1979-07-11,123
-84.4088483403684,42.283646764745,2023-04-24,146
-84.4088483403684,42.283646764745,2009-11-28,202
-84.4088483403684,42.283646764745,2003-08-15,83.1
-84.4088483403684,42.283646764745,2007-04-22,136
-84.4088483403684,42.283646764745,1980-09-25,105
-84.4088483403684,42.283646764745,2009-04-20,420
-84.4088483403684,42.283646764745,2021-09-23,250
-84.4088483403684,42.283646764745,2007-03-09,193
-84.4088483403684,42.283646764745,2010-05-18,343
-84.4088483403684,42.283646764745,1988-06-16,45.0
-84.4088483403684,42.283646764745,2025-02-06,111
-84.4088483403684,42.283646764745,2004-04-24,75.2
-84.4088483403684,42.283646764745,2022-02-10,129
-84.4088483403684,42.283646764745,1986-11-02,144
-84.4088483403684,42.283646764745,2014-09-06,49.5
-84.4088483403684,42.283646764745,2006-03-07,105
-84.4088483403684,42.283646764745,2011-04-17,202
-84.4088483403684,42.283646764745,1995-07-31,72.0
-84.4088483403684,42.283646764745,1979-03-18,201
-84.4088483403684,42.283646764745,2022-09-02,68.0
-84.4088483403684,42.283646764745,2011-08-05,236
-84.4088483403684,42.283646764745,2005-08-30,57.4
-84.4088483403684,42.283646764745,1990-08-07,64.0
-84.4088483403684,42.283646764745,1981-06-29,101
-84.4088483403684,42.283646764745,1989-05-30,206
-84.4088483403684,42.283646764745,2006-08-08,84.8
-84.4088483403684,42.283646764745,2023-02-14,135
-84.4088483403684,42.283646764745,2016-08-05,34.8
-84.4088483403684,42.283646764745,2009-01-09,142
-84.4088483403684,42.283646764745,2025-07-03,82.3
-84.4088483403684,42.283646764745,1998-12-04,85.0
-84.4088483403684,42.283646764745,2011-03-22,356
-84.4088483403684,42.283646764745,1982-08-10,63.0
-84.4088483403684,42.283646764745,2005-08-15,69.6
-84.4088483403684,42.283646764745,2026-01-29,86.9
-84.4088483403684,42.283646764745,1997-12-18,78.0
-84.4088483403684,42.283646764745,1985-09-18,61.0
-84.4088483403684,42.283646764745,2008-12-12,166
-84.4088483403684,42.283646764745,2010-08-18,92.9
-84.4088483403684,42.283646764745,2024-04-23,192
-84.4088483403684,42.283646764745,1990-02-11,212
-84.4088483403684,42.283646764745,2022-03-29,359
-84.4088483403684,42.283646764745,2002-02-08,271
-84.4088483403684,42.283646764745,2004-11-06,147
-84.4088483403684,42.283646764745,1981-07-12,60.0
-84.4088483403684,42.283646764745,1979-09-26,42.0
-84.4088483403684,42.283646764745,2002-10-07,46.9
-84.4088483403684,42.283646764745,2025-10-09,46.6
-84.4088483403684,42.283646764745,2007-02-19,143
-84.4088483403684,42.283646764745,2001-09-01,61.0
-84.4088483403684,42.283646764745,2009-09-18,82.9
-84.4088483403684,42.283646764745,2022-08-28,72.6
-84.4088483403684,42.283646764745,1993-10-19,241
-84.4088483403684,42.283646764745,2013-04-25,497
-84.4088483403684,42.283646764745,1980-05-27,84.0
-84.4088483403684,42.283646764745,1993-07-20,255
-84.4088483403684,42.283646764745,2017-10-16,133
-84.4088483403684,42.283646764745,1986-05-11,115
-84.4088483403684,42.283646764745,2025-01-28,85.9
-84.4088483403684,42.283646764745,2013-12-17,65.8
-84.4088483403684,42.283646764745,1990-09-30,115
-84.4088483403684,42.283646764745,1981-10-09,229
-84.4088483403684,42.283646764745,2017-04-08,476
-84.4088483403684,42.283646764745,2023-11-26,107
-84.4088483403684,42.283646764745,2000-06-17,172
-84.4088483403684,42.283646764745,2019-05-28,212
-84.4088483403684,42.283646764745,1982-03-30,519
-84.4088483403684,42.283646764745,1984-03-28,379
-84.4088483403684,42.283646764745,2019-03-20,252
-84.4088483403684,42.283646764745,2024-08-17,142
-84.4088483403684,42.283646764745,2024-09-07,69.7
-84.4088483403684,42.283646764745,2023-01-07,143
-84.4088483403684,42.283646764745,1981-12-21,81.0
-84.4088483403684,42.283646764745,2021-03-22,62.7
-84.4088483403684,42.283646764745,1990-11-08,215
-84.4088483403684,42.283646764745,1983-07-25,135
-84.4088483403684,42.283646764745,2003-01-30,53.6
-84.4088483403684,42.283646764745,2013-09-10,105
-84.4088483403684,42.283646764745,2010-12-14,93.2
-84.4088483403684,42.283646764745,2013-07-14,65.8
-84.4088483403684,42.283646764745,2009-03-30,283
-84.4088483403684,42.283646764745,2024-12-23,97.3
-84.4088483403684,42.283646764745,1987-08-05,36.0
-84.4088483403684,42.283646764745,2024-02-22,126
-84.4088483403684,42.283646764745,1991-10-06,98.0
-84.4088483403684,42.283646764745,2004-08-07,115
-84.4088483403684,42.283646764745,2018-04-25,247
-84.4088483403684,42.283646764745,1993-02-22,165
-84.4088483403684,42.283646764745,1987-07-29,33.0
-84.4088483403684,42.283646764745,1981-05-03,205
-84.4088483403684,42.283646764745,1987-01-20,104
-84.4088483403684,42.283646764745,1998-02-22,386
-84.4088483403684,42.283646764745,2002-06-30,57.0
-84.4088483403684,42.283646764745,2008-08-25,44.8
-84.4088483403684,42.283646764745,2001-05-08,120
-84.4088483403684,42.283646764745,1987-11-24,77.0
-84.4088483403684,42.283646764745,2018-01-27,126
-84.4088483403684,42.283646764745,2016-11-04,190
-84.4088483403684,42.283646764745,2010-09-24,114
-84.4088483403684,42.283646764745,1982-06-02,242
-84.4088483403684,42.283646764745,2010-08-30,65.7
-84.4088483403684,42.283646764745,1990-12-17,165
-84.4088483403684,42.283646764745,2001-06-15,152
-84.4088483403684,42.283646764745,1992-12-17,245
-84.4088483403684,42.283646764745,2023-11-03,94.4
-84.4088483403684,42.283646764745,1985-12-17,103
-84.4088483403684,42.283646764745,1988-07-18,36.0
-84.4088483403684,42.283646764745,1983-03-30,259
-84.4088483403684,42.283646764745,2021-02-02,68.0
-84.4088483403684,42.283646764745,2014-08-20,62.9
-84.4088483403684,42.283646764745,1982-03-18,526
-84.4088483403684,42.283646764745,2019-10-11,140
-84.4088483403684,42.283646764745,1996-10-04,97.0
-84.4088483403684,42.283646764745,1991-07-29,70.0
-84.4088483403684,42.283646764745,2016-02-14,79.8
-84.4088483403684,42.283646764745,2011-10-12,79.6
-84.4088483403684,42.283646764745,1993-01-21,295
-84.4088483403684,42.283646764745,1985-06-30,48.0
-84.4088483403684,42.283646764745,1995-02-11,95.0
-84.4088483403684,42.283646764745,1996-12-01,104
-84.4088483403684,42.283646764745,2014-01-23,156
-84.4088483403684,42.283646764745,1988-04-09,270
-84.4088483403684,42.283646764745,1990-10-22,273
-84.4088483403684,42.283646764745,1994-05-26,118
-84.4088483403684,42.283646764745,1996-12-23,156
-84.4088483403684,42.283646764745,1982-08-18,55.0
-84.4088483403684,42.283646764745,1987-07-25,31.0
-84.4088483403684,42.283646764745,1996-11-06,91.0
-84.4088483403684,42.283646764745,2004-01-19,74.6
-84.4088483403684,42.283646764745,2012-09-17,38.8
-84.4088483403684,42.283646764745,1984-01-16,136
-84.4088483403684,42.283646764745,1988-05-10,93.0
-84.4088483403684,42.283646764745,1983-01-02,188
-84.4088483403684,42.283646764745,1981-05-21,236
-84.4088483403684,42.283646764745,1996-08-12,54.0
-84.4088483403684,42.283646764745,2025-06-02,94.3
-84.4088483403684,42.283646764745,2022-10-08,50.7
-84.4088483403684,42.283646764745,1980-04-06,313
-84.4088483403684,42.283646764745,2013-07-16,68.7
-84.4088483403684,42.283646764745,1981-05-28,236
-84.4088483403684,42.283646764745,2010-09-10,59.2
-84.4088483403684,42.283646764745,1985-01-05,313
-84.4088483403684,42.283646764745,1987-02-23,109
-84.4088483403684,42.283646764745,2014-05-27,183
-84.4088483403684,42.283646764745,1983-10-15,126
-84.4088483403684,42.283646764745,2000-01-03,76.0
-84.4088483403684,42.283646764745,2016-12-31,99.8
-84.4088483403684,42.283646764745,1979-10-29,42.0
-84.4088483403684,42.283646764745,2019-08-09,64.8
-84.4088483403684,42.283646764745,2004-08-14,73.5
-84.4088483403684,42.283646764745,2003-09-28,85.8
-84.4088483403684,42.283646764745,2000-01-01,55.0
-84.4088483403684,42.283646764745,1987-12-30,163
-84.4088483403684,42.283646764745,1989-11-23,193
-84.4088483403684,42.283646764745,2025-07-01,88.4
-84.4088483403684,42.283646764745,2015-08-30,50.3
-84.4088483403684,42.283646764745,2012-08-01,31.0
-84.4088483403684,42.283646764745,1999-10-18,48.0
-84.4088483403684,42.283646764745,2008-08-08,57.5
-84.4088483403684,42.283646764745,1981-10-08,229
-84.4088483403684,42.283646764745,1995-01-25,282
-84.4088483403684,42.283646764745,2006-01-14,195
-84.4088483403684,42.283646764745,2018-05-30,316
-84.4088483403684,42.283646764745,2004-07-20,122
-84.4088483403684,42.283646764745,2005-11-16,83.7
-84.4088483403684,42.283646764745,2018-02-18,115
-84.4088483403684,42.283646764745,2001-12-31,120
-84.4088483403684,42.283646764745,2019-11-13,234
-84.4088483403684,42.283646764745,1991-12-10,172
-84.4088483403684,42.283646764745,2026-01-26,86.7
-84.4088483403684,42.283646764745,1997-04-20,195
-84.4088483403684,42.283646764745,2010-01-30,123
-84.4088483403684,42.283646764745,1993-05-14,172
-84.4088483403684,42.283646764745,1994-07-11,163
-84.4088483403684,42.283646764745,2004-01-02,123
-84.4088483403684,42.283646764745,2001-04-08,215
-84.4088483403684,42.283646764745,2002-07-11,50.0
-84.4088483403684,42.283646764745,2013-07-08,78.7
-84.4088483403684,42.283646764745,1997-12-13,115
-84.4088483403684,42.283646764745,1997-12-07,105
-84.4088483403684,42.283646764745,1994-10-09,120
-84.4088483403684,42.283646764745,1988-03-11,184
-84.4088483403684,42.283646764745,2014-08-25,54.3
-84.4088483403684,42.283646764745,2005-07-13,55.3
-84.4088483403684,42.283646764745,2008-05-03,119
-84.4088483403684,42.283646764745,2007-03-03,279
-84.4088483403684,42.283646764745,2015-05-18,126
-84.4088483403684,42.283646764745,2000-01-20,64.0
-84.4088483403684,42.283646764745,2017-10-15,146
-84.4088483403684,42.283646764745,1983-04-09,310
-84.4088483403684,42.283646764745,1998-01-09,476
-84.4088483403684,42.283646764745,2006-11-03,146
-84.4088483403684,42.283646764745,2022-09-18,51.6
-84.4088483403684,42.283646764745,1991-01-20,275
-84.4088483403684,42.283646764745,2008-03-16,281
-84.4088483403684,42.283646764745,1991-08-11,85.0
-84.4088483403684,42.283646764745,2008-03-26,369
-84.4088483403684,42.283646764745,2011-06-08,216
-84.4088483403684,42.283646764745,1980-12-04,101
-84.4088483403684,42.283646764745,1997-01-31,151
-84.4088483403684,42.283646764745,2016-08-29,50.8
-84.4088483403684,42.283646764745,2012-04-06,157
-84.4088483403684,42.283646764745,2023-07-25,58.9
-84.4088483403684,42.283646764745,2001-01-04,122
-84.4088483403684,42.283646764745,2012-09-22,51.6
-84.4088483403684,42.283646764745,1990-12-11,177
-84.4088483403684,42.283646764745,1995-04-09,245
-84.4088483403684,42.283646764745,2014-07-27,57.1
-84.4088483403684,42.283646764745,2016-04-02,206
-84.4088483403684,42.283646764745,1993-01-02,223
-84.4088483403684,42.283646764745,1996-12-15,152
-84.4088483403684,42.283646764745,2026-01-17,107
-84.4088483403684,42.283646764745,2013-11-01,115
-84.4088483403684,42.283646764745,1992-01-26,134
-84.4088483403684,42.283646764745,2022-10-20,53.2
-84.4088483403684,42.283646764745,1996-10-25,79.0
-84.4088483403684,42.283646764745,2008-05-08,158
-84.4088483403684,42.283646764745,1988-09-28,146
-84.4088483403684,42.283646764745,1988-06-05,43.0
-84.4088483403684,42.283646764745,1985-11-19,260
-84.4088483403684,42.283646764745,2025-08-19,60.5
-84.4088483403684,42.283646764745,1999-08-20,53.0
-84.4088483403684,42.283646764745,1990-09-10,80.0
-84.4088483403684,42.283646764745,1982-12-06,212
-84.4088483403684,42.283646764745,1988-05-24,67.0
-84.4088483403684,42.283646764745,1997-09-16,81.0
-84.4088483403684,42.283646764745,2003-10-24,70.0
-84.4088483403684,42.283646764745,2019-08-26,67.5
-84.4088483403684,42.283646764745,2004-08-25,75.9
-84.4088483403684,42.283646764745,1992-02-16,127
-84.4088483403684,42.283646764745,2014-06-17,78.9
-84.4088483403684,42.283646764745,2017-07-03,77.7
-84.4088483403684,42.283646764745,1995-06-09,76.0
-84.4088483403684,42.283646764745,2010-02-20,93.5
-84.4088483403684,42.283646764745,2012-05-16,90.3
-84.4088483403684,42.283646764745,1992-06-22,107
-84.4088483403684,42.283646764745,2010-08-17,90.6
-84.4088483403684,42.283646764745,2025-01-25,87.5
-84.4088483403684,42.283646764745,1991-08-08,75.0
-84.4088483403684,42.283646764745,1985-06-15,136
-84.4088483403684,42.283646764745,1996-03-27,194
-84.4088483403684,42.283646764745,1988-04-28,167
-84.4088483403684,42.283646764745,2001-02-18,367
-84.4088483403684,42.283646764745,1987-09-13,57.0
-84.4088483403684,42.283646764745,1987-12-02,173
-84.4088483403684,42.283646764745,1986-01-09,77.0
-84.4088483403684,42.283646764745,2001-01-30,138
-84.4088483403684,42.283646764745,1979-08-09,132
-84.4088483403684,42.283646764745,1982-12-04,213
-84.4088483403684,42.283646764745,1999-03-29,112
-84.4088483403684,42.283646764745,2008-03-12,253
-84.4088483403684,42.283646764745,2024-05-21,117
-84.4088483403684,42.283646764745,2022-06-26,97.4
-84.4088483403684,42.283646764745,1995-01-27,262
-84.4088483403684,42.283646764745,1998-03-12,414
-84.4088483403684,42.283646764745,2016-06-04,65.4
-84.4088483403684,42.283646764745,1999-09-18,33.0
-84.4088483403684,42.283646764745,2021-07-23,94.8
-84.4088483403684,42.283646764745,2006-03-31,210
-84.4088483403684,42.283646764745,2016-10-29,97.3
-84.4088483403684,42.283646764745,1993-09-21,131
-84.4088483403684,42.283646764745,2022-12-07,69.8
-84.4088483403684,42.283646764745,2025-04-18,153
-84.4088483403684,42.283646764745,2016-08-12,88.8
-84.4088483403684,42.283646764745,1997-01-30,152
-84.4088483403684,42.283646764745,2015-12-13,99.6
-84.4088483403684,42.283646764745,2024-08-27,136
-84.4088483403684,42.283646764745,1979-12-10,83.0
-84.4088483403684,42.283646764745,1985-04-24,171
-84.4088483403684,42.283646764745,2012-02-17,183
-84.4088483403684,42.283646764745,1999-10-01,47.0
-84.4088483403684,42.283646764745,1982-02-28,102
-84.4088483403684,42.283646764745,1981-01-26,83.0
-84.4088483403684,42.283646764745,2023-01-01,101
-84.4088483403684,42.283646764745,2009-07-29,128
-84.4088483403684,42.283646764745,1980-05-16,154
-84.4088483403684,42.283646764745,1989-04-13,175
-84.4088483403684,42.283646764745,2015-01-17,76.6
-84.4088483403684,42.283646764745,2020-07-22,86.3
-84.4088483403684,42.283646764745,1999-12-25,66.0
-84.4088483403684,42.283646764745,1999-08-07,70.0
-84.4088483403684,42.283646764745,2009-08-15,77.1
-84.4088483403684,42.283646764745,2005-11-18,63.2
-84.4088483403684,42.283646764745,2013-10-27,53.2
-84.4088483403684,42.283646764745,1988-08-08,34.0
-84.4088483403684,42.283646764745,1996-03-07,167
-84.4088483403684,42.283646764745,2012-02-23,182
-84.4088483403684,42.283646764745,2005-12-26,100
-84.4088483403684,42.283646764745,2003-11-02,101
-84.4088483403684,42.283646764745,2001-11-20,104
-84.4088483403684,42.283646764745,1984-04-03,237
-84.4088483403684,42.283646764745,1997-09-01,75.0
-84.4088483403684,42.283646764745,2023-02-05,87.9
-84.4088483403684,42.283646764745,2017-11-17,138
-84.4088483403684,42.283646764745,1994-09-17,59.0
-84.4088483403684,42.283646764745,2020-07-24,74.7
-84.4088483403684,42.283646764745,2018-06-09,227
-84.4088483403684,42.283646764745,2001-05-13,94.0
-84.4088483403684,42.283646764745,2014-05-12,177
-84.4088483403684,42.283646764745,1983-09-19,68.0
-84.4088483403684,42.283646764745,1995-12-12,87.0
-84.4088483403684,42.283646764745,2015-08-23,59.1
-84.4088483403684,42.283646764745,2013-04-05,75.2
-84.4088483403684,42.283646764745,1979-11-21,125
-84.4088483403684,42.283646764745,2025-03-24,175
-84.4088483403684,42.283646764745,2018-10-25,53.8
-84.4088483403684,42.283646764745,1991-09-27,49.0
-84.4088483403684,42.283646764745,1987-10-31,95.0
-84.4088483403684,42.283646764745,1993-01-06,456
-84.4088483403684,42.283646764745,2007-09-28,58.0
-84.4088483403684,42.283646764745,2007-03-05,258
-84.4088483403684,42.283646764745,2018-09-03,84.7
-84.4088483403684,42.283646764745,2023-10-05,100
-84.4088483403684,42.283646764745,1985-01-24,157
-84.4088483403684,42.283646764745,1997-08-30,77.0
-84.4088483403684,42.283646764745,2019-09-12,123
-84.4088483403684,42.283646764745,1993-08-29,110
-84.4088483403684,42.283646764745,2015-02-08,79.4
-84.4088483403684,42.283646764745,1991-05-19,158
-84.4088483403684,42.283646764745,2000-05-10,193
-84.4088483403684,42.283646764745,2022-09-21,69.3
-84.4088483403684,42.283646764745,2006-02-13,189
-84.4088483403684,42.283646764745,1981-06-07,148
-84.4088483403684,42.283646764745,1990-08-29,87.0
-84.4088483403684,42.283646764745,1995-08-05,266
-84.4088483403684,42.283646764745,2003-08-07,49.0
-84.4088483403684,42.283646764745,2016-01-19,91.4
-84.4088483403684,42.283646764745,1997-09-17,152
-84.4088483403684,42.283646764745,2011-10-24,224
-84.4088483403684,42.283646764745,1987-03-11,135
-84.4088483403684,42.283646764745,2015-02-06,75.5
-84.4088483403684,42.283646764745,1990-08-03,64.0
-84.4088483403684,42.283646764745,1987-05-17,60.0
-84.4088483403684,42.283646764745,1995-02-12,89.0
-84.4088483403684,42.283646764745,1980-12-19,109
-84.4088483403684,42.283646764745,2026-08-24,62.9
-84.4088483403684,42.283646764745,1992-12-21,222
-84.4088483403684,42.283646764745,1996-07-24,69.0
-84.4088483403684,42.283646764745,1985-09-29,50.0
-84.4088483403684,42.283646764745,2010-02-14,94.0
-84.4088483403684,42.283646764745,1990-05-17,335
-84.4088483403684,42.283646764745,1980-06-25,142
-84.4088483403684,42.283646764745,2012-01-18,362
-84.4088483403684,42.283646764745,1998-03-03,324
-84.4088483403684,42.283646764745,2023-06-05,61.1
-84.4088483403684,42.283646764745,1992-06-08,106
-84.4088483403684,42.283646764745,2020-07-06,87.0
-84.4088483403684,42.283646764745,1987-03-16,163
-84.4088483403684,42.283646764745,2005-01-16,431
-84.4088483403684,42.283646764745,1996-10-24,83.0
-84.4088483403684,42.283646764745,2003-12-02,82.1
-84.4088483403684,42.283646764745,2000-08-23,143
-84.4088483403684,42.283646764745,2014-01-06,152
-84.4088483403684,42.283646764745,2018-04-03,225
-84.4088483403684,42.283646764745,1986-08-19,46.0
-84.4088483403684,42.283646764745,1994-10-27,94.0
-84.4088483403684,42.283646764745,2017-02-01,212
-84.4088483403684,42.283646764745,2004-09-05,64.1
-84.4088483403684,42.283646764745,2010-07-17,173
-84.4088483403684,42.283646764745,1985-11-06,76.0
-84.4088483403684,42.283646764745,1980-02-04,55.0
-84.4088483403684,42.283646764745,2010-09-15,59.2
-84.4088483403684,42.283646764745,1999-08-08,61.0
-84.4088483403684,42.283646764745,2017-08-06,39.5
-84.4088483403684,42.283646764745,2024-05-06,156
-84.4088483403684,42.283646764745,2018-09-09,64.5
-84.4088483403684,42.283646764745,1993-04-12,328
-84.4088483403684,42.283646764745,2018-01-05,82.1
-84.4088483403684,42.283646764745,2021-11-04,318
-84.4088483403684,42.283646764745,2020-04-13,288
-84.4088483403684,42.283646764745,2006-12-03,369
-84.4088483403684,42.283646764745,2008-06-04,180
-84.4088483403684,42.283646764745,2002-09-25,46.0
-84.4088483403684,42.283646764745,2005-02-24,273
-84.4088483403684,42.283646764745,2006-07-13,168
-84.4088483403684,42.283646764745,1990-02-24,370
-84.4088483403684,42.283646764745,2018-09-01,151
-84.4088483403684,42.283646764745,1994-11-05,161
-84.4088483403684,42.283646764745,2016-08-06,32.8
-84.4088483403684,42.283646764745,2005-06-05,127
-84.4088483403684,42.283646764745,1990-07-31,73.0
-84.4088483403684,42.283646764745,2005-06-21,63.8
-84.4088483403684,42.283646764745,1979-09-23,32.0
-84.4088483403684,42.283646764745,2026-09-02,62.3
-84.4088483403684,42.283646764745,2009-03-22,388
-84.4088483403684,42.283646764745,1999-07-14,77.0
-84.4088483403684,42.283646764745,2025-02-11,98.0
-84.4088483403684,42.283646764745,2005-06-28,73.2
-84.4088483403684,42.283646764745,1983-02-13,75.0
-84.4088483403684,42.283646764745,1995-04-18,247
-84.4088483403684,42.283646764745,1983-03-24,181
-84.4088483403684,42.283646764745,2009-07-14,77.1
-84.4088483403684,42.283646764745,2015-10-23,39.6
-84.4088483403684,42.283646764745,2023-07-11,64.0
-84.4088483403684,42.283646764745,1990-01-27,199
-84.4088483403684,42.283646764745,2023-06-29,52.6
-84.4088483403684,42.283646764745,1989-06-12,322
-84.4088483403684,42.283646764745,1993-04-18,283
-84.4088483403684,42.283646764745,1990-08-27,89.0
-84.4088483403684,42.283646764745,2000-09-06,59.0
-84.4088483403684,42.283646764745,1980-12-31,80.0
-84.4088483403684,42.283646764745,1988-09-18,56.0
-84.4088483403684,42.283646764745,2011-04-25,325
-84.4088483403684,42.283646764745,2018-02-25,626
-84.4088483403684,42.283646764745,1991-02-26,242
-84.4088483403684,42.283646764745,2008-12-02,112
-84.4088483403684,42.283646764745,1990-06-30,129
-84.4088483403684,42.283646764745,2022-05-16,248
-84.4088483403684,42.283646764745,1981-04-11,201
-84.4088483403684,42.283646764745,2003-06-03,87.8
-84.4088483403684,42.283646764745,1985-01-20,75.0
-84.4088483403684,42.283646764745,2018-09-27,44.7
-84.4088483403684,42.283646764745,2014-01-09,162
-84.4088483403684,42.283646764745,1983-06-08,217
-84.4088483403684,42.283646764745,2021-08-26,55.8
-84.4088483403684,42.283646764745,2007-07-28,46.5
-84.4088483403684,42.283646764745,2007-04-16,221
-84.4088483403684,42.283646764745,2016-01-11,151
-84.4088483403684,42.283646764745,2019-08-22,66.1
-84.4088483403684,42.283646764745,1981-04-03,175
-84.4088483403684,42.283646764745,2025-12-25,89.0
-84.4088483403684,42.283646764745,1992-07-30,200
-84.4088483403684,42.283646764745,2025-12-04,78.4
-84.4088483403684,42.283646764745,1991-11-13,85.0
-84.4088483403684,42.283646764745,1997-01-16,100
-84.4088483403684,42.283646764745,2017-12-14,76.2
-84.4088483403684,42.283646764745,1985-02-08,75.0
-84.4088483403684,42.283646764745,2009-06-03,310
-84.4088483403684,42.283646764745,2013-06-28,326
-84.4088483403684,42.283646764745,1979-03-16,231
-84.4088483403684,42.283646764745,1995-06-14,70.0
-84.4088483403684,42.283646764745,1996-11-10,243
-84.4088483403684,42.283646764745,2005-03-02,216
-84.4088483403684,42.283646764745,1987-03-04,131
-84.4088483403684,42.283646764745,2012-07-07,44.3
-84.4088483403684,42.283646764745,2009-08-27,87.4
-84.4088483403684,42.283646764745,1986-02-14,150
-84.4088483403684,42.283646764745,1996-05-28,148
-84.4088483403684,42.283646764745,2026-03-22,204
-84.4088483403684,42.283646764745,1984-06-11,98.0
-84.4088483403684,42.283646764745,1981-10-14,176
-84.4088483403684,42.283646764745,1989-04-21,188
-84.4088483403684,42.283646764745,2010-07-13,89.9
-84.4088483403684,42.283646764745,1989-07-08,91.0
-84.4088483403684,42.283646764745,1993-03-23,277
-84.4088483403684,42.283646764745,2004-02-16,71.0
-84.4088483403684,42.283646764745,1986-08-18,45.0
-84.4088483403684,42.283646764745,1987-05-10,127
-84.4088483403684,42.283646764745,2016-12-03,106
-84.4088483403684,42.283646764745,2018-05-11,278
-84.4088483403684,42.283646764745,2021-06-25,230
-84.4088483403684,42.283646764745,1989-06-13,298
-84.4088483403684,42.283646764745,2021-01-04,105
-84.4088483403684,42.283646764745,2008-11-17,135
-84.4088483403684,42.283646764745,2009-07-16,76.7
-84.4088483403684,42.283646764745,1985-05-09,151
-84.4088483403684,42.283646764745,1981-06-28,104
-84.4088483403684,42.283646764745,2019-11-03,287
-84.4088483403684,42.283646764745,2021-04-19,87.3
-84.4088483403684,42.283646764745,1979-10-30,40.0
-84.4088483403684,42.283646764745,2024-04-17,228
-84.4088483403684,42.283646764745,1988-12-24,149
-84.4088483403684,42.283646764745,2001-02-08,136
-84.4088483403684,42.283646764745,1996-06-12,209
-84.4088483403684,42.283646764745,2012-08-25,35.9
-84.4088483403684,42.283646764745,2015-07-08,182
-84.4088483403684,42.283646764745,2025-07-06,74.2
-84.4088483403684,42.283646764745,2003-08-08,48.7
-84.4088483403684,42.283646764745,1983-03-21,179
-84.4088483403684,42.283646764745,2000-03-26,102
-84.4088483403684,42.283646764745,1994-04-01,240
-84.4088483403684,42.283646764745,1981-10-20,149
-84.4088483403684,42.283646764745,2019-09-09,59.1
-84.4088483403684,42.283646764745,1984-02-25,232
-84.4088483403684,42.283646764745,2024-08-23,91.9
-84.4088483403684,42.283646764745,2024-07-27,194
-84.4088483403684,42.283646764745,2002-10-13,43.9
-84.4088483403684,42.283646764745,2000-05-11,183
-84.4088483403684,42.283646764745,2007-03-11,277
-84.4088483403684,42.283646764745,1988-12-10,152
-84.4088483403684,42.283646764745,1991-03-23,174
-84.4088483403684,42.283646764745,2003-07-31,42.0
-84.4088483403684,42.283646764745,1994-02-12,119
-84.4088483403684,42.283646764745,2004-10-02,52.5
-84.4088483403684,42.283646764745,1999-02-18,164
-84.4088483403684,42.283646764745,2013-09-11,139
-84.4088483403684,42.283646764745,2001-06-19,114
-84.4088483403684,42.283646764745,2018-10-03,54.0
-84.4088483403684,42.283646764745,2001-04-24,273
-84.4088483403684,42.283646764745,1994-02-13,117
-84.4088483403684,42.283646764745,1989-08-14,112
-84.4088483403684,42.283646764745,1983-01-04,179
-84.4088483403684,42.283646764745,2003-08-11,74.3
-84.4088483403684,42.283646764745,2002-10-28,51.8
-84.4088483403684,42.283646764745,1999-08-27,54.0
-84.4088483403684,42.283646764745,1992-09-13,259
-84.4088483403684,42.283646764745,2007-07-16,47.7
-84.4088483403684,42.283646764745,1987-03-12,124
-84.4088483403684,42.283646764745,2005-12-02,168
-84.4088483403684,42.283646764745,2004-09-23,50.7
-84.4088483403684,42.283646764745,2025-02-21,90.0
-84.4088483403684,42.283646764745,2002-02-02,217
-84.4088483403684,42.283646764745,2007-03-01,197
-84.4088483403684,42.283646764745,1987-04-26,86.0
-84.4088483403684,42.283646764745,2001-05-26,210
-84.4088483403684,42.283646764745,1981-07-20,81.0
-84.4088483403684,42.283646764745,2012-06-02,65.1
-84.4088483403684,42.283646764745,2016-04-28,141
-84.4088483403684,42.283646764745,2019-08-03,74.7
-84.4088483403684,42.283646764745,1987-09-20,91.0
-84.4088483403684,42.283646764745,1985-09-16,65.0
-84.4088483403684,42.283646764745,2021-04-06,106
-84.4088483403684,42.283646764745,2020-01-26,324
-84.4088483403684,42.283646764745,1979-05-11,176
-84.4088483403684,42.283646764745,2022-10-03,57.9
-84.4088483403684,42.283646764745,1985-06-21,85.0
-84.4088483403684,42.283646764745,1983-03-22,183
-84.4088483403684,42.283646764745,2006-08-24,85.3
-84.4088483403684,42.283646764745,2018-09-22,42.3
-84.4088483403684,42.283646764745,2002-12-17,57.8
-84.4088483403684,42.283646764745,1999-12-13,75.0
-84.4088483403684,42.283646764745,2013-04-28,476
-84.4088483403684,42.283646764745,2015-05-01,78.3
-84.4088483403684,42.283646764745,2000-05-24,154
-84.4088483403684,42.283646764745,2016-10-03,67.8
-84.4088483403684,42.283646764745,1997-02-04,169
-84.4088483403684,42.283646764745,2019-06-09,176
-84.4088483403684,42.283646764745,2007-07-07,52.4
-84.4088483403684,42.283646764745,2025-09-07,46.9
-84.4088483403684,42.283646764745,2024-11-23,113
-84.4088483403684,42.283646764745,2025-08-02,77.0
-84.4088483403684,42.283646764745,1981-01-22,71.0
-84.4088483403684,42.283646764745,1987-09-17,93.0
-84.4088483403684,42.283646764745,2003-01-31,54.0
-84.4088483403684,42.283646764745,1985-06-24,76.0
-84.4088483403684,42.283646764745,1990-03-26,326
-84.4088483403684,42.283646764745,1998-02-10,128
-84.4088483403684,42.283646764745,1987-06-01,130
-84.4088483403684,42.283646764745,2015-12-21,77.9
-84.4088483403684,42.283646764745,1980-02-22,179
-84.4088483403684,42.283646764745,1983-04-27,267
-84.4088483403684,42.283646764745,2012-11-29,48.4
-84.4088483403684,42.283646764745,2015-06-13,164
-84.4088483403684,42.283646764745,2022-06-12,234
-84.4088483403684,42.283646764745,2021-03-03,113
-84.4088483403684,42.283646764745,1989-07-31,179
-84.4088483403684,42.283646764745,2014-10-23,65.2
-84.4088483403684,42.283646764745,1985-09-12,130
-84.4088483403684,42.283646764745,1997-12-22,93.0
-84.4088483403684,42.283646764745,2026-06-27,68.6
-84.4088483403684,42.283646764745,2009-07-19,70.0
-84.4088483403684,42.283646764745,2007-06-25,70.5
-84.4088483403684,42.283646764745,2015-11-15,65.1
-84.4088483403684,42.283646764745,2026-05-11,153
-84.4088483403684,42.283646764745,1986-12-24,114
-84.4088483403684,42.283646764745,2020-11-24,74.8
-84.4088483403684,42.283646764745,2016-06-16,64.3
-84.4088483403684,42.283646764745,1992-05-09,120
-84.4088483403684,42.283646764745,1991-08-22,78.0
-84.4088483403684,42.283646764745,2017-02-27,192
-84.4088483403684,42.283646764745,2007-01-02,311
-84.4088483403684,42.283646764745,1981-08-26,55.0
-84.4088483403684,42.283646764745,1999-02-24,124
-84.4088483403684,42.283646764745,2026-02-21,159
-84.4088483403684,42.283646764745,1996-12-29,179
-84.4088483403684,42.283646764745,2011-06-23,119
-84.4088483403684,42.283646764745,2002-04-13,262
-84.4088483403684,42.283646764745,2009-11-17,86.9
-84.4088483403684,42.283646764745,1989-10-05,59.0
-84.4088483403684,42.283646764745,2017-08-14,34.3
-84.4088483403684,42.283646764745,2011-03-10,353
-84.4088483403684,42.283646764745,2012-03-02,338
-84.4088483403684,42.283646764745,2005-06-18,65.5
-84.4088483403684,42.283646764745,2000-10-07,190
-84.4088483403684,42.283646764745,1991-08-03,62.0
-84.4088483403684,42.283646764745,2005-09-10,42.5
-84.4088483403684,42.283646764745,2015-02-18,70.5
-84.4088483403684,42.283646764745,2022-07-11,72.5
-84.4088483403684,42.283646764745,1996-03-24,167
-84.4088483403684,42.283646764745,2006-11-17,272
-84.4088483403684,42.283646764745,2005-12-19,65.6
-84.4088483403684,42.283646764745,1997-12-20,74.0
-84.4088483403684,42.283646764745,1988-06-01,55.0
-84.4088483403684,42.283646764745,2026-06-12,130
-84.4088483403684,42.283646764745,2009-12-10,167
-84.4088483403684,42.283646764745,1984-08-27,23.0
-84.4088483403684,42.283646764745,2008-06-13,182
-84.4088483403684,42.283646764745,2007-11-06,63.5
-84.4088483403684,42.283646764745,1985-07-31,58.0
-84.4088483403684,42.283646764745,1991-04-20,280
-84.4088483403684,42.283646764745,2007-06-06,314
-84.4088483403684,42.283646764745,2018-03-05,462
-84.4088483403684,42.283646764745,2004-07-15,80.1
-84.4088483403684,42.283646764745,2025-08-30,48.8
-84.4088483403684,42.283646764745,2021-04-01,177
-84.4088483403684,42.283646764745,2003-06-14,69.9
-84.4088483403684,42.283646764745,2014-06-16,83.2
-84.4088483403684,42.283646764745,2020-02-28,194
-84.4088483403684,42.283646764745,2003-09-23,66.6
-84.4088483403684,42.283646764745,2025-12-02,84.5
-84.4088483403684,42.283646764745,1982-03-04,155
-84.4088483403684,42.283646764745,2005-08-19,63.1
-84.4088483403684,42.283646764745,1986-06-10,162
-84.4088483403684,42.283646764745,2009-04-08,387
-84.4088483403684,42.283646764745,2005-09-04,48.1
-84.4088483403684,42.283646764745,1998-02-12,203
-84.4088483403684,42.283646764745,1999-06-30,83.0
-84.4088483403684,42.283646764745,2020-05-30,427
-84.4088483403684,42.283646764745,1990-11-12,222
-84.4088483403684,42.283646764745,1999-09-30,53.0
-84.4088483403684,42.283646764745,1987-10-23,67.0
-84.4088483403684,42.283646764745,2008-12-18,166
-84.4088483403684,42.283646764745,2016-10-05,68.3
-84.4088483403684,42.283646764745,1979-09-04,50.0
-84.4088483403684,42.283646764745,1994-07-08,168
-84.4088483403684,42.283646764745,2003-08-04,71.1
-84.4088483403684,42.283646764745,2015-07-02,422
-84.4088483403684,42.283646764745,1995-06-25,109
-84.4088483403684,42.283646764745,2012-12-22,65.2
-84.4088483403684,42.283646764745,1999-05-18,163
-84.4088483403684,42.283646764745,2013-04-12,314
-84.4088483403684,42.283646764745,2018-11-14,134
-84.4088483403684,42.283646764745,2019-10-25,79.5
-84.4088483403684,42.283646764745,1983-06-14,170
-84.4088483403684,42.283646764745,2000-02-04,62.0
-84.4088483403684,42.283646764745,1991-12-26,104
-84.4088483403684,42.283646764745,2002-11-26,64.2
-84.4088483403684,42.283646764745,2002-05-25,223
-84.4088483403684,42.283646764745,2022-04-23,310
-84.4088483403684,42.283646764745,1980-11-05,73.0
-84.4088483403684,42.283646764745,1995-08-03,256
-84.4088483403684,42.283646764745,1990-12-15,161
-84.4088483403684,42.283646764745,2008-01-14,553
-84.4088483403684,42.283646764745,2019-06-17,253
-84.4088483403684,42.283646764745,2020-09-05,48.9
-84.4088483403684,42.283646764745,2007-08-06,51.7
-84.4088483403684,42.283646764745,1999-02-11,203
-84.4088483403684,42.283646764745,2009-02-09,168
-84.4088483403684,42.283646764745,1989-04-03,274
-84.4088483403684,42.283646764745,1988-12-22,101
-84.4088483403684,42.283646764745,2007-07-31,47.7
-84.4088483403684,42.283646764745,1982-07-24,79.0
-84.4088483403684,42.283646764745,2006-08-13,67.6
-84.4088483403684,42.283646764745,2015-01-28,77.9
-84.4088483403684,42.283646764745,1994-07-04,172
-84.4088483403684,42.283646764745,1999-06-26,68.0
-84.4088483403684,42.283646764745,2018-11-10,153
-84.4088483403684,42.283646764745,1996-01-26,165
-84.4088483403684,42.283646764745,1988-07-17,43.0
-84.4088483403684,42.283646764745,2017-11-24,177
-84.4088483403684,42.283646764745,2024-12-05,84.7
-84.4088483403684,42.283646764745,2006-10-11,159
-84.4088483403684,42.283646764745,1986-05-25,173
-84.4088483403684,42.283646764745,1980-04-30,201
-84.4088483403684,42.283646764745,2007-10-03,67.6
-84.4088483403684,42.283646764745,1995-02-24,127
-84.4088483403684,42.283646764745,2019-02-28,123
-84.4088483403684,42.283646764745,1982-10-22,50.0
-84.4088483403684,42.283646764745,2012-01-06,233
-84.4088483403684,42.283646764745,1997-11-23,98.0
-84.4088483403684,42.283646764745,1993-06-02,105
-84.4088483403684,42.283646764745,1980-07-14,115
-84.4088483403684,42.283646764745,2018-03-07,436
-84.4088483403684,42.283646764745,2011-11-19,164
-84.4088483403684,42.283646764745,1990-05-19,311
-84.4088483403684,42.283646764745,1982-09-29,82.0
-84.4088483403684,42.283646764745,2008-01-15,539
-84.4088483403684,42.283646764745,1982-08-23,53.0
-84.4088483403684,42.283646764745,2020-03-24,202
-84.4088483403684,42.283646764745,1987-08-29,83.0
-84.4088483403684,42.283646764745,1996-02-25,106
-84.4088483403684,42.283646764745,2014-10-21,66.7
-84.4088483403684,42.283646764745,1996-09-28,84.0
-84.4088483403684,42.283646764745,1980-02-25,151
-84.4088483403684,42.283646764745,2016-04-07,191
-84.4088483403684,42.283646764745,2026-02-01,87.1
-84.4088483403684,42.283646764745,2011-01-31,71.8
-84.4088483403684,42.283646764745,2004-02-03,75.1
-84.4088483403684,42.283646764745,2020-11-16,122
-84.4088483403684,42.283646764745,1987-06-10,60.0
-84.4088483403684,42.283646764745,2016-01-15,108
-84.4088483403684,42.283646764745,2024-01-11,156
-84.4088483403684,42.283646764745,1989-08-12,123
-84.4088483403684,42.283646764745,1984-03-21,459
-84.4088483403684,42.283646764745,2007-11-04,61.0
-84.4088483403684,42.283646764745,1987-08-24,42.0
-84.4088483403684,42.283646764745,1986-10-24,153
-84.4088483403684,42.283646764745,1997-11-11,123
-84.4088483403684,42.283646764745,2014-11-30,106
-84.4088483403684,42.283646764745,1989-01-16,163
-84.4088483403684,42.283646764745,2022-07-13,77.9
-84.4088483403684,42.283646764745,2020-02-19,174
-84.4088483403684,42.283646764745,2012-05-19,81.9
-84.4088483403684,42.283646764745,2000-07-09,191
-84.4088483403684,42.283646764745,2008-02-09,420
-84.4088483403684,42.283646764745,1987-05-19,85.0
-84.4088483403684,42.283646764745,1979-03-12,335
-84.4088483403684,42.283646764745,2022-04-11,247
-84.4088483403684,42.283646764745,2010-06-06,570
-84.4088483403684,42.283646764745,1988-08-14,31.0
-84.4088483403684,42.283646764745,2004-01-03,121
-84.4088483403684,42.283646764745,1985-07-17,148
-84.4088483403684,42.283646764745,2007-04-14,263
-84.4088483403684,42.283646764745,2003-05-29,84.0
-84.4088483403684,42.283646764745,1979-06-19,48.0
-84.4088483403684,42.283646764745,2018-09-05,103
-84.4088483403684,42.283646764745,1982-08-03,68.0
-84.4088483403684,42.283646764745,2002-05-14,270
-84.4088483403684,42.283646764745,2006-05-15,355
-84.4088483403684,42.283646764745,2004-08-16,70.0
-84.4088483403684,42.283646764745,2014-08-17,58.6
-84.4088483403684,42.283646764745,1993-05-04,259
-84.4088483403684,42.283646764745,2017-03-17,123
-84.4088483403684,42.283646764745,2009-12-20,157
-84.4088483403684,42.283646764745,2021-04-22,77.6
-84.4088483403684,42.283646764745,1984-06-13,89.0
-84.4088483403684,42.283646764745,2022-08-29,92.1
-84.4088483403684,42.283646764745,1993-07-07,142
-84.4088483403684,42.283646764745,2024-04-26,156
-84.4088483403684,42.283646764745,2005-02-17,365
-84.4088483403684,42.283646764745,1987-06-08,75.0
-84.4088483403684,42.283646764745,1998-05-29,94.0
-84.4088483403684,42.283646764745,1984-08-28,23.0
-84.4088483403684,42.283646764745,1992-03-20,152
-84.4088483403684,42.283646764745,1987-12-21,176
-84.4088483403684,42.283646764745,2015-10-14,36.8
-84.4088483403684,42.283646764745,2016-04-03,202
-84.4088483403684,42.283646764745,2000-01-31,61.0
-84.4088483403684,42.283646764745,1989-06-28,200
-84.4088483403684,42.283646764745,2019-08-01,80.2
-84.4088483403684,42.283646764745,1996-02-21,101
-84.4088483403684,42.283646764745,1987-11-19,52.0
-84.4088483403684,42.283646764745,1982-06-26,97.0
-84.4088483403684,42.283646764745,1985-10-04,63.0
-84.4088483403684,42.283646764745,2000-11-22,101
-84.4088483403684,42.283646764745,1980-07-13,116
-84.4088483403684,42.283646764745,1986-02-16,133
-84.4088483403684,42.283646764745,1998-07-20,70.0
-84.4088483403684,42.283646764745,2017-03-21,197
-84.4088483403684,42.283646764745,1991-07-20,53.0
-84.4088483403684,42.283646764745,2003-10-28,79.1
-84.4088483403684,42.283646764745,2026-08-16,68.6
-84.4088483403684,42.283646764745,1999-08-12,62.0
-84.4088483403684,42.283646764745,2023-07-19,67.0
-84.4088483403684,42.283646764745,1984-03-29,350
-84.4088483403684,42.283646764745,2008-09-15,362
-84.4088483403684,42.283646764745,1981-11-05,183
-84.4088483403684,42.283646764745,1996-06-08,143
-84.4088483403684,42.283646764745,2015-04-15,95.3
-84.4088483403684,42.283646764745,1998-04-17,306
-84.4088483403684,42.283646764745,2001-12-14,233
-84.4088483403684,42.283646764745,2025-09-16,49.8
-84.4088483403684,42.283646764745,1984-11-19,141
-84.4088483403684,42.283646764745,2011-10-03,155
-84.4088483403684,42.283646764745,1985-01-01,346
-84.4088483403684,42.283646764745,1989-06-24,209
-84.4088483403684,42.283646764745,1995-01-04,97.0
-84.4088483403684,42.283646764745,2009-10-21,113
-84.4088483403684,42.283646764745,2018-12-16,129
-84.4088483403684,42.283646764745,1981-02-25,380
-84.4088483403684,42.283646764745,2014-12-13,117
-84.4088483403684,42.283646764745,2025-01-22,92.7
-84.4088483403684,42.283646764745,1994-02-01,140
-84.4088483403684,42.283646764745,2002-09-03,50.0
-84.4088483403684,42.283646764745,2017-06-13,64.4
-84.4088483403684,42.283646764745,1988-01-06,144
-84.4088483403684,42.283646764745,2017-02-18,227
-84.4088483403684,42.283646764745,2014-01-22,156
-84.4088483403684,42.283646764745,2022-09-06,63.4
-84.4088483403684,42.283646764745,2020-06-21,103
-84.4088483403684,42.283646764745,1996-09-07,52.0
-84.4088483403684,42.283646764745,2026-01-07,116
-84.4088483403684,42.283646764745,2019-03-14,229
-84.4088483403684,42.283646764745,1999-03-18,141
-84.4088483403684,42.283646764745,1983-01-26,138
-84.4088483403684,42.283646764745,1992-04-01,203
-84.4088483403684,42.283646764745,2019-08-02,78.7
-84.4088483403684,42.283646764745,2015-06-15,349
-84.4088483403684,42.283646764745,2000-06-01,170
-84.4088483403684,42.283646764745,2022-09-19,85.9
-84.4088483403684,42.283646764745,2023-06-17,52.2
-84.4088483403684,42.283646764745,2007-07-03,66.2
-84.4088483403684,42.283646764745,2000-01-26,61.0
-84.4088483403684,42.283646764745,1994-07-27,92.0
-84.4088483403684,42.283646764745,1994-06-28,193
-84.4088483403684,42.283646764745,2000-08-15,91.0
-84.4088483403684,42.283646764745,1985-04-28,178
-84.4088483403684,42.283646764745,1981-08-03,229
-84.4088483403684,42.283646764745,2021-06-10,50.1
-84.4088483403684,42.283646764745,2021-01-01,96.1
-84.4088483403684,42.283646764745,1983-11-13,129
-84.4088483403684,42.283646764745,1982-12-01,201
-84.4088483403684,42.283646764745,2005-01-12,295
-84.4088483403684,42.283646764745,1999-11-25,57.0
-84.4088483403684,42.283646764745,2016-01-12,153
-84.4088483403684,42.283646764745,2004-02-22,83.3
-84.4088483403684,42.283646764745,2025-11-02,58.4
-84.4088483403684,42.283646764745,2019-12-31,292
-84.4088483403684,42.283646764745,1985-03-01,494
-84.4088483403684,42.283646764745,1983-02-28,169
-84.4088483403684,42.283646764745,1993-05-24,97.0
-84.4088483403684,42.283646764745,1998-06-30,113
-84.4088483403684,42.283646764745,2023-01-26,122
-84.4088483403684,42.283646764745,2026-03-08,343
-84.4088483403684,42.283646764745,2020-01-15,428
-84.4088483403684,42.283646764745,1983-01-08,98.0
-84.4088483403684,42.283646764745,1999-03-31,130
-84.4088483403684,42.283646764745,1995-11-13,275
-84.4088483403684,42.283646764745,2008-11-11,89.4
-84.4088483403684,42.283646764745,1982-05-07,147
-84.4088483403684,42.283646764745,1990-09-16,96.0
-84.4088483403684,42.283646764745,1996-02-12,88.0
-84.4088483403684,42.283646764745,2016-08-26,50.0
-84.4088483403684,42.283646764745,2015-12-14,67.8
-84.4088483403684,42.283646764745,1991-07-30,95.0
-84.4088483403684,42.283646764745,2006-10-25,173
-84.4088483403684,42.283646764745,1994-08-23,132
-84.4088483403684,42.283646764745,1995-05-20,88.0
-84.4088483403684,42.283646764745,1998-08-02,63.0
-84.4088483403684,42.283646764745,2018-08-22,56.8
-84.4088483403684,42.283646764745,1991-12-11,173
-84.4088483403684,42.283646764745,2016-03-16,190
-84.4088483403684,42.283646764745,2001-09-30,70.0
-84.4088483403684,42.283646764745,1997-07-06,68.0
-84.4088483403684,42.283646764745,2012-11-12,65.8
-84.4088483403684,42.283646764745,1987-12-19,179
-84.4088483403684,42.283646764745,2017-09-04,29.9
-84.4088483403684,42.283646764745,1999-04-20,153
-84.4088483403684,42.283646764745,1991-04-07,170
-84.4088483403684,42.283646764745,2019-07-20,84.4
-84.4088483403684,42.283646764745,1998-06-07,82.0
-84.4088483403684,42.283646764745,2015-10-17,36.4
-84.4088483403684,42.283646764745,2009-01-04,329
-84.4088483403684,42.283646764745,1995-09-04,65.0
-84.4088483403684,42.283646764745,1995-07-15,77.0
-84.4088483403684,42.283646764745,1983-08-12,172
-84.4088483403684,42.283646764745,1996-05-18,188
-84.4088483403684,42.283646764745,2021-12-27,194
-84.4088483403684,42.283646764745,1995-10-07,113
-84.4088483403684,42.283646764745,2014-08-10,40.5
-84.4088483403684,42.283646764745,2022-01-12,148
-84.4088483403684,42.283646764745,1984-04-05,309
-84.4088483403684,42.283646764745,2002-08-19,65.0
-84.4088483403684,42.283646764745,1996-01-15,85.0
-84.4088483403684,42.283646764745,2020-08-01,68.7
-84.4088483403684,42.283646764745,2016-05-28,75.9
-84.4088483403684,42.283646764745,1982-10-17,45.0
-84.4088483403684,42.283646764745,2011-12-16,323
-84.4088483403684,42.283646764745,1991-08-07,56.0
-84.4088483403684,42.283646764745,2021-01-26,82.6
-84.4088483403684,42.283646764745,2003-06-11,72.9
-84.4088483403684,42.283646764745,1999-01-01,63.0
-84.4088483403684,42.283646764745,1998-11-28,122
-84.4088483403684,42.283646764745,2002-05-29,151
-84.4088483403684,42.283646764745,2018-10-01,46.7
-84.4088483403684,42.283646764745,2019-08-18,75.7
-84.4088483403684,42.283646764745,1996-02-06,102
-84.4088483403684,42.283646764745,1986-06-19,115
-84.4088483403684,42.283646764745,2014-08-19,88.9
-84.4088483403684,42.283646764745,2020-04-06,363
-84.4088483403684,42.283646764745,2017-11-04,84.6
-84.4088483403684,42.283646764745,2008-09-10,56.8
-84.4088483403684,42.283646764745,1992-09-15,286
-84.4088483403684,42.283646764745,2010-01-11,131
-84.4088483403684,42.283646764745,1982-01-11,90.0
-84.4088483403684,42.283646764745,1986-12-07,166
-84.4088483403684,42.283646764745,1982-02-02,149
-84.4088483403684,42.283646764745,2022-01-28,104
-84.4088483403684,42.283646764745,1993-06-05,167
-84.4088483403684,42.283646764745,2018-01-07,79.6
-84.4088483403684,42.283646764745,2004-11-08,138
-84.4088483403684,42.283646764745,2013-04-30,448
-84.4088483403684,42.283646764745,2001-04-26,257
-84.4088483403684,42.283646764745,1990-03-19,516
-84.4088483403684,42.283646764745,1996-10-22,75.0
-84.4088483403684,42.283646764745,2007-05-21,124
-84.4088483403684,42.283646764745,1996-03-12,147
-84.4088483403684,42.283646764745,2017-03-06,295
-84.4088483403684,42.283646764745,1986-08-21,48.0
-84.4088483403684,42.283646764745,1986-03-18,372
-84.4088483403684,42.283646764745,2015-04-21,107
-84.4088483403684,42.283646764745,1985-09-10,133
-84.4088483403684,42.283646764745,2012-05-30,60.5
-84.4088483403684,42.283646764745,1988-04-19,178
-84.4088483403684,42.283646764745,1986-12-06,163
-84.4088483403684,42.283646764745,2001-02-06,134
-84.4088483403684,42.283646764745,1979-09-08,42.0
-84.4088483403684,42.283646764745,1988-04-08,269
-84.4088483403684,42.283646764745,1984-07-21,39.0
-84.4088483403684,42.283646764745,2018-06-07,216
-84.4088483403684,42.283646764745,2002-10-31,46.8
-84.4088483403684,42.283646764745,1999-02-14,191
-84.4088483403684,42.283646764745,2015-10-05,42.3
-84.4088483403684,42.283646764745,2000-10-22,96.0
-84.4088483403684,42.283646764745,1995-12-26,85.0
-84.4088483403684,42.283646764745,2017-04-04,306
-84.4088483403684,42.283646764745,1986-09-30,273
-84.4088483403684,42.283646764745,2017-12-19,94.1
-84.4088483403684,42.283646764745,2018-01-02,84.3
-84.4088483403684,42.283646764745,2014-11-01,63.2
-84.4088483403684,42.283646764745,1983-07-10,81.0
-84.4088483403684,42.283646764745,2015-05-06,139
-84.4088483403684,42.283646764745,1989-12-17,82.0
-84.4088483403684,42.283646764745,2008-08-16,51.5
-84.4088483403684,42.283646764745,1984-01-23,70.0
-84.4088483403684,42.283646764745,1987-04-13,145
-84.4088483403684,42.283646764745,1980-01-02,189
-84.4088483403684,42.283646764745,2003-02-10,59.0
-84.4088483403684,42.283646764745,2006-07-20,171
-84.4088483403684,42.283646764745,1984-07-03,53.0
-84.4088483403684,42.283646764745,1986-05-04,101
-84.4088483403684,42.283646764745,1995-07-17,94.0
-84.4088483403684,42.283646764745,2013-08-23,72.6
-84.4088483403684,42.283646764745,2013-02-11,157
-84.4088483403684,42.283646764745,1993-02-11,197
-84.4088483403684,42.283646764745,1986-01-10,78.0
-84.4088483403684,42.283646764745,2022-08-04,123
-84.4088483403684,42.283646764745,1983-08-22,71.0
-84.4088483403684,42.283646764745,2015-03-19,226
-84.4088483403684,42.283646764745,2002-04-23,190
-84.4088483403684,42.283646764745,1995-11-17,214
-84.4088483403684,42.283646764745,2008-03-07,359
-84.4088483403684,42.283646764745,2008-07-31,72.2
-84.4088483403684,42.283646764745,1999-11-30,58.0
-84.4088483403684,42.283646764745,1986-11-11,109
-84.4088483403684,42.283646764745,2006-04-14,244
-84.4088483403684,42.283646764745,1984-02-20,315
-84.4088483403684,42.283646764745,2004-08-18,145
-84.4088483403684,42.283646764745,1985-06-17,157
-84.4088483403684,42.283646764745,2006-01-30,280
-84.4088483403684,42.283646764745,2021-09-03,43.3
-84.4088483403684,42.283646764745,1999-02-03,286
-84.4088483403684,42.283646764745,1991-10-04,117
-84.4088483403684,42.283646764745,1992-07-19,210
-84.4088483403684,42.283646764745,1989-02-08,102
-84.4088483403684,42.283646764745,2004-12-02,227
-84.4088483403684,42.283646764745,1996-11-17,122
-84.4088483403684,42.283646764745,2005-11-06,46.6
-84.4088483403684,42.283646764745,2018-06-13,195
-84.4088483403684,42.283646764745,2006-12-15,270
-84.4088483403684,42.283646764745,2002-08-12,50.0
-84.4088483403684,42.283646764745,2011-12-11,448
-84.4088483403684,42.283646764745,2016-10-02,66.3
-84.4088483403684,42.283646764745,2025-08-20,54.4
-84.4088483403684,42.283646764745,1989-01-08,206
-84.4088483403684,42.283646764745,2020-10-01,63.8
-84.4088483403684,42.283646764745,2025-10-31,61.4
-84.4088483403684,42.283646764745,1993-05-11,252
-84.4088483403684,42.283646764745,1996-09-15,61.0
-84.4088483403684,42.283646764745,2006-09-12,121
-84.4088483403684,42.283646764745,2018-02-07,100
-84.4088483403684,42.283646764745,2012-03-21,189
-84.4088483403684,42.283646764745,2012-07-29,32.4
-84.4088483403684,42.283646764745,1980-09-01,183
-84.4088483403684,42.283646764745,1986-09-24,96.0
-84.4088483403684,42.283646764745,2018-11-04,96.6
-84.4088483403684,42.283646764745,1983-04-28,276
-84.4088483403684,42.283646764745,2000-07-02,170
-84.4088483403684,42.283646764745,1980-06-12,237
-84.4088483403684,42.283646764745,2012-03-14,340
-84.4088483403684,42.283646764745,1984-08-05,38.0
-84.4088483403684,42.283646764745,2023-11-11,94.1
-84.4088483403684,42.283646764745,1996-05-22,199
-84.4088483403684,42.283646764745,1997-01-01,122
-84.4088483403684,42.283646764745,1997-10-25,66.0
-84.4088483403684,42.283646764745,1993-03-12,258
-84.4088483403684,42.283646764745,2009-12-17,159
-84.4088483403684,42.283646764745,2021-06-16,42.3
-84.4088483403684,42.283646764745,1990-12-12,173
-84.4088483403684,42.283646764745,2025-01-24,91.7
-84.4088483403684,42.283646764745,2023-12-02,139
-84.4088483403684,42.283646764745,2011-07-05,73.5
-84.4088483403684,42.283646764745,1979-02-14,107
-84.4088483403684,42.283646764745,2003-03-07,62.0
-84.4088483403684,42.283646764745,1989-03-03,89.0
-84.4088483403684,42.283646764745,1998-03-23,389
-84.4088483403684,42.283646764745,1996-12-30,186
-84.4088483403684,42.283646764745,1979-07-08,52.0
-84.4088483403684,42.283646764745,1997-12-06,110
-84.4088483403684,42.283646764745,2003-01-28,51.9
-84.4088483403684,42.283646764745,2014-10-07,72.2
-84.4088483403684,42.283646764745,2004-12-22,148
-84.4088483403684,42.283646764745,2026-08-13,75.2
-84.4088483403684,42.283646764745,1998-02-19,428
-84.4088483403684,42.283646764745,1998-12-23,67.0
-84.4088483403684,42.283646764745,2009-12-30,172
-84.4088483403684,42.283646764745,2022-02-08,129
-84.4088483403684,42.283646764745,1982-11-07,175
-84.4088483403684,42.283646764745,2007-07-05,61.9
-84.4088483403684,42.283646764745,1979-10-27,40.0
-84.4088483403684,42.283646764745,2018-01-18,106
-84.4088483403684,42.283646764745,2002-10-14,41.1
-84.4088483403684,42.283646764745,2001-10-19,327
-84.4088483403684,42.283646764745,2025-08-28,52.5
-84.4088483403684,42.283646764745,2018-10-04,90.7
-84.4088483403684,42.283646764745,2002-03-15,304
-84.4088483403684,42.283646764745,2012-12-17,50.4
-84.4088483403684,42.283646764745,2011-11-27,185
-84.4088483403684,42.283646764745,1985-04-03,418
-84.4088483403684,42.283646764745,2007-09-16,60.5
-84.4088483403684,42.283646764745,2017-09-18,30.4
-84.4088483403684,42.283646764745,2006-01-23,239
-84.4088483403684,42.283646764745,1998-11-11,88.0
-84.4088483403684,42.283646764745,1982-04-09,405
-84.4088483403684,42.283646764745,2005-03-27,249
-84.4088483403684,42.283646764745,2017-11-01,64.9
-84.4088483403684,42.283646764745,2015-06-22,309
-84.4088483403684,42.283646764745,1982-05-03,166
-84.4088483403684,42.283646764745,2003-04-08,347
-84.4088483403684,42.283646764745,2015-01-10,78.9
-84.4088483403684,42.283646764745,2002-03-24,143
-84.4088483403684,42.283646764745,1995-07-13,73.0
-84.4088483403684,42.283646764745,1986-05-28,166
-84.4088483403684,42.283646764745,2017-07-19,56.0
-84.4088483403684,42.283646764745,2026-06-01,92.1
-84.4088483403684,42.283646764745,1980-01-20,88.0
-84.4088483403684,42.283646764745,2016-05-24,95.2
-84.4088483403684,42.283646764745,1983-12-15,274
-84.4088483403684,42.283646764745,1992-08-19,87.0
-84.4088483403684,42.283646764745,2011-08-17,140
-84.4088483403684,42.283646764745,1995-07-19,65.0
-84.4088483403684,42.283646764745,2025-12-11,88.9
-84.4088483403684,42.283646764745,2020-10-09,52.4
-84.4088483403684,42.283646764745,1997-05-28,173
-84.4088483403684,42.283646764745,2008-03-14,264
-84.4088483403684,42.283646764745,1987-03-20,145
-84.4088483403684,42.283646764745,2016-06-02,65.4
-84.4088483403684,42.283646764745,2006-07-23,86.8
-84.4088483403684,42.283646764745,1981-12-02,117
-84.4088483403684,42.283646764745,2017-10-04,32.2
-84.4088483403684,42.283646764745,2019-09-07,61.7
-84.4088483403684,42.283646764745,1979-02-09,58.0
-84.4088483403684,42.283646764745,2023-01-13,115
-84.4088483403684,42.283646764745,2019-01-31,74.7
-84.4088483403684,42.283646764745,2024-02-25,125
-84.4088483403684,42.283646764745,2013-05-07,185
-84.4088483403684,42.283646764745,2000-11-06,78.0
-84.4088483403684,42.283646764745,1983-10-21,59.0
-84.4088483403684,42.283646764745,2011-06-13,159
-84.4088483403684,42.283646764745,2021-12-08,222
-84.4088483403684,42.283646764745,2007-10-08,66.2
-84.4088483403684,42.283646764745,2001-08-07,49.0
-84.4088483403684,42.283646764745,2012-11-15,53.3
-84.4088483403684,42.283646764745,1984-01-10,96.0
-84.4088483403684,42.283646764745,1989-04-02,229
-84.4088483403684,42.283646764745,2005-05-14,137
-84.4088483403684,42.283646764745,1982-03-11,154
-84.4088483403684,42.283646764745,2016-09-05,39.3
-84.4088483403684,42.283646764745,2002-01-24,158
-84.4088483403684,42.283646764745,1994-05-13,125
-84.4088483403684,42.283646764745,2004-07-07,197
-84.4088483403684,42.283646764745,2021-04-09,88.4
-84.4088483403684,42.283646764745,1985-03-20,271
-84.4088483403684,42.283646764745,2001-08-05,45.0
-84.4088483403684,42.283646764745,1986-05-23,189
-84.4088483403684,42.283646764745,2026-09-03,68.1
-84.4088483403684,42.283646764745,2022-12-01,70.0
-84.4088483403684,42.283646764745,1992-10-20,294
-84.4088483403684,42.283646764745,1997-09-11,141
-84.4088483403684,42.283646764745,2019-11-22,182
-84.4088483403684,42.283646764745,2004-12-11,242
-84.4088483403684,42.283646764745,1980-02-06,49.0
-84.4088483403684,42.283646764745,1993-03-17,254
-84.4088483403684,42.283646764745,2000-12-30,117
-84.4088483403684,42.283646764745,2023-04-20,156
-84.4088483403684,42.283646764745,1998-11-14,85.0
-84.4088483403684,42.283646764745,2022-09-07,62.1
-84.4088483403684,42.283646764745,2024-08-16,146
-84.4088483403684,42.283646764745,2009-12-09,162
-84.4088483403684,42.283646764745,1990-02-03,141
-84.4088483403684,42.283646764745,1990-09-14,111
-84.4088483403684,42.283646764745,1993-12-11,160
-84.4088483403684,42.283646764745,1989-12-20,83.0
-84.4088483403684,42.283646764745,1990-05-24,303
-84.4088483403684,42.283646764745,2019-07-07,141
-84.4088483403684,42.283646764745,2018-03-01,548
-84.4088483403684,42.283646764745,1985-02-10,128
-84.4088483403684,42.283646764745,2018-04-23,276
-84.4088483403684,42.283646764745,2012-04-17,320
-84.4088483403684,42.283646764745,2006-02-20,246
-84.4088483403684,42.283646764745,2010-02-18,98.2
-84.4088483403684,42.283646764745,2002-06-01,167
-84.4088483403684,42.283646764745,1995-03-01,163
-84.4088483403684,42.283646764745,1980-01-01,187
-84.4088483403684,42.283646764745,1999-09-01,48.0
-84.4088483403684,42.283646764745,2016-11-22,62.2
-84.4088483403684,42.283646764745,1984-11-15,173
-84.4088483403684,42.283646764745,2015-11-12,73.9
-84.4088483403684,42.283646764745,1998-04-08,314
-84.4088483403684,42.283646764745,1997-08-04,62.0
-84.4088483403684,42.283646764745,1986-01-28,151
-84.4088483403684,42.283646764745,1985-06-23,119
-84.4088483403684,42.283646764745,2005-05-06,90.2
-84.4088483403684,42.283646764745,1988-10-02,137
-84.4088483403684,42.283646764745,2002-02-20,247
-84.4088483403684,42.283646764745,2022-05-20,187
-84.4088483403684,42.283646764745,2025-11-08,61.8
-84.4088483403684,42.283646764745,1984-12-24,90.0
-84.4088483403684,42.283646764745,2012-02-12,172
-84.4088483403684,42.283646764745,1981-01-08,74.0
-84.4088483403684,42.283646764745,1992-06-03,89.0
-84.4088483403684,42.283646764745,1985-05-07,151
-84.4088483403684,42.283646764745,2015-11-07,65.8
-84.4088483403684,42.283646764745,2012-04-25,146
-84.4088483403684,42.283646764745,1983-11-10,71.0
-84.4088483403684,42.283646764745,2010-04-02,149
-84.4088483403684,42.283646764745,1999-11-06,46.0
-84.4088483403684,42.283646764745,1994-07-09,179
-84.4088483403684,42.283646764745,2019-10-24,78.2
-84.4088483403684,42.283646764745,2008-12-27,339
-84.4088483403684,42.283646764745,1984-07-06,59.0
-84.4088483403684,42.283646764745,2010-06-29,351
-84.4088483403684,42.283646764745,1987-04-19,139
-84.4088483403684,42.283646764745,1999-08-22,48.0
-84.4088483403684,42.283646764745,2003-03-11,104
-84.4088483403684,42.283646764745,2025-09-17,47.6
-84.4088483403684,42.283646764745,2002-03-16,281
-84.4088483403684,42.283646764745,2000-05-28,281
-84.4088483403684,42.283646764745,2013-12-08,63.2
-84.4088483403684,42.283646764745,2002-01-07,110
-84.4088483403684,42.283646764745,2017-10-24,137
-84.4088483403684,42.283646764745,1985-04-07,430
-84.4088483403684,42.283646764745,1980-05-18,187
-84.4088483403684,42.283646764745,2019-11-27,239
-84.4088483403684,42.283646764745,1993-10-10,134
-84.4088483403684,42.283646764745,1997-08-25,97.0
-84.4088483403684,42.283646764745,2005-07-29,137
-84.4088483403684,42.283646764745,1993-09-07,139
-84.4088483403684,42.283646764745,2024-05-08,203
-84.4088483403684,42.283646764745,2002-02-03,219
-84.4088483403684,42.283646764745,2006-03-16,390
-84.4088483403684,42.283646764745,2019-11-04,206
-84.4088483403684,42.283646764745,2004-01-21,74.5
-84.4088483403684,42.283646764745,2014-11-22,59.9
-84.4088483403684,42.283646764745,2003-06-18,66.9
-84.4088483403684,42.283646764745,2003-12-07,71.9
-84.4088483403684,42.283646764745,2024-02-03,422
-84.4088483403684,42.283646764745,2000-06-07,149
-84.4088483403684,42.283646764745,2014-07-16,136
-84.4088483403684,42.283646764745,1998-09-03,66.0
-84.4088483403684,42.283646764745,1984-12-11,120
-84.4088483403684,42.283646764745,2016-04-05,190
-84.4088483403684,42.283646764745,2017-09-25,30.6
-84.4088483403684,42.283646764745,2009-10-08,132
-84.4088483403684,42.283646764745,1999-08-25,62.0
-84.4088483403684,42.283646764745,1985-08-23,50.0
-84.4088483403684,42.283646764745,2002-09-17,37.0
-84.4088483403684,42.283646764745,1987-04-22,109
-84.4088483403684,42.283646764745,1989-08-29,76.0
-84.4088483403684,42.283646764745,2002-08-09,55.0
-84.4088483403684,42.283646764745,1993-01-11,440
-84.4088483403684,42.283646764745,2011-07-15,61.4
-84.4088483403684,42.283646764745,1994-09-25,52.0
-84.4088483403684,42.283646764745,2020-11-14,125
-84.4088483403684,42.283646764745,2020-12-28,93.4
-84.4088483403684,42.283646764745,2000-06-16,176
-84.4088483403684,42.283646764745,1980-01-23,150
-84.4088483403684,42.283646764745,2008-03-05,338
-84.4088483403684,42.283646764745,1995-02-18,123
-84.4088483403684,42.283646764745,2013-02-23,89.6
-84.4088483403684,42.283646764745,1993-03-20,247
-84.4088483403684,42.283646764745,1990-06-18,103
-84.4088483403684,42.283646764745,2001-07-05,68.0
-84.4088483403684,42.283646764745,2012-03-28,212
-84.4088483403684,42.283646764745,2015-04-23,95.9
-84.4088483403684,42.283646764745,2023-04-27,137
-84.4088483403684,42.283646764745,2005-06-23,59.7
-84.4088483403684,42.283646764745,1995-04-03,140
-84.4088483403684,42.283646764745,1990-05-22,309
-84.4088483403684,42.283646764745,1997-07-27,73.0
-84.4088483403684,42.283646764745,2015-09-14,50.4
-84.4088483403684,42.283646764745,1991-07-31,85.0
-84.4088483403684,42.283646764745,2007-03-30,326
-84.4088483403684,42.283646764745,2018-10-31,86.8
-84.4088483403684,42.283646764745,2022-01-31,97.5
-84.4088483403684,42.283646764745,1994-01-06,86.0
-84.4088483403684,42.283646764745,1983-02-15,86.0
-84.4088483403684,42.283646764745,2006-05-19,342
-84.4088483403684,42.283646764745,1987-10-28,126
-84.4088483403684,42.283646764745,2008-03-22,384
-84.4088483403684,42.283646764745,2022-10-09,49.9
-84.4088483403684,42.283646764745,2009-09-15,86.2
-84.4088483403684,42.283646764745,1996-02-14,97.0
-84.4088483403684,42.283646764745,2007-11-14,62.1
-84.4088483403684,42.283646764745,2014-10-15,131
-84.4088483403684,42.283646764745,2018-03-04,483
-84.4088483403684,42.283646764745,2023-10-10,72.1
-84.4088483403684,42.283646764745,1997-02-16,99.0
-84.4088483403684,42.283646764745,2000-12-15,109
-84.4088483403684,42.283646764745,2024-07-21,325
-84.4088483403684,42.283646764745,2008-07-09,218
-84.4088483403684,42.283646764745,1980-02-21,128
-84.4088483403684,42.283646764745,1983-04-03,246
-84.4088483403684,42.283646764745,1989-04-19,191
-84.4088483403684,42.283646764745,2025-03-20,220
-84.4088483403684,42.283646764745,2010-01-27,132
-84.4088483403684,42.283646764745,2007-11-28,154
-84.4088483403684,42.283646764745,1983-11-21,193
-84.4088483403684,42.283646764745,2012-07-03,42.5
-84.4088483403684,42.283646764745,1992-10-18,280
-84.4088483403684,42.283646764745,1981-06-09,231
-84.4088483403684,42.283646764745,2005-05-17,113
-84.4088483403684,42.283646764745,1993-10-14,130
-84.4088483403684,42.283646764745,2021-12-12,318
-84.4088483403684,42.283646764745,2007-10-02,74.8
-84.4088483403684,42.283646764745,2011-07-26,51.6
-84.4088483403684,42.283646764745,2015-10-22,39.2
-84.4088483403684,42.283646764745,1986-02-15,139
-84.4088483403684,42.283646764745,2016-03-19,165
-84.4088483403684,42.283646764745,1992-08-12,117
-84.4088483403684,42.283646764745,2005-11-24,55.4
-84.4088483403684,42.283646764745,1994-10-22,93.0
-84.4088483403684,42.283646764745,1999-05-05,163
-84.4088483403684,42.283646764745,2000-07-05,156
-84.4088483403684,42.283646764745,2026-06-23,80.2
-84.4088483403684,42.283646764745,1995-10-31,138
-84.4088483403684,42.283646764745,2010-08-31,69.9
-84.4088483403684,42.283646764745,1994-05-11,206
-84.4088483403684,42.283646764745,1980-09-06,159
-84.4088483403684,42.283646764745,1983-12-25,100
-84.4088483403684,42.283646764745,2009-11-10,109
-84.4088483403684,42.283646764745,1994-04-08,241
-84.4088483403684,42.283646764745,1991-03-20,208
-84.4088483403684,42.283646764745,2001-09-25,81.0
-84.4088483403684,42.283646764745,1986-06-14,137
-84.4088483403684,42.283646764745,2002-09-19,45.0
-84.4088483403684,42.283646764745,2007-09-11,113
-84.4088483403684,42.283646764745,2018-01-24,134
-84.4088483403684,42.283646764745,1990-11-07,216
-84.4088483403684,42.283646764745,1996-08-22,63.0
-84.4088483403684,42.283646764745,2009-10-01,122
-84.4088483403684,42.283646764745,2002-03-23,151
-84.4088483403684,42.283646764745,2009-11-07,134
-84.4088483403684,42.283646764745,1984-05-03,114
-84.4088483403684,42.283646764745,1983-03-26,174
-84.4088483403684,42.283646764745,1997-10-24,66.0
-84.4088483403684,42.283646764745,2020-05-16,317
-84.4088483403684,42.283646764745,1998-05-14,242
-84.4088483403684,42.283646764745,2024-09-01,83.3
-84.4088483403684,42.283646764745,2003-03-03,57.2
-84.4088483403684,42.283646764745,1994-02-06,136
-84.4088483403684,42.283646764745,1997-08-21,96.0
-84.4088483403684,42.283646764745,1997-12-16,129
-84.4088483403684,42.283646764745,2001-06-07,298
-84.4088483403684,42.283646764745,1994-07-17,83.0
-84.4088483403684,42.283646764745,1983-06-03,237
-84.4088483403684,42.283646764745,1980-05-01,205
-84.4088483403684,42.283646764745,1988-08-12,38.0
-84.4088483403684,42.283646764745,2002-10-26,55.7
-84.4088483403684,42.283646764745,2023-06-07,57.8
-84.4088483403684,42.283646764745,1997-08-19,84.0
-84.4088483403684,42.283646764745,2026-01-19,97.1
-84.4088483403684,42.283646764745,1997-07-03,79.0
-84.4088483403684,42.283646764745,1998-03-10,420
-84.4088483403684,42.283646764745,1993-09-08,145
-84.4088483403684,42.283646764745,2021-11-01,347
-84.4088483403684,42.283646764745,2015-10-26,46.3
-84.4088483403684,42.283646764745,1980-02-10,44.0
-84.4088483403684,42.283646764745,2022-09-17,53.5
-84.4088483403684,42.283646764745,2006-10-27,176
-84.4088483403684,42.283646764745,2016-12-17,122
-84.4088483403684,42.283646764745,2025-01-09,121
-84.4088483403684,42.283646764745,1983-04-02,250
-84.4088483403684,42.283646764745,2014-12-21,69.7
-84.4088483403684,42.283646764745,1992-08-06,226
-84.4088483403684,42.283646764745,2013-12-05,75.7
-84.4088483403684,42.283646764745,1995-06-12,78.0
-84.4088483403684,42.283646764745,1980-05-21,184
-84.4088483403684,42.283646764745,2015-10-30,62.5
-84.4088483403684,42.283646764745,2014-04-01,360
-84.4088483403684,42.283646764745,2001-12-20,292
-84.4088483403684,42.283646764745,2026-07-09,183
-84.4088483403684,42.283646764745,2005-02-26,249
-84.4088483403684,42.283646764745,1984-02-12,129
-84.4088483403684,42.283646764745,2008-02-23,308
-84.4088483403684,42.283646764745,2015-03-09,76.6
-84.4088483403684,42.283646764745,2003-11-15,70.0
-84.4088483403684,42.283646764745,1992-01-15,155
-84.4088483403684,42.283646764745,2019-05-24,218
-84.4088483403684,42.283646764745,2019-03-09,168
-84.4088483403684,42.283646764745,2020-10-20,65.0
-84.4088483403684,42.283646764745,1993-02-18,143
-84.4088483403684,42.283646764745,2017-08-29,31.7
-84.4088483403684,42.283646764745,1985-03-27,242
-84.4088483403684,42.283646764745,1983-01-07,106
-84.4088483403684,42.283646764745,2017-06-19,68.0
-84.4088483403684,42.283646764745,2003-10-09,56.9
-84.4088483403684,42.283646764745,1988-04-01,205
-84.4088483403684,42.283646764745,2007-10-30,70.0
-84.4088483403684,42.283646764745,2008-09-24,153
-84.4088483403684,42.283646764745,2022-11-08,63.9
-84.4088483403684,42.283646764745,2005-04-14,183
-84.4088483403684,42.283646764745,2026-08-04,54.4
-84.4088483403684,42.283646764745,1995-02-14,89.0
-84.4088483403684,42.283646764745,2008-03-15,275
-84.4088483403684,42.283646764745,2009-01-23,145
-84.4088483403684,42.283646764745,2016-04-12,234
-84.4088483403684,42.283646764745,2017-12-31,85.8
-84.4088483403684,42.283646764745,2026-02-18,117
-84.4088483403684,42.283646764745,1985-11-05,79.0
-84.4088483403684,42.283646764745,1982-12-11,189
-84.4088483403684,42.283646764745,2012-10-25,75.3
-84.4088483403684,42.283646764745,2011-02-24,225
-84.4088483403684,42.283646764745,2001-10-23,218
-84.4088483403684,42.283646764745,1987-12-17,199
-84.4088483403684,42.283646764745,2003-10-16,152
-84.4088483403684,42.283646764745,2002-11-23,118
-84.4088483403684,42.283646764745,1994-11-14,169
-84.4088483403684,42.283646764745,2012-09-05,34.6
-84.4088483403684,42.283646764745,1997-04-03,310
-84.4088483403684,42.283646764745,1995-05-28,204
-84.4088483403684,42.283646764745,1988-07-16,47.0
-84.4088483403684,42.283646764745,1989-07-19,75.0
-84.4088483403684,42.283646764745,2020-09-22,56.2
-84.4088483403684,42.283646764745,1986-10-30,148
-84.4088483403684,42.283646764745,2009-01-16,172
-84.4088483403684,42.283646764745,2024-11-07,102
-84.4088483403684,42.283646764745,1991-10-07,97.0
-84.4088483403684,42.283646764745,1980-11-08,72.0
-84.4088483403684,42.283646764745,1997-04-10,183
-84.4088483403684,42.283646764745,2004-05-29,291
-84.4088483403684,42.283646764745,1981-08-24,56.0
-84.4088483403684,42.283646764745,2010-10-19,56.8
-84.4088483403684,42.283646764745,1985-01-21,88.0
-84.4088483403684,42.283646764745,1998-11-30,124
-84.4088483403684,42.283646764745,1987-03-07,171
-84.4088483403684,42.283646764745,2005-09-03,49.6
-84.4088483403684,42.283646764745,1992-06-16,81.0
-84.4088483403684,42.283646764745,1981-07-11,68.0
-84.4088483403684,42.283646764745,2024-03-01,124
-84.4088483403684,42.283646764745,1981-02-03,136
-84.4088483403684,42.283646764745,2016-10-24,85.5
-84.4088483403684,42.283646764745,2004-02-06,76.1
-84.4088483403684,42.283646764745,2016-10-10,57.4
-84.4088483403684,42.283646764745,2001-07-27,69.0
-84.4088483403684,42.283646764745,2026-01-01,150
-84.4088483403684,42.283646764745,2017-09-01,27.9
-84.4088483403684,42.283646764745,1991-06-24,83.0
-84.4088483403684,42.283646764745,1989-10-21,105
-84.4088483403684,42.283646764745,2024-10-21,84.1
-84.4088483403684,42.283646764745,2010-10-21,59.7
-84.4088483403684,42.283646764745,2026-04-07,261
-84.4088483403684,42.283646764745,1991-04-08,185
-84.4088483403684,42.283646764745,2009-12-06,115
-84.4088483403684,42.283646764745,1993-06-21,243
-84.4088483403684,42.283646764745,2002-10-20,45.0
-84.4088483403684,42.283646764745,2022-08-11,72.8
-84.4088483403684,42.283646764745,2014-04-21,143
-84.4088483403684,42.283646764745,2011-09-11,82.0
-84.4088483403684,42.283646764745,2019-04-18,216
-84.4088483403684,42.283646764745,1994-11-27,127
-84.4088483403684,42.283646764745,2008-01-01,153
-84.4088483403684,42.283646764745,2019-12-23,87.8
-84.4088483403684,42.283646764745,2008-06-11,146
-84.4088483403684,42.283646764745,1996-05-05,232
-84.4088483403684,42.283646764745,2022-06-11,249
-84.4088483403684,42.283646764745,2007-04-19,155
-84.4088483403684,42.283646764745,2017-09-15,30.9
-84.4088483403684,42.283646764745,1991-12-09,178
-84.4088483403684,42.283646764745,2017-01-18,380
-84.4088483403684,42.283646764745,2005-03-22,217
-84.4088483403684,42.283646764745,1995-09-23,61.0
-84.4088483403684,42.283646764745,2010-05-10,251
-84.4088483403684,42.283646764745,1986-08-12,53.0
-84.4088483403684,42.283646764745,1994-10-13,98.0
-84.4088483403684,42.283646764745,1980-07-15,65.0
-84.4088483403684,42.283646764745,2017-08-21,35.8
-84.4088483403684,42.283646764745,2006-11-09,206
-84.4088483403684,42.283646764745,1979-10-04,38.0
-84.4088483403684,42.283646764745,1982-05-25,174
-84.4088483403684,42.283646764745,2021-06-17,41.0
-84.4088483403684,42.283646764745,2003-04-07,346
-84.4088483403684,42.283646764745,2024-02-17,144
-84.4088483403684,42.283646764745,1994-04-29,192
-84.4088483403684,42.283646764745,2001-04-18,165
-84.4088483403684,42.283646764745,2003-05-22,167
-84.4088483403684,42.283646764745,1988-12-02,165
-84.4088483403684,42.283646764745,2012-05-06,156
-84.4088483403684,42.283646764745,2006-10-24,203
-84.4088483403684,42.283646764745,2010-02-23,108
-84.4088483403684,42.283646764745,2021-04-15,115
-84.4088483403684,42.283646764745,2003-12-22,110
-84.4088483403684,42.283646764745,2000-09-25,80.0
-84.4088483403684,42.283646764745,1989-07-15,74.0
-84.4088483403684,42.283646764745,2004-08-17,92.5
-84.4088483403684,42.283646764745,2010-05-02,174
-84.4088483403684,42.283646764745,2017-11-29,147
-84.4088483403684,42.283646764745,1989-04-17,199
-84.4088483403684,42.283646764745,1999-11-01,49.0
-84.4088483403684,42.283646764745,1991-07-16,60.0
-84.4088483403684,42.283646764745,2007-06-28,95.4
-84.4088483403684,42.283646764745,1996-03-08,156
-84.4088483403684,42.283646764745,2014-06-11,120
-84.4088483403684,42.283646764745,2022-02-22,340
-84.4088483403684,42.283646764745,1982-11-16,130
-84.4088483403684,42.283646764745,1984-12-09,66.0
-84.4088483403684,42.283646764745,2019-09-29,190
-84.4088483403684,42.283646764745,2013-01-24,65.8
-84.4088483403684,42.283646764745,2015-05-14,143
-84.4088483403684,42.283646764745,2016-07-09,47.2
-84.4088483403684,42.283646764745,2013-12-03,73.9
-84.4088483403684,42.283646764745,1999-12-22,133
-84.4088483403684,42.283646764745,2025-04-19,153
-84.4088483403684,42.283646764745,2004-03-29,224
-84.4088483403684,42.283646764745,1997-12-08,100
-84.4088483403684,42.283646764745,1981-04-01,183
-84.4088483403684,42.283646764745,1998-10-29,67.0
-84.4088483403684,42.283646764745,1979-12-23,89.0
-84.4088483403684,42.283646764745,1988-11-20,311
-84.4088483403684,42.283646764745,2005-10-06,45.0
-84.4088483403684,42.283646764745,2004-01-12,87.3
-84.4088483403684,42.283646764745,2013-01-22,132
-84.4088483403684,42.283646764745,1979-11-01,68.0
-84.4088483403684,42.283646764745,2004-01-17,77.8
-84.4088483403684,42.283646764745,2016-11-03,189
-84.4088483403684,42.283646764745,1987-01-09,113
-84.4088483403684,42.283646764745,2024-07-11,626
-84.4088483403684,42.283646764745,2012-10-29,143
-84.4088483403684,42.283646764745,2024-07-04,151
-84.4088483403684,42.283646764745,1994-02-10,126
-84.4088483403684,42.283646764745,2008-09-25,135
-84.4088483403684,42.283646764745,1996-06-03,91.0
-84.4088483403684,42.283646764745,1990-11-30,204
-84.4088483403684,42.283646764745,2013-02-20,84.8
-84.4088483403684,42.283646764745,2003-10-07,62.4
-84.4088483403684,42.283646764745,1979-08-01,77.0
-84.4088483403684,42.283646764745,2019-06-10,206
-84.4088483403684,42.283646764745,2022-10-24,61.8
-84.4088483403684,42.283646764745,1999-02-19,156
-84.4088483403684,42.283646764745,1993-08-16,73.0
-84.4088483403684,42.283646764745,1986-06-03,78.0
-84.4088483403684,42.283646764745,2016-05-12,186
-84.4088483403684,42.283646764745,1998-08-04,73.0
-84.4088483403684,42.283646764745,1995-01-20,269
-84.4088483403684,42.283646764745,1984-07-02,52.0
-84.4088483403684,42.283646764745,2004-10-24,60.3
-84.4088483403684,42.283646764745,2025-10-22,83.7
-84.4088483403684,42.283646764745,2006-05-06,139
-84.4088483403684,42.283646764745,2007-09-22,53.5
-84.4088483403684,42.283646764745,2015-07-20,203
-84.4088483403684,42.283646764745,2026-03-25,170
-84.4088483403684,42.283646764745,2022-11-16,64.6
-84.4088483403684,42.283646764745,1983-08-30,60.0
-84.4088483403684,42.283646764745,1994-11-10,191
-84.4088483403684,42.283646764745,2021-03-09,116
-84.4088483403684,42.283646764745,1999-12-07,143
-84.4088483403684,42.283646764745,2025-04-04,303
-84.4088483403684,42.283646764745,1981-03-28,165
-84.4088483403684,42.283646764745,2026-04-18,493
-84.4088483403684,42.283646764745,1994-09-16,59.0
-84.4088483403684,42.283646764745,2003-08-10,44.3
-84.4088483403684,42.283646764745,2005-09-12,45.4
-84.4088483403684,42.283646764745,2004-06-02,224
-84.4088483403684,42.283646764745,1990-09-05,64.0
-84.4088483403684,42.283646764745,2008-06-09,141
-84.4088483403684,42.283646764745,2014-04-11,400
-84.4088483403684,42.283646764745,2016-10-27,121
-84.4088483403684,42.283646764745,1983-06-06,249
-84.4088483403684,42.283646764745,2016-04-13,227
-84.4088483403684,42.283646764745,1994-08-26,107
-84.4088483403684,42.283646764745,2003-02-09,58.9
-84.4088483403684,42.283646764745,2023-12-05,151
-84.4088483403684,42.283646764745,2000-06-27,297
-84.4088483403684,42.283646764745,1998-12-27,68.0
-84.4088483403684,42.283646764745,1986-06-28,86.0
-84.4088483403684,42.283646764745,2013-03-25,175
-84.4088483403684,42.283646764745,1991-12-20,132
-84.4088483403684,42.283646764745,1983-10-10,48.0
-84.4088483403684,42.283646764745,2012-04-22,128
-84.4088483403684,42.283646764745,2002-11-21,126
-84.4088483403684,42.283646764745,1986-08-30,44.0
-84.4088483403684,42.283646764745,1989-07-29,178
-84.4088483403684,42.283646764745,2001-03-20,269
-84.4088483403684,42.283646764745,2000-01-14,106
-84.4088483403684,42.283646764745,1982-01-15,98.0
-84.4088483403684,42.283646764745,2020-02-21,122
-84.4088483403684,42.283646764745,2003-07-08,65.1
-84.4088483403684,42.283646764745,2002-04-07,219
-84.4088483403684,42.283646764745,1997-06-05,222
-84.4088483403684,42.283646764745,1990-01-03,108
-84.4088483403684,42.283646764745,2006-02-15,176
-84.4088483403684,42.283646764745,2000-11-27,111
-84.4088483403684,42.283646764745,1980-03-22,306
-84.4088483403684,42.283646764745,1992-02-06,101
-84.4088483403684,42.283646764745,2021-04-23,85.9
-84.4088483403684,42.283646764745,1993-04-23,281
-84.4088483403684,42.283646764745,1990-08-20,100
-84.4088483403684,42.283646764745,2015-01-23,79.0
-84.4088483403684,42.283646764745,2018-12-06,171
-84.4088483403684,42.283646764745,2003-04-16,163
-84.4088483403684,42.283646764745,2023-09-09,73.5
-84.4088483403684,42.283646764745,2022-05-22,181
-84.4088483403684,42.283646764745,1989-04-18,196
-84.4088483403684,42.283646764745,2007-06-23,71.7
-84.4088483403684,42.283646764745,1981-01-29,77.0
-84.4088483403684,42.283646764745,1980-12-21,90.0
-84.4088483403684,42.283646764745,2007-10-18,80.0
-84.4088483403684,42.283646764745,2018-03-18,169
-84.4088483403684,42.283646764745,1986-04-18,189
-84.4088483403684,42.283646764745,2019-11-12,167
-84.4088483403684,42.283646764745,2002-08-13,81.0
-84.4088483403684,42.283646764745,2015-05-26,64.5
-84.4088483403684,42.283646764745,1983-02-02,117
-84.4088483403684,42.283646764745,1979-12-25,236
-84.4088483403684,42.283646764745,1987-08-26,126
-84.4088483403684,42.283646764745,1983-10-31,82.0
-84.4088483403684,42.283646764745,1987-10-10,56.0
-84.4088483403684,42.283646764745,2008-10-02,149
-84.4088483403684,42.283646764745,1994-12-07,175
-84.4088483403684,42.283646764745,1984-01-30,73.0
-84.4088483403684,42.283646764745,1994-12-18,190
-84.4088483403684,42.283646764745,1997-06-15,84.0
-84.4088483403684,42.283646764745,1998-12-13,93.0
-84.4088483403684,42.283646764745,2009-03-09,465
-84.4088483403684,42.283646764745,2003-05-07,293
-84.4088483403684,42.283646764745,2022-12-26,71.3
-84.4088483403684,42.283646764745,1990-07-16,77.0
-84.4088483403684,42.283646764745,1998-10-24,65.0
-84.4088483403684,42.283646764745,1996-02-01,131
-84.4088483403684,42.283646764745,2007-04-26,308
-84.4088483403684,42.283646764745,2005-04-13,194
-84.4088483403684,42.283646764745,1980-10-09,130
-84.4088483403684,42.283646764745,2004-10-27,58.8
-84.4088483403684,42.283646764745,2008-02-11,350
-84.4088483403684,42.283646764745,2021-04-30,70.1
-84.4088483403684,42.283646764745,2003-01-24,56.1
-84.4088483403684,42.283646764745,2024-12-21,99.4
-84.4088483403684,42.283646764745,1984-12-04,75.0
-84.4088483403684,42.283646764745,1994-09-14,60.0
-84.4088483403684,42.283646764745,2021-01-18,88.2
-84.4088483403684,42.283646764745,1994-08-22,140
-84.4088483403684,42.283646764745,2020-01-03,320
-84.4088483403684,42.283646764745,1982-01-18,141
-84.4088483403684,42.283646764745,1990-07-18,83.0
-84.4088483403684,42.283646764745,1980-07-07,69.0
-84.4088483403684,42.283646764745,2011-07-30,269
-84.4088483403684,42.283646764745,2014-02-20,175
-84.4088483403684,42.283646764745,1994-08-07,64.0
-84.4088483403684,42.283646764745,2026-02-09,84.6
-84.4088483403684,42.283646764745,2005-01-23,162
-84.4088483403684,42.283646764745,2025-07-04,78.3
-84.4088483403684,42.283646764745,2020-09-25,55.0
-84.4088483403684,42.283646764745,1984-09-21,40.0
-84.4088483403684,42.283646764745,2008-11-21,168
-84.4088483403684,42.283646764745,1985-08-13,51.0
-84.4088483403684,42.283646764745,1989-01-03,151
-84.4088483403684,42.283646764745,2007-08-25,203
-84.4088483403684,42.283646764745,2025-09-20,43.9
-84.4088483403684,42.283646764745,2017-02-05,126
-84.4088483403684,42.283646764745,2015-11-25,82.5
-84.4088483403684,42.283646764745,2002-06-25,67.0
-84.4088483403684,42.283646764745,1992-11-04,275
-84.4088483403684,42.283646764745,1993-02-21,161
-84.4088483403684,42.283646764745,1982-07-12,82.0
-84.4088483403684,42.283646764745,1991-08-14,67.0
-84.4088483403684,42.283646764745,1988-03-21,155
-84.4088483403684,42.283646764745,1991-09-06,71.0
-84.4088483403684,42.283646764745,1985-01-30,86.0
-84.4088483403684,42.283646764745,2020-05-06,202
-84.4088483403684,42.283646764745,1993-01-12,435
-84.4088483403684,42.283646764745,1997-07-10,73.0
-84.4088483403684,42.283646764745,2012-11-02,79.2
-84.4088483403684,42.283646764745,2020-05-22,621
-84.4088483403684,42.283646764745,2018-12-08,162
-84.4088483403684,42.283646764745,2007-05-31,161
-84.4088483403684,42.283646764745,1988-01-12,87.0
-84.4088483403684,42.283646764745,2026-04-23,313
-84.4088483403684,42.283646764745,2010-11-04,54.1
-84.4088483403684,42.283646764745,1983-03-05,152
-84.4088483403684,42.283646764745,1987-07-26,31.0
-84.4088483403684,42.283646764745,2000-07-16,97.0
-84.4088483403684,42.283646764745,1989-09-24,130
-84.4088483403684,42.283646764745,2019-05-22,182
-84.4088483403684,42.283646764745,2011-09-07,63.5
-84.4088483403684,42.283646764745,1984-10-21,88.0
-84.4088483403684,42.283646764745,2023-01-25,120
-84.4088483403684,42.283646764745,1982-06-15,110
-84.4088483403684,42.283646764745,1982-01-07,140
-84.4088483403684,42.283646764745,2004-10-05,49.2
-84.4088483403684,42.283646764745,1999-05-28,106
-84.4088483403684,42.283646764745,2025-10-29,69.7
-84.4088483403684,42.283646764745,2008-03-21,376
-84.4088483403684,42.283646764745,2026-03-21,216
-84.4088483403684,42.283646764745,1996-07-19,59.0
-84.4088483403684,42.283646764745,2013-02-03,140
-84.4088483403684,42.283646764745,2007-06-10,269
-84.4088483403684,42.283646764745,1997-07-02,84.0
-84.4088483403684,42.283646764745,1994-07-10,172
-84.4088483403684,42.283646764745,2001-10-04,85.0
-84.4088483403684,42.283646764745,2010-08-28,65.5
-84.4088483403684,42.283646764745,1987-08-20,31.0
-84.4088483403684,42.283646764745,2000-05-04,163
-84.4088483403684,42.283646764745,2003-05-31,129
-84.4088483403684,42.283646764745,1993-04-19,287
-84.4088483403684,42.283646764745,2020-04-01,447
-84.4088483403684,42.283646764745,2021-08-06,60.2
-84.4088483403684,42.283646764745,2016-01-10,169
-84.4088483403684,42.283646764745,2018-10-28,60.1
-84.4088483403684,42.283646764745,2006-09-22,110
-84.4088483403684,42.283646764745,2020-03-13,239
-84.4088483403684,42.283646764745,2024-01-20,102
-84.4088483403684,42.283646764745,2003-10-04,70.7
-84.4088483403684,42.283646764745,2000-09-18,102
-84.4088483403684,42.283646764745,2015-10-11,39.3
-84.4088483403684,42.283646764745,1984-08-17,39.0
-84.4088483403684,42.283646764745,1991-12-19,166
-84.4088483403684,42.283646764745,1981-09-10,115
-84.4088483403684,42.283646764745,2004-07-28,148
-84.4088483403684,42.283646764745,2001-10-17,326
-84.4088483403684,42.283646764745,1987-07-03,65.0
-84.4088483403684,42.283646764745,1986-06-23,122
-84.4088483403684,42.283646764745,1980-02-01,58.0
-84.4088483403684,42.283646764745,2013-10-04,51.5
-84.4088483403684,42.283646764745,2005-04-20,97.2
-84.4088483403684,42.283646764745,2001-12-25,151
-84.4088483403684,42.283646764745,1983-05-20,216
-84.4088483403684,42.283646764745,2011-06-02,430
-84.4088483403684,42.283646764745,1999-09-26,27.0
-84.4088483403684,42.283646764745,1988-08-22,37.0
-84.4088483403684,42.283646764745,1995-08-14,142
-84.4088483403684,42.283646764745,1998-09-26,56.0
-84.4088483403684,42.283646764745,2006-03-17,369
-84.4088483403684,42.283646764745,2010-04-17,105
-84.4088483403684,42.283646764745,1980-02-14,52.0
-84.4088483403684,42.283646764745,2016-09-20,40.9
-84.4088483403684,42.283646764745,1997-04-01,323
-84.4088483403684,42.283646764745,2004-09-16,59.4
-84.4088483403684,42.283646764745,1986-12-08,169
-84.4088483403684,42.283646764745,2005-07-07,62.1
-84.4088483403684,42.283646764745,2002-05-21,261
-84.4088483403684,42.283646764745,1995-12-19,102
-84.4088483403684,42.283646764745,2018-05-12,470
-84.4088483403684,42.283646764745,1986-05-29,167
-84.4088483403684,42.283646764745,1985-10-13,113
-84.4088483403684,42.283646764745,2018-12-21,94.8
-84.4088483403684,42.283646764745,2007-03-26,344
-84.4088483403684,42.283646764745,2015-11-14,63.7
-84.4088483403684,42.283646764745,2003-06-17,66.6
-84.4088483403684,42.283646764745,2015-10-01,41.0
-84.4088483403684,42.283646764745,2014-06-10,151
-84.4088483403684,42.283646764745,2014-03-18,325
-84.4088483403684,42.283646764745,2015-04-24,91.8
-84.4088483403684,42.283646764745,2003-11-16,69.2
-84.4088483403684,42.283646764745,1993-11-03,164
-84.4088483403684,42.283646764745,1984-04-30,195
-84.4088483403684,42.283646764745,2000-07-27,60.0
-84.4088483403684,42.283646764745,2018-08-13,47.0
-84.4088483403684,42.283646764745,1985-08-17,53.0
-84.4088483403684,42.283646764745,2017-11-15,108
-84.4088483403684,42.283646764745,1993-01-05,438
-84.4088483403684,42.283646764745,1987-01-01,95.0
-84.4088483403684,42.283646764745,2018-07-27,44.5
-84.4088483403684,42.283646764745,2024-07-14,611
-84.4088483403684,42.283646764745,1992-01-17,163
-84.4088483403684,42.283646764745,1995-07-08,83.0
-84.4088483403684,42.283646764745,2010-12-01,148
-84.4088483403684,42.283646764745,2016-01-08,141
-84.4088483403684,42.283646764745,2015-07-23,163
-84.4088483403684,42.283646764745,1984-07-13,57.0
-84.4088483403684,42.283646764745,1993-08-13,73.0
-84.4088483403684,42.283646764745,2023-03-17,302
-84.4088483403684,42.283646764745,2006-03-27,150
-84.4088483403684,42.283646764745,1987-09-03,74.0
-84.4088483403684,42.283646764745,2020-09-12,63.3
-84.4088483403684,42.283646764745,2000-10-15,100
-84.4088483403684,42.283646764745,1984-04-20,250
-84.4088483403684,42.283646764745,2021-07-14,67.5
-84.4088483403684,42.283646764745,2017-12-07,83.6
-84.4088483403684,42.283646764745,2020-07-19,86.1
-84.4088483403684,42.283646764745,2005-08-31,55.4
-84.4088483403684,42.283646764745,1989-02-09,99.0
-84.4088483403684,42.283646764745,2020-09-16,67.7
-84.4088483403684,42.283646764745,1995-01-29,257
-84.4088483403684,42.283646764745,1995-02-19,118
-84.4088483403684,42.283646764745,1995-06-04,109
-84.4088483403684,42.283646764745,1993-05-30,110
-84.4088483403684,42.283646764745,2022-08-18,73.2
-84.4088483403684,42.283646764745,2024-06-01,96.8
-84.4088483403684,42.283646764745,1997-06-14,91.0
-84.4088483403684,42.283646764745,2021-12-28,195
-84.4088483403684,42.283646764745,1979-07-14,51.0
-84.4088483403684,42.283646764745,2009-07-30,121
-84.4088483403684,42.283646764745,2016-11-23,73.3
-84.4088483403684,42.283646764745,2000-08-27,131
-84.4088483403684,42.283646764745,2020-04-05,423
-84.4088483403684,42.283646764745,1986-08-20,47.0
-84.4088483403684,42.283646764745,2008-10-11,81.3
-84.4088483403684,42.283646764745,1996-07-23,61.0
-84.4088483403684,42.283646764745,2019-12-11,215
-84.4088483403684,42.283646764745,1985-02-26,456
-84.4088483403684,42.283646764745,1983-11-05,129
-84.4088483403684,42.283646764745,1985-11-17,232
-84.4088483403684,42.283646764745,2015-04-01,113
-84.4088483403684,42.283646764745,1987-11-04,99.0
-84.4088483403684,42.283646764745,2017-09-24,29.1
-84.4088483403684,42.283646764745,2005-06-22,61.2
-84.4088483403684,42.283646764745,2015-06-01,193
-84.4088483403684,42.283646764745,2000-10-06,178
-84.4088483403684,42.283646764745,2016-12-04,112
-84.4088483403684,42.283646764745,1985-07-12,67.0
-84.4088483403684,42.283646764745,2021-06-19,68.4
-84.4088483403684,42.283646764745,2003-11-11,150
-84.4088483403684,42.283646764745,2024-05-28,126
-84.4088483403684,42.283646764745,2025-10-16,39.7
-84.4088483403684,42.283646764745,1996-08-30,58.0
-84.4088483403684,42.283646764745,2025-08-15,57.4
-84.4088483403684,42.283646764745,1981-08-13,97.0
-84.4088483403684,42.283646764745,2002-09-11,39.0
-84.4088483403684,42.283646764745,2016-08-16,358
-84.4088483403684,42.283646764745,2001-07-18,60.0
-84.4088483403684,42.283646764745,2016-01-17,92.1
-84.4088483403684,42.283646764745,2018-11-02,115
-84.4088483403684,42.283646764745,2008-02-14,316
-84.4088483403684,42.283646764745,1997-02-17,102
-84.4088483403684,42.283646764745,1998-10-11,78.0
-84.4088483403684,42.283646764745,1999-06-18,86.0
-84.4088483403684,42.283646764745,2001-04-07,228
-84.4088483403684,42.283646764745,2008-05-27,112
-84.4088483403684,42.283646764745,2009-04-29,375
-84.4088483403684,42.283646764745,1986-12-15,167
-84.4088483403684,42.283646764745,1989-04-15,192
-84.4088483403684,42.283646764745,1995-03-12,272
-84.4088483403684,42.283646764745,2015-04-04,117
-84.4088483403684,42.283646764745,1986-08-07,96.0
-84.4088483403684,42.283646764745,2000-12-25,117
-84.4088483403684,42.283646764745,2016-05-17,203
-84.4088483403684,42.283646764745,2006-06-30,283
-84.4088483403684,42.283646764745,1997-03-25,251
-84.4088483403684,42.283646764745,2018-07-08,67.1
-84.4088483403684,42.283646764745,1979-08-10,93.0
-84.4088483403684,42.283646764745,1990-12-23,222
-84.4088483403684,42.283646764745,1999-08-24,57.0
-84.4088483403684,42.283646764745,2006-08-25,66.7
-84.4088483403684,42.283646764745,2010-03-28,231
-84.4088483403684,42.283646764745,2024-05-12,190
-84.4088483403684,42.283646764745,1987-07-10,43.0
-84.4088483403684,42.283646764745,1996-01-04,87.0
-84.4088483403684,42.283646764745,2010-08-20,80.0
-84.4088483403684,42.283646764745,1988-09-20,68.0
-84.4088483403684,42.283646764745,2017-11-22,181
-84.4088483403684,42.283646764745,2021-12-18,270
-84.4088483403684,42.283646764745,1989-12-27,75.0
-84.4088483403684,42.283646764745,2022-11-09,60.5
-84.4088483403684,42.283646764745,1980-07-08,131
-84.4088483403684,42.283646764745,2002-07-17,44.0
-84.4088483403684,42.283646764745,2011-02-01,74.0
-84.4088483403684,42.283646764745,2026-05-16,89.5
-84.4088483403684,42.283646764745,2024-08-03,180
-84.4088483403684,42.283646764745,2003-08-27,57.9
-84.4088483403684,42.283646764745,1987-11-25,162
-84.4088483403684,42.283646764745,1994-10-31,81.0
-84.4088483403684,42.283646764745,1994-03-26,310
-84.4088483403684,42.283646764745,2001-06-11,226
-84.4088483403684,42.283646764745,2019-09-24,63.1
-84.4088483403684,42.283646764745,2005-09-26,72.5
-84.4088483403684,42.283646764745,2023-06-04,61.2
-84.4088483403684,42.283646764745,1992-04-16,153
-84.4088483403684,42.283646764745,1983-05-31,224
-84.4088483403684,42.283646764745,2019-05-02,435
-84.4088483403684,42.283646764745,2023-10-12,69.3
-84.4088483403684,42.283646764745,1982-02-03,91.0
-84.4088483403684,42.283646764745,2008-12-11,163
-84.4088483403684,42.283646764745,2006-12-27,169
-84.4088483403684,42.283646764745,2011-01-05,187
-84.4088483403684,42.283646764745,2015-11-04,69.4
-84.4088483403684,42.283646764745,1987-06-13,60.0
-84.4088483403684,42.283646764745,2022-04-12,237
-84.4088483403684,42.283646764745,1997-03-21,262
-84.4088483403684,42.283646764745,2023-03-09,323
-84.4088483403684,42.283646764745,1991-05-05,198
-84.4088483403684,42.283646764745,1984-09-07,28.0
-84.4088483403684,42.283646764745,2021-05-25,58.5
-84.4088483403684,42.283646764745,2014-04-23,125
-84.4088483403684,42.283646764745,2026-03-18,247
-84.4088483403684,42.283646764745,2011-10-26,292
-84.4088483403684,42.283646764745,2000-02-10,66.0
-84.4088483403684,42.283646764745,1985-06-03,122
-84.4088483403684,42.283646764745,2024-03-06,143
-84.4088483403684,42.283646764745,2012-01-16,196
-84.4088483403684,42.283646764745,1990-07-17,87.0
-84.4088483403684,42.283646764745,2010-11-02,55.1
-84.4088483403684,42.283646764745,1987-01-30,83.0
-84.4088483403684,42.283646764745,1984-12-18,88.0
-84.4088483403684,42.283646764745,2004-02-19,72.4
-84.4088483403684,42.283646764745,1997-08-06,60.0
-84.4088483403684,42.283646764745,1990-07-11,81.0
-84.4088483403684,42.283646764745,1983-02-10,88.0
-84.4088483403684,42.283646764745,1983-06-24,69.0
-84.4088483403684,42.283646764745,2011-03-20,335
-84.4088483403684,42.283646764745,2003-05-02,161
-84.4088483403684,42.283646764745,2010-05-26,397
-84.4088483403684,42.283646764745,2009-09-06,71.5
-84.4088483403684,42.283646764745,2002-09-09,44.0
-84.4088483403684,42.283646764745,1999-06-17,87.0
-84.4088483403684,42.283646764745,1981-10-24,131
-84.4088483403684,42.283646764745,2000-03-06,100
-84.4088483403684,42.283646764745,2021-07-11,67.3
-84.4088483403684,42.283646764745,2015-09-18,53.4
-84.4088483403684,42.283646764745,2016-12-22,63.0
-84.4088483403684,42.283646764745,1982-12-20,182
-84.4088483403684,42.283646764745,1990-04-25,285
-84.4088483403684,42.283646764745,2025-10-08,46.6
-84.4088483403684,42.283646764745,1984-11-29,136
-84.4088483403684,42.283646764745,2005-09-20,49.2
-84.4088483403684,42.283646764745,1987-09-22,96.0
-84.4088483403684,42.283646764745,2011-02-21,231
-84.4088483403684,42.283646764745,1991-01-12,282
-84.4088483403684,42.283646764745,2017-10-17,126
-84.4088483403684,42.283646764745,2012-09-03,32.7
-84.4088483403684,42.283646764745,2018-11-19,128
-84.4088483403684,42.283646764745,2016-07-03,38.6
-84.4088483403684,42.283646764745,1993-02-07,216
-84.4088483403684,42.283646764745,1985-10-10,68.0
-84.4088483403684,42.283646764745,1988-11-09,171
-84.4088483403684,42.283646764745,2002-02-06,228
-84.4088483403684,42.283646764745,2006-08-06,88.1
-84.4088483403684,42.283646764745,1985-09-03,43.0
-84.4088483403684,42.283646764745,1992-03-24,166
-84.4088483403684,42.283646764745,2023-11-16,86.4
-84.4088483403684,42.283646764745,1989-04-24,174
-84.4088483403684,42.283646764745,1984-11-18,150
-84.4088483403684,42.283646764745,2023-11-08,93.5
-84.4088483403684,42.283646764745,1981-09-19,154
-84.4088483403684,42.283646764745,2019-01-10,169
-84.4088483403684,42.283646764745,1993-08-22,58.0
-84.4088483403684,42.283646764745,2007-07-25,47.3
-84.4088483403684,42.283646764745,1996-07-17,59.0
-84.4088483403684,42.283646764745,1996-01-28,139
-84.4088483403684,42.283646764745,2009-06-16,215
-84.4088483403684,42.283646764745,1981-09-30,287
-84.4088483403684,42.283646764745,1983-01-03,187
-84.4088483403684,42.283646764745,2006-04-02,190
-84.4088483403684,42.283646764745,1998-05-10,341
-84.4088483403684,42.283646764745,1997-04-02,317
-84.4088483403684,42.283646764745,1984-02-14,268
-84.4088483403684,42.283646764745,2016-03-20,157
-84.4088483403684,42.283646764745,1999-11-26,59.0
-84.4088483403684,42.283646764745,2004-05-20,149
-84.4088483403684,42.283646764745,2024-12-06,88.2
-84.4088483403684,42.283646764745,1993-07-10,108
-84.4088483403684,42.283646764745,1994-12-20,192
-84.4088483403684,42.283646764745,1992-09-19,219
-84.4088483403684,42.283646764745,2025-10-17,41.0
-84.4088483403684,42.283646764745,1993-03-31,408
-84.4088483403684,42.283646764745,1987-06-09,65.0
-84.4088483403684,42.283646764745,2005-03-31,313
-84.4088483403684,42.283646764745,1988-10-14,62.0
-84.4088483403684,42.283646764745,2015-04-06,114
-84.4088483403684,42.283646764745,1996-03-18,171
-84.4088483403684,42.283646764745,2001-05-11,102
-84.4088483403684,42.283646764745,1995-04-29,193
-84.4088483403684,42.283646764745,2015-02-22,67.6
-84.4088483403684,42.283646764745,2019-01-03,203
-84.4088483403684,42.283646764745,2003-07-16,46.0
-84.4088483403684,42.283646764745,2004-05-04,96.6
-84.4088483403684,42.283646764745,2006-04-29,91.7
-84.4088483403684,42.283646764745,2011-12-19,251
-84.4088483403684,42.283646764745,1995-01-14,208
-84.4088483403684,42.283646764745,1988-04-13,258
-84.4088483403684,42.283646764745,2018-08-24,50.4
-84.4088483403684,42.283646764745,1991-05-10,177
-84.4088483403684,42.283646764745,1993-07-25,196
-84.4088483403684,42.283646764745,2007-06-07,349
-84.4088483403684,42.283646764745,1989-05-08,102
-84.4088483403684,42.283646764745,1994-03-22,313
-84.4088483403684,42.283646764745,2007-11-09,61.6
-84.4088483403684,42.283646764745,2015-06-20,396
-84.4088483403684,42.283646764745,1991-01-22,249
-84.4088483403684,42.283646764745,2003-06-13,73.3
-84.4088483403684,42.283646764745,1986-03-01,175
-84.4088483403684,42.283646764745,2011-09-21,118
-84.4088483403684,42.283646764745,2020-11-04,71.4
-84.4088483403684,42.283646764745,2001-05-28,315
-84.4088483403684,42.283646764745,2013-07-28,70.5
-84.4088483403684,42.283646764745,1983-05-23,242
-84.4088483403684,42.283646764745,2009-12-29,138
-84.4088483403684,42.283646764745,1988-01-20,130
-84.4088483403684,42.283646764745,1992-06-24,108
-84.4088483403684,42.283646764745,1992-12-29,153
-84.4088483403684,42.283646764745,2008-10-16,104
-84.4088483403684,42.283646764745,2006-04-07,217
-84.4088483403684,42.283646764745,1993-09-15,183
-84.4088483403684,42.283646764745,2011-02-08,84.4
-84.4088483403684,42.283646764745,1985-07-15,134
-84.4088483403684,42.283646764745,2000-08-29,77.0
-84.4088483403684,42.283646764745,2010-05-15,347
-84.4088483403684,42.283646764745,1983-06-27,105
-84.4088483403684,42.283646764745,2017-01-26,262
-84.4088483403684,42.283646764745,2010-03-27,213
-84.4088483403684,42.283646764745,2013-06-23,72.6
-84.4088483403684,42.283646764745,2001-06-12,169
-84.4088483403684,42.283646764745,2015-05-25,59.5
-84.4088483403684,42.283646764745,1999-04-02,128
-84.4088483403684,42.283646764745,1985-07-27,62.0
-84.4088483403684,42.283646764745,2015-12-05,136
-84.4088483403684,42.283646764745,2009-09-02,84.7
-84.4088483403684,42.283646764745,1994-11-03,99.0
-84.4088483403684,42.283646764745,1987-09-02,78.0
-84.4088483403684,42.283646764745,2002-11-19,63.7
-84.4088483403684,42.283646764745,1995-02-09,122
-84.4088483403684,42.283646764745,2017-10-11,109
-84.4088483403684,42.283646764745,2002-10-01,46.5
-84.4088483403684,42.283646764745,2025-01-02,220
-84.4088483403684,42.283646764745,2011-07-02,87.2
-84.4088483403684,42.283646764745,1980-01-15,146
-84.4088483403684,42.283646764745,1982-04-01,497
-84.4088483403684,42.283646764745,2008-09-21,212
-84.4088483403684,42.283646764745,1992-11-27,346
-84.4088483403684,42.283646764745,2009-04-02,330
-84.4088483403684,42.283646764745,1979-07-17,52.0
-84.4088483403684,42.283646764745,2018-10-24,54.5
-84.4088483403684,42.283646764745,2010-02-19,96.9
-84.4088483403684,42.283646764745,1980-11-27,78.0
-84.4088483403684,42.283646764745,2015-11-28,155
-84.4088483403684,42.283646764745,2013-01-12,73.8
-84.4088483403684,42.283646764745,2020-01-02,307
-84.4088483403684,42.283646764745,1987-03-15,165
-84.4088483403684,42.283646764745,2006-06-18,78.3
-84.4088483403684,42.283646764745,2006-01-12,166
-84.4088483403684,42.283646764745,2026-05-08,179
-84.4088483403684,42.283646764745,2021-11-17,218
-84.4088483403684,42.283646764745,2024-11-08,102
-84.4088483403684,42.283646764745,1987-02-27,115
-84.4088483403684,42.283646764745,2021-08-03,60.7
-84.4088483403684,42.283646764745,2007-09-05,75.3
-84.4088483403684,42.283646764745,2003-07-28,42.4
-84.4088483403684,42.283646764745,2014-06-03,200
-84.4088483403684,42.283646764745,1985-10-29,182
-84.4088483403684,42.283646764745,2000-05-12,194
-84.4088483403684,42.283646764745,1984-06-12,94.0
-84.4088483403684,42.283646764745,2020-10-05,55.3
-84.4088483403684,42.283646764745,1999-10-11,50.0
-84.4088483403684,42.283646764745,2005-01-30,128
-84.4088483403684,42.283646764745,2020-07-04,92.9
-84.4088483403684,42.283646764745,2013-07-22,70.4
-84.4088483403684,42.283646764745,1993-09-29,266
-84.4088483403684,42.283646764745,1981-01-03,74.0
-84.4088483403684,42.283646764745,1981-02-26,370
-84.4088483403684,42.283646764745,2009-11-04,245
-84.4088483403684,42.283646764745,1984-06-24,56.0
-84.4088483403684,42.283646764745,2014-03-26,380
-84.4088483403684,42.283646764745,1993-05-31,116
-84.4088483403684,42.283646764745,2019-09-02,66.4
-84.4088483403684,42.283646764745,2003-11-27,166
-84.4088483403684,42.283646764745,2024-09-29,67.1
-84.4088483403684,42.283646764745,2002-04-22,222
-84.4088483403684,42.283646764745,1990-06-12,116
-84.4088483403684,42.283646764745,2000-07-22,72.0
-84.4088483403684,42.283646764745,2006-08-21,71.2
-84.4088483403684,42.283646764745,1979-07-13,59.0
-84.4088483403684,42.283646764745,2011-04-30,432
-84.4088483403684,42.283646764745,1979-04-29,164
-84.4088483403684,42.283646764745,1999-09-10,39.0
-84.4088483403684,42.283646764745,1994-12-17,191
-84.4088483403684,42.283646764745,1995-10-15,99.0
-84.4088483403684,42.283646764745,2020-11-18,66.4
-84.4088483403684,42.283646764745,1991-01-10,307
-84.4088483403684,42.283646764745,2025-12-22,95.9
-84.4088483403684,42.283646764745,1997-10-18,67.0
-84.4088483403684,42.283646764745,2021-09-10,42.1
-84.4088483403684,42.283646764745,1987-03-06,140
-84.4088483403684,42.283646764745,1997-07-22,99.0
-84.4088483403684,42.283646764745,1998-03-01,320
-84.4088483403684,42.283646764745,2025-09-09,46.6
-84.4088483403684,42.283646764745,2012-02-24,243
-84.4088483403684,42.283646764745,2016-02-06,101
-84.4088483403684,42.283646764745,2011-06-28,130
-84.4088483403684,42.283646764745,1987-10-02,69.0
-84.4088483403684,42.283646764745,2019-07-19,78.8
-84.4088483403684,42.283646764745,2011-01-28,74.8
-84.4088483403684,42.283646764745,1986-12-29,101
-84.4088483403684,42.283646764745,2009-03-31,285
-84.4088483403684,42.283646764745,2014-12-03,147
-84.4088483403684,42.283646764745,2017-08-04,63.4
-84.4088483403684,42.283646764745,2018-05-29,257
-84.4088483403684,42.283646764745,2016-05-27,81.2
-84.4088483403684,42.283646764745,1998-10-18,74.0
-84.4088483403684,42.283646764745,2017-05-07,186
-84.4088483403684,42.283646764745,2011-11-08,123
-84.4088483403684,42.283646764745,2024-01-25,174
-84.4088483403684,42.283646764745,2023-08-28,76.9
-84.4088483403684,42.283646764745,1983-03-12,209
-84.4088483403684,42.283646764745,2014-10-26,62.0
-84.4088483403684,42.283646764745,1981-11-23,174
-84.4088483403684,42.283646764745,1987-03-13,164
-84.4088483403684,42.283646764745,1986-07-22,78.0
-84.4088483403684,42.283646764745,1992-08-13,119
-84.4088483403684,42.283646764745,1992-12-10,185
-84.4088483403684,42.283646764745,2019-07-24,82.2
-84.4088483403684,42.283646764745,2020-05-26,559
-84.4088483403684,42.283646764745,1981-04-29,303
-84.4088483403684,42.283646764745,2016-05-21,122
-84.4088483403684,42.283646764745,1989-04-09,327
-84.4088483403684,42.283646764745,1994-04-14,276
-84.4088483403684,42.283646764745,1992-04-08,154
-84.4088483403684,42.283646764745,2001-08-11,43.0
-84.4088483403684,42.283646764745,2005-03-30,311
-84.4088483403684,42.283646764745,2000-10-02,68.0
-84.4088483403684,42.283646764745,2014-07-28,54.8
-84.4088483403684,42.283646764745,2013-10-08,143
-84.4088483403684,42.283646764745,1987-06-20,100
-84.4088483403684,42.283646764745,2002-12-28,77.1
-84.4088483403684,42.283646764745,2020-08-18,56.2
-84.4088483403684,42.283646764745,1999-04-10,188
-84.4088483403684,42.283646764745,1985-12-21,87.0
-84.4088483403684,42.283646764745,2023-05-24,74.8
-84.4088483403684,42.283646764745,2025-11-18,62.6
-84.4088483403684,42.283646764745,1979-01-16,64.0
-84.4088483403684,42.283646764745,1998-12-01,121
-84.4088483403684,42.283646764745,2019-08-10,60.0
-84.4088483403684,42.283646764745,1998-06-11,175
-84.4088483403684,42.283646764745,2003-11-13,86.8
-84.4088483403684,42.283646764745,2020-08-24,51.9
-84.4088483403684,42.283646764745,2005-04-16,113
-84.4088483403684,42.283646764745,1993-06-04,112
-84.4088483403684,42.283646764745,1979-06-07,68.0
-84.4088483403684,42.283646764745,1986-03-03,169
-84.4088483403684,42.283646764745,1983-07-19,93.0
-84.4088483403684,42.283646764745,2016-06-12,52.8
-84.4088483403684,42.283646764745,1989-08-21,81.0
-84.4088483403684,42.283646764745,2005-12-03,161
-84.4088483403684,42.283646764745,1999-07-22,69.0
-84.4088483403684,42.283646764745,2000-02-13,63.0
-84.4088483403684,42.283646764745,2022-11-12,56.2
-84.4088483403684,42.283646764745,2021-11-08,279
-84.4088483403684,42.283646764745,1989-01-31,176
-84.4088483403684,42.283646764745,2013-08-06,51.8
-84.4088483403684,42.283646764745,1980-05-06,186
-84.4088483403684,42.283646764745,2009-01-30,91.9
-84.4088483403684,42.283646764745,2000-03-03,120
-84.4088483403684,42.283646764745,1983-04-07,309
-84.4088483403684,42.283646764745,1984-04-13,240
-84.4088483403684,42.283646764745,1984-07-28,40.0
-84.4088483403684,42.283646764745,1994-05-22,108
-84.4088483403684,42.283646764745,2023-08-05,78.9
-84.4088483403684,42.283646764745,2017-06-04,137
-84.4088483403684,42.283646764745,2024-11-01,84.6
-84.4088483403684,42.283646764745,1980-01-26,130
-84.4088483403684,42.283646764745,1985-08-15,74.0
-84.4088483403684,42.283646764745,1999-10-06,53.0
-84.4088483403684,42.283646764745,2021-11-05,312
-84.4088483403684,42.283646764745,1984-06-04,281
-84.4088483403684,42.283646764745,1990-09-01,69.0
-84.4088483403684,42.283646764745,2005-10-11,39.9
-84.4088483403684,42.283646764745,2003-10-15,178
-84.4088483403684,42.283646764745,1984-10-11,99.0
-84.4088483403684,42.283646764745,1996-06-28,127
-84.4088483403684,42.283646764745,1982-05-01,179
-84.4088483403684,42.283646764745,1991-12-01,232
-84.4088483403684,42.283646764745,1989-07-06,101
-84.4088483403684,42.283646764745,2016-04-14,277
-84.4088483403684,42.283646764745,2026-01-20,91.9
-84.4088483403684,42.283646764745,1983-01-30,94.0
-84.4088483403684,42.283646764745,1985-12-25,142
-84.4088483403684,42.283646764745,2007-07-13,46.4
-84.4088483403684,42.283646764745,2018-06-12,200
-84.4088483403684,42.283646764745,2024-05-26,100
-84.4088483403684,42.283646764745,2006-06-01,171
-84.4088483403684,42.283646764745,2012-02-14,165
-84.4088483403684,42.283646764745,1996-03-30,199
-84.4088483403684,42.283646764745,2006-05-16,319
-84.4088483403684,42.283646764745,2003-07-14,45.7
-84.4088483403684,42.283646764745,1988-04-17,204
-84.4088483403684,42.283646764745,1997-12-05,115
-84.4088483403684,42.283646764745,1981-01-11,74.0
-84.4088483403684,42.283646764745,1980-11-09,62.0
-84.4088483403684,42.283646764745,2020-04-03,459
-84.4088483403684,42.283646764745,2021-06-29,271
-84.4088483403684,42.283646764745,2007-10-10,61.3
-84.4088483403684,42.283646764745,2021-04-25,84.0
-84.4088483403684,42.283646764745,2023-05-09,166
-84.4088483403684,42.283646764745,1998-02-09,130
-84.4088483403684,42.283646764745,1982-08-19,52.0
-84.4088483403684,42.283646764745,2019-10-19,83.4
-84.4088483403684,42.283646764745,2016-05-30,70.0
-84.4088483403684,42.283646764745,2020-04-11,239
-84.4088483403684,42.283646764745,1982-04-30,187
-84.4088483403684,42.283646764745,2000-07-20,119
-84.4088483403684,42.283646764745,2023-09-05,62.6
-84.4088483403684,42.283646764745,2025-12-15,85.6
-84.4088483403684,42.283646764745,2000-10-01,66.0
-84.4088483403684,42.283646764745,2025-10-03,45.8
-84.4088483403684,42.283646764745,2014-05-24,240
-84.4088483403684,42.283646764745,2017-02-16,247
-84.4088483403684,42.283646764745,1993-11-23,98.0
-84.4088483403684,42.283646764745,1996-01-24,204
-84.4088483403684,42.283646764745,2006-07-11,123
-84.4088483403684,42.283646764745,1990-06-29,103
-84.4088483403684,42.283646764745,1989-12-26,74.0
-84.4088483403684,42.283646764745,2018-07-07,70.5
-84.4088483403684,42.283646764745,1999-06-13,89.0
-84.4088483403684,42.283646764745,1998-05-31,126
-84.4088483403684,42.283646764745,2006-01-05,190
-84.4088483403684,42.283646764745,1985-07-24,56.0
-84.4088483403684,42.283646764745,2018-04-16,259
-84.4088483403684,42.283646764745,2022-08-21,116
-84.4088483403684,42.283646764745,1984-05-12,93.0
-84.4088483403684,42.283646764745,1985-08-01,57.0
-84.4088483403684,42.283646764745,2005-09-06,47.7
-84.4088483403684,42.283646764745,2010-03-26,233
-84.4088483403684,42.283646764745,2001-07-12,62.0
-84.4088483403684,42.283646764745,2020-04-21,222
-84.4088483403684,42.283646764745,1995-03-17,307
-84.4088483403684,42.283646764745,1999-02-16,171
-84.4088483403684,42.283646764745,2019-01-27,79.8
-84.4088483403684,42.283646764745,2016-09-23,39.1
-84.4088483403684,42.283646764745,1986-11-06,85.0
-84.4088483403684,42.283646764745,2003-01-19,57.1
-84.4088483403684,42.283646764745,2019-01-07,194
-84.4088483403684,42.283646764745,2015-06-27,362
-84.4088483403684,42.283646764745,1998-08-16,87.0
-84.4088483403684,42.283646764745,1979-05-06,185
-84.4088483403684,42.283646764745,2016-03-12,147
-84.4088483403684,42.283646764745,1981-11-11,104
-84.4088483403684,42.283646764745,1994-06-29,220
-84.4088483403684,42.283646764745,2009-11-19,103
-84.4088483403684,42.283646764745,1981-10-16,163
-84.4088483403684,42.283646764745,1992-03-05,151
-84.4088483403684,42.283646764745,1980-05-14,114
-84.4088483403684,42.283646764745,1993-05-08,281
-84.4088483403684,42.283646764745,2006-11-11,233
-84.4088483403684,42.283646764745,2002-09-12,37.0
-84.4088483403684,42.283646764745,1996-06-30,147
-84.4088483403684,42.283646764745,2011-03-03,231
-84.4088483403684,42.283646764745,2002-03-21,232
-84.4088483403684,42.283646764745,2013-03-18,264
-84.4088483403684,42.283646764745,2021-04-13,142
-84.4088483403684,42.283646764745,2015-10-13,41.0
-84.4088483403684,42.283646764745,2014-08-03,47.1
-84.4088483403684,42.283646764745,2018-11-12,144
-84.4088483403684,42.283646764745,2021-07-18,101
-84.4088483403684,42.283646764745,2002-01-23,126
-84.4088483403684,42.283646764745,1999-05-15,93.0
-84.4088483403684,42.283646764745,2025-02-09,104
-84.4088483403684,42.283646764745,1984-11-03,61.0
-84.4088483403684,42.283646764745,2017-06-22,61.9
-84.4088483403684,42.283646764745,2002-12-14,57.4
-84.4088483403684,42.283646764745,2023-03-15,266
-84.4088483403684,42.283646764745,2019-08-08,69.6
-84.4088483403684,42.283646764745,2000-12-27,118
-84.4088483403684,42.283646764745,2015-04-07,114
-84.4088483403684,42.283646764745,2013-01-29,152
-84.4088483403684,42.283646764745,2013-08-31,117
-84.4088483403684,42.283646764745,2017-08-09,37.2
-84.4088483403684,42.283646764745,2025-06-20,206
-84.4088483403684,42.283646764745,2017-01-23,358
-84.4088483403684,42.283646764745,1996-04-13,149
-84.4088483403684,42.283646764745,2013-06-17,110
-84.4088483403684,42.283646764745,2005-12-17,62.6
-84.4088483403684,42.283646764745,1995-12-03,165
-84.4088483403684,42.283646764745,1995-06-30,214
-84.4088483403684,42.283646764745,1994-02-20,193
-84.4088483403684,42.283646764745,2015-01-07,87.2
-84.4088483403684,42.283646764745,2003-12-28,88.6
-84.4088483403684,42.283646764745,1983-08-16,83.0
-84.4088483403684,42.283646764745,1993-06-09,235
-84.4088483403684,42.283646764745,1982-08-04,80.0
-84.4088483403684,42.283646764745,2011-11-14,250
-84.4088483403684,42.283646764745,2020-06-02,280
-84.4088483403684,42.283646764745,2020-11-20,68.2
-84.4088483403684,42.283646764745,1985-10-08,63.0
-84.4088483403684,42.283646764745,1981-06-08,161
-84.4088483403684,42.283646764745,2006-10-18,238
-84.4088483403684,42.283646764745,1986-12-22,119
-84.4088483403684,42.283646764745,2023-10-04,66.4
-84.4088483403684,42.283646764745,2024-05-25,82.9
-84.4088483403684,42.283646764745,2017-09-08,33.5
-84.4088483403684,42.283646764745,1992-12-24,155
-84.4088483403684,42.283646764745,1995-09-20,63.0
-84.4088483403684,42.283646764745,1983-04-24,256
-84.4088483403684,42.283646764745,2022-06-18,120
-84.4088483403684,42.283646764745,2002-01-01,117
-84.4088483403684,42.283646764745,2009-12-16,161
-84.4088483403684,42.283646764745,2003-11-23,104
-84.4088483403684,42.283646764745,1999-09-03,44.0
-84.4088483403684,42.283646764745,2024-02-05,371
-84.4088483403684,42.283646764745,1983-03-11,220
-84.4088483403684,42.283646764745,2026-03-07,376
-84.4088483403684,42.283646764745,1979-12-30,194
-84.4088483403684,42.283646764745,2001-05-12,99.0
-84.4088483403684,42.283646764745,1982-04-29,194
-84.4088483403684,42.283646764745,1996-10-16,68.0
-84.4088483403684,42.283646764745,2003-03-02,59.1
-84.4088483403684,42.283646764745,1986-04-29,113
-84.4088483403684,42.283646764745,2010-04-28,229
-84.4088483403684,42.283646764745,1996-02-23,99.0
-84.4088483403684,42.283646764745,1981-09-11,104
-84.4088483403684,42.283646764745,1999-04-22,260
-84.4088483403684,42.283646764745,1990-11-11,218
-84.4088483403684,42.283646764745,2023-12-07,150
-84.4088483403684,42.283646764745,2013-09-03,100
-84.4088483403684,42.283646764745,2022-03-24,481
-84.4088483403684,42.283646764745,1983-07-26,133
-84.4088483403684,42.283646764745,2019-12-15,149
-84.4088483403684,42.283646764745,2006-01-15,184
-84.4088483403684,42.283646764745,1990-03-12,438
-84.4088483403684,42.283646764745,2014-11-06,63.8
-84.4088483403684,42.283646764745,2022-05-27,335
-84.4088483403684,42.283646764745,2024-10-03,65.2
-84.4088483403684,42.283646764745,2006-08-11,75.6
-84.4088483403684,42.283646764745,2000-01-10,91.0
-84.4088483403684,42.283646764745,1994-12-31,175
-84.4088483403684,42.283646764745,1997-11-15,109
-84.4088483403684,42.283646764745,2006-02-06,244
-84.4088483403684,42.283646764745,2025-02-03,134
-84.4088483403684,42.283646764745,2017-08-20,33.0
-84.4088483403684,42.283646764745,1982-05-24,170
-84.4088483403684,42.283646764745,2003-09-12,40.3
-84.4088483403684,42.283646764745,2006-02-26,201
-84.4088483403684,42.283646764745,2011-08-31,69.9
-84.4088483403684,42.283646764745,2014-07-09,121
-84.4088483403684,42.283646764745,1999-02-21,138
-84.4088483403684,42.283646764745,1981-06-26,158
-84.4088483403684,42.283646764745,2013-11-11,185
-84.4088483403684,42.283646764745,2024-04-30,164
-84.4088483403684,42.283646764745,1981-02-09,66.0
-84.4088483403684,42.283646764745,2005-02-15,300
-84.4088483403684,42.283646764745,1999-05-03,210
-84.4088483403684,42.283646764745,2007-11-20,115
-84.4088483403684,42.283646764745,1987-10-05,57.0
-84.4088483403684,42.283646764745,1994-07-05,238
-84.4088483403684,42.283646764745,2008-01-10,493
-84.4088483403684,42.283646764745,2008-08-23,45.8
-84.4088483403684,42.283646764745,1982-07-10,83.0
-84.4088483403684,42.283646764745,2008-07-04,174
-84.4088483403684,42.283646764745,2008-03-25,372
-84.4088483403684,42.283646764745,2011-11-26,148
-84.4088483403684,42.283646764745,1999-12-17,86.0
-84.4088483403684,42.283646764745,2014-08-29,46.8
-84.4088483403684,42.283646764745,2021-04-28,127
-84.4088483403684,42.283646764745,2007-01-14,343
-84.4088483403684,42.283646764745,2023-12-13,112
-84.4088483403684,42.283646764745,2006-07-29,85.5
-84.4088483403684,42.283646764745,1984-11-10,94.0
-84.4088483403684,42.283646764745,1994-11-13,171
-84.4088483403684,42.283646764745,2019-01-01,188
-84.4088483403684,42.283646764745,2013-07-27,65.7
-84.4088483403684,42.283646764745,1987-07-01,46.0
-84.4088483403684,42.283646764745,2019-01-29,80.0
-84.4088483403684,42.283646764745,1992-10-22,333
-84.4088483403684,42.283646764745,2019-11-07,235
-84.4088483403684,42.283646764745,2012-05-15,97.1
-84.4088483403684,42.283646764745,1986-12-28,98.0
-84.4088483403684,42.283646764745,1998-09-25,56.0
-84.4088483403684,42.283646764745,2024-04-13,190
-84.4088483403684,42.283646764745,2019-03-15,254
-84.4088483403684,42.283646764745,2026-09-16,114
-84.4088483403684,42.283646764745,1998-02-03,211
-84.4088483403684,42.283646764745,1994-03-07,211
-84.4088483403684,42.283646764745,2018-01-10,87.4
-84.4088483403684,42.283646764745,2006-08-01,91.6
-84.4088483403684,42.283646764745,2025-12-14,68.6
-84.4088483403684,42.283646764745,1992-08-01,225
-84.4088483403684,42.283646764745,1999-04-21,148
-84.4088483403684,42.283646764745,1979-03-01,150
-84.4088483403684,42.283646764745,1983-12-18,233
-84.4088483403684,42.283646764745,2013-02-25,80.2
-84.4088483403684,42.283646764745,1992-10-16,266
-84.4088483403684,42.283646764745,2012-10-15,61.6
-84.4088483403684,42.283646764745,1983-03-14,205
-84.4088483403684,42.283646764745,1992-02-18,133
-84.4088483403684,42.283646764745,1983-07-14,72.0
-84.4088483403684,42.283646764745,2021-12-05,218
-84.4088483403684,42.283646764745,1985-10-16,108
-84.4088483403684,42.283646764745,2016-02-24,89.7
-84.4088483403684,42.283646764745,1996-02-05,103
-84.4088483403684,42.283646764745,1999-09-11,37.0
-84.4088483403684,42.283646764745,1980-04-22,226
-84.4088483403684,42.283646764745,2023-11-22,119
-84.4088483403684,42.283646764745,2012-11-05,54.3
-84.4088483403684,42.283646764745,2020-05-25,597
-84.4088483403684,42.283646764745,2017-03-09,239
-84.4088483403684,42.283646764745,1982-11-02,213
-84.4088483403684,42.283646764745,2014-05-29,166
-84.4088483403684,42.283646764745,2002-05-10,185
-84.4088483403684,42.283646764745,1987-04-24,103
-84.4088483403684,42.283646764745,2016-12-01,97.4
-84.4088483403684,42.283646764745,1992-02-23,163
-84.4088483403684,42.283646764745,1992-11-19,310
-84.4088483403684,42.283646764745,1995-02-08,98.0
-84.4088483403684,42.283646764745,1985-12-14,106
-84.4088483403684,42.283646764745,1999-07-25,103
-84.4088483403684,42.283646764745,1993-05-23,85.0
-84.4088483403684,42.283646764745,1982-10-19,109
-84.4088483403684,42.283646764745,2017-01-12,191
-84.4088483403684,42.283646764745,2016-04-25,121
-84.4088483403684,42.283646764745,2015-03-27,201
-84.4088483403684,42.283646764745,1991-07-10,68.0
-84.4088483403684,42.283646764745,2011-10-29,169
-84.4088483403684,42.283646764745,2006-06-22,328
-84.4088483403684,42.283646764745,2014-12-12,122
-84.4088483403684,42.283646764745,2023-10-03,66.1
-84.4088483403684,42.283646764745,1993-08-12,76.0
-84.4088483403684,42.283646764745,2012-12-26,63.4
-84.4088483403684,42.283646764745,1991-04-30,295
-84.4088483403684,42.283646764745,2007-04-28,262
-84.4088483403684,42.283646764745,2013-07-11,82.6
-84.4088483403684,42.283646764745,2020-07-29,63.1
-84.4088483403684,42.283646764745,1979-08-12,56.0
-84.4088483403684,42.283646764745,2023-01-27,116
-84.4088483403684,42.283646764745,2017-09-23,29.7
-84.4088483403684,42.283646764745,1998-04-12,271
-84.4088483403684,42.283646764745,2008-11-12,89.5
-84.4088483403684,42.283646764745,1995-12-15,103
-84.4088483403684,42.283646764745,2002-01-22,115
-84.4088483403684,42.283646764745,1984-01-03,90.0
-84.4088483403684,42.283646764745,2015-03-31,117
-84.4088483403684,42.283646764745,1986-06-05,159
-84.4088483403684,42.283646764745,1989-01-27,143
-84.4088483403684,42.283646764745,1993-03-15,243
-84.4088483403684,42.283646764745,2024-06-24,108
-84.4088483403684,42.283646764745,1997-03-11,301
-84.4088483403684,42.283646764745,2013-05-19,153
-84.4088483403684,42.283646764745,2001-05-09,111
-84.4088483403684,42.283646764745,2013-02-27,102
-84.4088483403684,42.283646764745,2002-04-28,167
-84.4088483403684,42.283646764745,1979-04-20,181
-84.4088483403684,42.283646764745,1996-12-31,136
-84.4088483403684,42.283646764745,1988-01-16,77.0
-84.4088483403684,42.283646764745,2005-12-12,63.5
-84.4088483403684,42.283646764745,2009-12-28,142
-84.4088483403684,42.283646764745,1979-08-17,82.0
-84.4088483403684,42.283646764745,1990-07-30,74.0
-84.4088483403684,42.283646764745,2021-11-30,179
-84.4088483403684,42.283646764745,1994-01-05,89.0
-84.4088483403684,42.283646764745,2001-04-09,194
-84.4088483403684,42.283646764745,2008-08-31,39.0
-84.4088483403684,42.283646764745,2019-03-24,207
-84.4088483403684,42.283646764745,2013-03-09,97.7
-84.4088483403684,42.283646764745,1990-03-04,312
-84.4088483403684,42.283646764745,2003-03-16,145
-84.4088483403684,42.283646764745,1994-02-02,146
-84.4088483403684,42.283646764745,2023-01-22,117
-84.4088483403684,42.283646764745,2001-03-08,265
-84.4088483403684,42.283646764745,2022-11-14,58.5
-84.4088483403684,42.283646764745,2000-11-03,86.0
-84.4088483403684,42.283646764745,1991-04-02,192
-84.4088483403684,42.283646764745,2018-02-11,98.6
-84.4088483403684,42.283646764745,2011-03-23,374
-84.4088483403684,42.283646764745,1988-09-08,39.0
-84.4088483403684,42.283646764745,1996-07-29,67.0
-84.4088483403684,42.283646764745,1991-12-30,141
-84.4088483403684,42.283646764745,1987-07-09,40.0
-84.4088483403684,42.283646764745,2004-10-13,47.9
-84.4088483403684,42.283646764745,1986-08-23,49.0
-84.4088483403684,42.283646764745,2007-02-20,149
-84.4088483403684,42.283646764745,2026-05-18,108
-84.4088483403684,42.283646764745,2010-09-08,60.1
-84.4088483403684,42.283646764745,1987-09-18,94.0
-84.4088483403684,42.283646764745,1991-02-22,241
-84.4088483403684,42.283646764745,1982-05-08,143
-84.4088483403684,42.283646764745,2005-06-09,58.1
-84.4088483403684,42.283646764745,2011-09-08,84.1
-84.4088483403684,42.283646764745,2014-04-15,346
-84.4088483403684,42.283646764745,1992-05-29,83.0
-84.4088483403684,42.283646764745,2002-11-12,70.2
-84.4088483403684,42.283646764745,2000-07-26,63.0
-84.4088483403684,42.283646764745,1992-02-28,190
-84.4088483403684,42.283646764745,2017-10-07,42.5
-84.4088483403684,42.283646764745,2010-04-12,196
-84.4088483403684,42.283646764745,1995-12-27,91.0
-84.4088483403684,42.283646764745,2011-04-05,259
-84.4088483403684,42.283646764745,2011-05-21,293
-84.4088483403684,42.283646764745,2013-01-21,162
-84.4088483403684,42.283646764745,1992-05-19,133
-84.4088483403684,42.283646764745,2022-06-08,252
-84.4088483403684,42.283646764745,2015-10-04,40.9
-84.4088483403684,42.283646764745,1979-03-11,355
-84.4088483403684,42.283646764745,2023-10-24,115
-84.4088483403684,42.283646764745,2004-04-13,125
-84.4088483403684,42.283646764745,1988-01-22,175
-84.4088483403684,42.283646764745,2016-08-17,103
-84.4088483403684,42.283646764745,1982-05-06,113
-84.4088483403684,42.283646764745,1981-11-21,113
-84.4088483403684,42.283646764745,2015-11-06,74.5
-84.4088483403684,42.283646764745,2017-01-05,76.6
-84.4088483403684,42.283646764745,2021-12-21,195
-84.4088483403684,42.283646764745,2009-10-10,151
-84.4088483403684,42.283646764745,1991-01-04,320
-84.4088483403684,42.283646764745,1980-09-12,111
-84.4088483403684,42.283646764745,2005-04-28,118
-84.4088483403684,42.283646764745,2007-04-01,319
-84.4088483403684,42.283646764745,1999-05-10,118
-84.4088483403684,42.283646764745,2023-06-09,54.5
-84.4088483403684,42.283646764745,1984-10-19,58.0
-84.4088483403684,42.283646764745,1990-09-12,82.0
-84.4088483403684,42.283646764745,1991-07-14,62.0
-84.4088483403684,42.283646764745,1994-12-30,171
-84.4088483403684,42.283646764745,2021-02-10,66.3
-84.4088483403684,42.283646764745,2023-10-07,101
-84.4088483403684,42.283646764745,2026-09-15,76.0
-84.4088483403684,42.283646764745,1986-12-01,163
-84.4088483403684,42.283646764745,1992-05-23,135
-84.4088483403684,42.283646764745,1993-07-06,151
-84.4088483403684,42.283646764745,1997-06-29,92.0
-84.4088483403684,42.283646764745,2023-08-06,119
-84.4088483403684,42.283646764745,1993-02-24,188
-84.4088483403684,42.283646764745,1997-12-24,157
-84.4088483403684,42.283646764745,2012-01-07,197
-84.4088483403684,42.283646764745,1986-01-29,99.0
-84.4088483403684,42.283646764745,2004-05-17,191
-84.4088483403684,42.283646764745,2001-10-28,307
-84.4088483403684,42.283646764745,2024-06-27,108
-84.4088483403684,42.283646764745,2004-05-23,360
-84.4088483403684,42.283646764745,2021-07-20,92.8
-84.4088483403684,42.283646764745,1998-11-25,171
-84.4088483403684,42.283646764745,1993-01-20,276
-84.4088483403684,42.283646764745,2003-12-03,79.1
-84.4088483403684,42.283646764745,1984-09-23,57.0
-84.4088483403684,42.283646764745,1981-05-19,244
-84.4088483403684,42.283646764745,1996-03-25,197
-84.4088483403684,42.283646764745,2013-03-23,203
-84.4088483403684,42.283646764745,1987-10-18,50.0
-84.4088483403684,42.283646764745,2024-01-29,474
-84.4088483403684,42.283646764745,2020-08-07,67.8
-84.4088483403684,42.283646764745,2018-08-05,45.5
-84.4088483403684,42.283646764745,2006-05-24,174
-84.4088483403684,42.283646764745,1994-04-04,199
-84.4088483403684,42.283646764745,2002-04-06,221
-84.4088483403684,42.283646764745,2025-11-04,57.0
-84.4088483403684,42.283646764745,2015-11-01,70.3
-84.4088483403684,42.283646764745,2014-03-11,134
-84.4088483403684,42.283646764745,2008-12-09,140
-84.4088483403684,42.283646764745,2000-01-29,57.0
-84.4088483403684,42.283646764745,2003-10-05,64.7
-84.4088483403684,42.283646764745,2018-01-22,130
-84.4088483403684,42.283646764745,2022-05-10,280
-84.4088483403684,42.283646764745,2010-10-06,61.3
-84.4088483403684,42.283646764745,2007-05-10,150
-84.4088483403684,42.283646764745,2002-09-01,50.0
-84.4088483403684,42.283646764745,2022-12-13,62.0
-84.4088483403684,42.283646764745,2019-01-23,104
-84.4088483403684,42.283646764745,2015-07-26,88.1
-84.4088483403684,42.283646764745,1988-05-30,51.0
-84.4088483403684,42.283646764745,1983-07-12,80.0
-84.4088483403684,42.283646764745,1990-04-02,279
-84.4088483403684,42.283646764745,2026-03-05,179
-84.4088483403684,42.283646764745,1988-01-25,161
-84.4088483403684,42.283646764745,1988-03-24,160
-84.4088483403684,42.283646764745,1999-06-23,69.0
-84.4088483403684,42.283646764745,1979-03-06,274
-84.4088483403684,42.283646764745,2015-01-29,75.5
-84.4088483403684,42.283646764745,1995-07-29,72.0
-84.4088483403684,42.283646764745,2013-11-15,66.7
-84.4088483403684,42.283646764745,2007-03-21,318
-84.4088483403684,42.283646764745,2005-09-25,48.8
-84.4088483403684,42.283646764745,1983-09-08,55.0
-84.4088483403684,42.283646764745,1999-12-12,77.0
-84.4088483403684,42.283646764745,1984-11-24,61.0
-84.4088483403684,42.283646764745,1982-05-14,187
-84.4088483403684,42.283646764745,1996-01-08,80.0
-84.4088483403684,42.283646764745,2026-06-17,105
-84.4088483403684,42.283646764745,2003-07-19,41.3
-84.4088483403684,42.283646764745,1992-01-10,172
-84.4088483403684,42.283646764745,2023-08-29,76.8
-84.4088483403684,42.283646764745,1986-12-19,135
-84.4088483403684,42.283646764745,2017-06-11,67.4
-84.4088483403684,42.283646764745,2015-09-17,44.2
-84.4088483403684,42.283646764745,2007-05-19,99.8
-84.4088483403684,42.283646764745,1983-04-26,237
-84.4088483403684,42.283646764745,2009-02-05,127
-84.4088483403684,42.283646764745,1985-10-19,214
-84.4088483403684,42.283646764745,1998-01-14,306
-84.4088483403684,42.283646764745,2024-10-15,88.1
-84.4088483403684,42.283646764745,1983-09-17,47.0
-84.4088483403684,42.283646764745,2000-09-09,59.0
-84.4088483403684,42.283646764745,1993-03-25,300
-84.4088483403684,42.283646764745,1996-05-11,281
-84.4088483403684,42.283646764745,1985-05-02,110
-84.4088483403684,42.283646764745,1983-06-12,159
-84.4088483403684,42.283646764745,2013-08-01,60.2
-84.4088483403684,42.283646764745,1994-05-29,101
-84.4088483403684,42.283646764745,2023-04-23,147
-84.4088483403684,42.283646764745,2000-07-01,198
-84.4088483403684,42.283646764745,1982-05-11,196
-84.4088483403684,42.283646764745,1993-02-17,161
-84.4088483403684,42.283646764745,1993-07-15,116
-84.4088483403684,42.283646764745,2015-02-28,62.5
-84.4088483403684,42.283646764745,1980-11-04,93.0
-84.4088483403684,42.283646764745,2013-04-19,589
-84.4088483403684,42.283646764745,2005-04-01,298
-84.4088483403684,42.283646764745,2022-02-04,105
-84.4088483403684,42.283646764745,2010-06-19,290
-84.4088483403684,42.283646764745,1984-04-06,277
-84.4088483403684,42.283646764745,1993-05-26,117
-84.4088483403684,42.283646764745,1999-03-13,158
-84.4088483403684,42.283646764745,2001-08-13,42.0
-84.4088483403684,42.283646764745,1981-09-06,179
-84.4088483403684,42.283646764745,1985-05-19,67.0
-84.4088483403684,42.283646764745,2000-01-28,59.0
-84.4088483403684,42.283646764745,2016-12-08,158
-84.4088483403684,42.283646764745,2013-05-16,173
-84.4088483403684,42.283646764745,2014-08-27,51.4
-84.4088483403684,42.283646764745,2019-03-22,238
-84.4088483403684,42.283646764745,2004-03-24,198
-84.4088483403684,42.283646764745,1995-04-30,178
-84.4088483403684,42.283646764745,2007-07-18,51.3
-84.4088483403684,42.283646764745,1980-06-23,110
-84.4088483403684,42.283646764745,2023-11-15,90.2
-84.4088483403684,42.283646764745,1980-11-01,137
-84.4088483403684,42.283646764745,2019-09-19,72.1
-84.4088483403684,42.283646764745,1993-09-26,110
-84.4088483403684,42.283646764745,2017-08-27,29.7
-84.4088483403684,42.283646764745,2016-01-23,77.4
-84.4088483403684,42.283646764745,2012-06-20,70.2
-84.4088483403684,42.283646764745,2014-10-16,127
-84.4088483403684,42.283646764745,2014-03-24,404
-84.4088483403684,42.283646764745,1980-10-19,121
-84.4088483403684,42.283646764745,2012-05-05,222
-84.4088483403684,42.283646764745,2021-04-24,84.3
-84.4088483403684,42.283646764745,1999-10-09,51.0
-84.4088483403684,42.283646764745,1990-07-13,74.0
-84.4088483403684,42.283646764745,2020-05-03,173
-84.4088483403684,42.283646764745,2020-01-10,227
-84.4088483403684,42.283646764745,1998-03-24,386
-84.4088483403684,42.283646764745,2024-07-02,204
-84.4088483403684,42.283646764745,2003-09-22,148
-84.4088483403684,42.283646764745,1984-01-14,145
-84.4088483403684,42.283646764745,2003-09-11,41.5
-84.4088483403684,42.283646764745,1985-09-17,63.0
-84.4088483403684,42.283646764745,2018-05-02,119
-84.4088483403684,42.283646764745,1994-05-28,103
-84.4088483403684,42.283646764745,1998-08-22,71.0
-84.4088483403684,42.283646764745,2003-12-31,113
-84.4088483403684,42.283646764745,1992-09-21,221
-84.4088483403684,42.283646764745,2016-04-22,130
-84.4088483403684,42.283646764745,1997-12-15,120
-84.4088483403684,42.283646764745,2026-03-04,109
-84.4088483403684,42.283646764745,2002-05-27,198
-84.4088483403684,42.283646764745,2008-05-15,117
-84.4088483403684,42.283646764745,1986-08-22,49.0
-84.4088483403684,42.283646764745,2000-01-07,76.0
-84.4088483403684,42.283646764745,2023-08-21,100
-84.4088483403684,42.283646764745,2009-08-30,132
-84.4088483403684,42.283646764745,1983-03-31,268
-84.4088483403684,42.283646764745,2013-08-17,85.9
-84.4088483403684,42.283646764745,2009-09-13,87.5
-84.4088483403684,42.283646764745,2009-03-21,407
-84.4088483403684,42.283646764745,2012-09-21,38.8
-84.4088483403684,42.283646764745,2004-05-16,258
-84.4088483403684,42.283646764745,2009-07-17,74.1
-84.4088483403684,42.283646764745,1999-11-28,57.0
-84.4088483403684,42.283646764745,1997-04-07,301
-84.4088483403684,42.283646764745,2011-08-15,179
-84.4088483403684,42.283646764745,1986-04-24,183
-84.4088483403684,42.283646764745,2014-07-03,101
-84.4088483403684,42.283646764745,1989-12-30,77.0
-84.4088483403684,42.283646764745,2000-06-12,117
-84.4088483403684,42.283646764745,1987-01-25,114
-84.4088483403684,42.283646764745,2018-01-21,107
-84.4088483403684,42.283646764745,1992-07-27,140
-84.4088483403684,42.283646764745,2001-07-25,120
-84.4088483403684,42.283646764745,2009-06-04,303
-84.4088483403684,42.283646764745,2008-03-31,414
-84.4088483403684,42.283646764745,1999-04-29,279
-84.4088483403684,42.283646764745,2026-04-19,459
-84.4088483403684,42.283646764745,2018-10-08,112
-84.4088483403684,42.283646764745,1991-01-25,205
-84.4088483403684,42.283646764745,2008-05-30,98.9
-84.4088483403684,42.283646764745,1988-12-30,152
-84.4088483403684,42.283646764745,1991-09-08,61.0
-84.4088483403684,42.283646764745,1980-03-05,71.0
-84.4088483403684,42.283646764745,2000-09-01,75.0
-84.4088483403684,42.283646764745,1993-02-10,201
-84.4088483403684,42.283646764745,2008-04-07,410
-84.4088483403684,42.283646764745,2002-11-25,63.7
-84.4088483403684,42.283646764745,2000-04-20,292
-84.4088483403684,42.283646764745,2024-08-30,98.6
-84.4088483403684,42.283646764745,1995-10-06,117
-84.4088483403684,42.283646764745,2004-04-09,139
-84.4088483403684,42.283646764745,2019-06-04,333
-84.4088483403684,42.283646764745,2010-06-16,363
-84.4088483403684,42.283646764745,1979-06-27,38.0
-84.4088483403684,42.283646764745,2010-02-09,97.0
-84.4088483403684,42.283646764745,1990-08-02,66.0
-84.4088483403684,42.283646764745,1983-12-05,126
-84.4088483403684,42.283646764745,1981-05-05,206
-84.4088483403684,42.283646764745,2012-02-01,351
-84.4088483403684,42.283646764745,1986-10-15,168
-84.4088483403684,42.283646764745,1984-08-21,28.0
-84.4088483403684,42.283646764745,2006-07-24,85.3
-84.4088483403684,42.283646764745,2001-03-05,298
-84.4088483403684,42.283646764745,2009-01-10,130
-84.4088483403684,42.283646764745,1983-04-12,301
-84.4088483403684,42.283646764745,1999-02-06,274
-84.4088483403684,42.283646764745,2001-07-17,66.0
-84.4088483403684,42.283646764745,1997-11-07,143
-84.4088483403684,42.283646764745,1987-10-20,60.0
-84.4088483403684,42.283646764745,2020-03-10,223
-84.4088483403684,42.283646764745,2013-11-09,205
-84.4088483403684,42.283646764745,2012-09-25,37.7
-84.4088483403684,42.283646764745,2020-10-29,71.8
-84.4088483403684,42.283646764745,1980-01-13,143
-84.4088483403684,42.283646764745,2019-09-01,69.9
-84.4088483403684,42.283646764745,2026-08-18,63.8
-84.4088483403684,42.283646764745,2015-01-09,81.8
-84.4088483403684,42.283646764745,1987-02-24,109
-84.4088483403684,42.283646764745,1985-05-18,81.0
-84.4088483403684,42.283646764745,2010-09-02,82.5
-84.4088483403684,42.283646764745,2020-12-02,86.8
-84.4088483403684,42.283646764745,2014-06-18,103
-84.4088483403684,42.283646764745,1997-06-03,172
-84.4088483403684,42.283646764745,1984-05-01,184
-84.4088483403684,42.283646764745,1983-01-11,165
-84.4088483403684,42.283646764745,2010-11-05,55.2
-84.4088483403684,42.283646764745,2012-06-26,53.9
-84.4088483403684,42.283646764745,1998-01-08,457
-84.4088483403684,42.283646764745,1979-01-17,66.0
-84.4088483403684,42.283646764745,2022-07-01,84.0
-84.4088483403684,42.283646764745,2003-01-12,78.8
-84.4088483403684,42.283646764745,1983-03-10,239
-84.4088483403684,42.283646764745,2015-04-17,88.2
-84.4088483403684,42.283646764745,1994-02-09,132
-84.4088483403684,42.283646764745,2006-05-31,169
-84.4088483403684,42.283646764745,2002-04-20,250
-84.4088483403684,42.283646764745,2020-09-09,64.9
-84.4088483403684,42.283646764745,1998-11-08,131
-84.4088483403684,42.283646764745,1988-01-09,93.0
-84.4088483403684,42.283646764745,1997-08-22,93.0
-84.4088483403684,42.283646764745,1990-02-28,421
-84.4088483403684,42.283646764745,2024-10-06,64.2
-84.4088483403684,42.283646764745,1988-02-25,132
-84.4088483403684,42.283646764745,2021-12-11,352
-84.4088483403684,42.283646764745,2005-07-24,184
-84.4088483403684,42.283646764745,1990-04-23,299
-84.4088483403684,42.283646764745,1995-10-16,100
-84.4088483403684,42.283646764745,1985-11-02,109
-84.4088483403684,42.283646764745,2008-06-17,118
-84.4088483403684,42.283646764745,1997-01-13,116
-84.4088483403684,42.283646764745,1979-12-11,140
-84.4088483403684,42.283646764745,2024-03-13,159
-84.4088483403684,42.283646764745,1987-04-25,94.0
-84.4088483403684,42.283646764745,1984-10-30,57.0
-84.4088483403684,42.283646764745,1982-08-05,118
-84.4088483403684,42.283646764745,1983-02-23,183
-84.4088483403684,42.283646764745,2013-12-29,159
-84.4088483403684,42.283646764745,2000-10-17,108
-84.4088483403684,42.283646764745,1991-03-12,192
-84.4088483403684,42.283646764745,2023-01-05,165
-84.4088483403684,42.283646764745,1987-02-28,120
-84.4088483403684,42.283646764745,2014-09-17,57.2
-84.4088483403684,42.283646764745,2004-12-18,236
-84.4088483403684,42.283646764745,1981-11-13,100
-84.4088483403684,42.283646764745,1995-01-15,221
-84.4088483403684,42.283646764745,1981-01-20,131
-84.4088483403684,42.283646764745,2005-05-30,85.8
-84.4088483403684,42.283646764745,1991-06-14,107
-84.4088483403684,42.283646764745,1983-12-14,185
-84.4088483403684,42.283646764745,2014-10-27,64.0
-84.4088483403684,42.283646764745,1987-05-24,97.0
-84.4088483403684,42.283646764745,2012-06-30,45.2
-84.4088483403684,42.283646764745,2019-12-29,158
-84.4088483403684,42.283646764745,2010-03-05,137
-84.4088483403684,42.283646764745,2000-06-25,428
-84.4088483403684,42.283646764745,1988-09-03,48.0
-84.4088483403684,42.283646764745,1995-12-04,199
-84.4088483403684,42.283646764745,2017-02-26,197
-84.4088483403684,42.283646764745,1997-03-20,266
-84.4088483403684,42.283646764745,2026-09-25,133
-84.4088483403684,42.283646764745,1983-06-05,216
-84.4088483403684,42.283646764745,2001-10-01,70.0
-84.4088483403684,42.283646764745,2023-05-12,132
-84.4088483403684,42.283646764745,2006-03-03,115
-84.4088483403684,42.283646764745,1993-11-12,140
-84.4088483403684,42.283646764745,1994-04-19,239
-84.4088483403684,42.283646764745,2012-04-29,138
-84.4088483403684,42.283646764745,1995-10-02,58.0
-84.4088483403684,42.283646764745,1989-04-12,219
-84.4088483403684,42.283646764745,1999-01-22,287
-84.4088483403684,42.283646764745,2009-03-05,227
-84.4088483403684,42.283646764745,2022-12-29,74.6
-84.4088483403684,42.283646764745,2000-03-01,146
-84.4088483403684,42.283646764745,1991-09-17,66.0
-84.4088483403684,42.283646764745,2022-02-23,362
-84.4088483403684,42.283646764745,2014-02-12,74.8
-84.4088483403684,42.283646764745,1990-01-13,160
-84.4088483403684,42.283646764745,2026-07-07,291
-84.4088483403684,42.283646764745,1994-06-13,135
-84.4088483403684,42.283646764745,1989-07-01,173
-84.4088483403684,42.283646764745,1985-07-02,51.0
-84.4088483403684,42.283646764745,2020-06-17,120
-84.4088483403684,42.283646764745,1993-04-07,414
-84.4088483403684,42.283646764745,1990-10-27,150
-84.4088483403684,42.283646764745,1990-11-20,156
-84.4088483403684,42.283646764745,2022-11-18,75.2
-84.4088483403684,42.283646764745,2011-06-16,162
-84.4088483403684,42.283646764745,2026-10-01,132
-84.4088483403684,42.283646764745,2008-05-02,119
-84.4088483403684,42.283646764745,2021-03-18,87.9
-84.4088483403684,42.283646764745,2012-10-07,35.4
-84.4088483403684,42.283646764745,2025-02-01,140
-84.4088483403684,42.283646764745,2025-11-07,82.0
-84.4088483403684,42.283646764745,1987-08-25,42.0
-84.4088483403684,42.283646764745,2022-06-20,116
-84.4088483403684,42.283646764745,2021-10-09,400
-84.4088483403684,42.283646764745,1985-10-15,126
-84.4088483403684,42.283646764745,2014-09-03,45.4
-84.4088483403684,42.283646764745,2005-11-29,172
-84.4088483403684,42.283646764745,2017-07-12,64.7
-84.4088483403684,42.283646764745,2026-08-06,53.7
-84.4088483403684,42.283646764745,1986-06-24,84.0
-84.4088483403684,42.283646764745,2014-08-06,46.8
-84.4088483403684,42.283646764745,2024-05-22,96.8
-84.4088483403684,42.283646764745,1989-02-12,93.0
-84.4088483403684,42.283646764745,2012-01-24,384
-84.4088483403684,42.283646764745,2013-08-27,101
-84.4088483403684,42.283646764745,2016-08-04,36.1
-84.4088483403684,42.283646764745,2023-03-25,223
-84.4088483403684,42.283646764745,1981-05-25,208
-84.4088483403684,42.283646764745,1994-10-30,65.0
-84.4088483403684,42.283646764745,1982-05-30,165
-84.4088483403684,42.283646764745,1981-10-06,298
-84.4088483403684,42.283646764745,2000-04-12,92.0
-84.4088483403684,42.283646764745,1982-12-07,206
-84.4088483403684,42.283646764745,2026-05-09,168
-84.4088483403684,42.283646764745,2011-01-26,74.3
-84.4088483403684,42.283646764745,1999-09-06,41.0
-84.4088483403684,42.283646764745,1985-06-11,98.0
-84.4088483403684,42.283646764745,2018-03-21,136
-84.4088483403684,42.283646764745,1987-04-12,149
-84.4088483403684,42.283646764745,1982-01-17,138
-84.4088483403684,42.283646764745,1995-10-18,65.0
-84.4088483403684,42.283646764745,2026-07-04,99.2
-84.4088483403684,42.283646764745,2017-01-25,268
-84.4088483403684,42.283646764745,2008-09-22,201
-84.4088483403684,42.283646764745,1990-10-30,130
-84.4088483403684,42.283646764745,2010-04-23,74.6
-84.4088483403684,42.283646764745,1981-03-25,102
-84.4088483403684,42.283646764745,1980-03-07,65.0
-84.4088483403684,42.283646764745,2020-02-13,202
-84.4088483403684,42.283646764745,2017-07-13,65.8
-84.4088483403684,42.283646764745,2006-04-22,177
-84.4088483403684,42.283646764745,2007-04-18,161
-84.4088483403684,42.283646764745,1998-07-07,93.0
-84.4088483403684,42.283646764745,2002-08-22,50.0
-84.4088483403684,42.283646764745,1999-03-14,122
-84.4088483403684,42.283646764745,2007-08-17,56.7
-84.4088483403684,42.283646764745,1981-01-13,70.0
-84.4088483403684,42.283646764745,2006-10-19,242
-84.4088483403684,42.283646764745,1992-11-30,320
-84.4088483403684,42.283646764745,1994-11-28,135
-84.4088483403684,42.283646764745,2022-05-09,307
-84.4088483403684,42.283646764745,1980-06-01,148
-84.4088483403684,42.283646764745,2023-07-02,134
-84.4088483403684,42.283646764745,1999-02-09,228
-84.4088483403684,42.283646764745,2020-02-27,192
-84.4088483403684,42.283646764745,2024-06-15,77.1
-84.4088483403684,42.283646764745,2020-05-01,260
-84.4088483403684,42.283646764745,2004-02-21,85.1
-84.4088483403684,42.283646764745,2020-12-14,95.8
-84.4088483403684,42.283646764745,1988-12-12,134
-84.4088483403684,42.283646764745,2015-09-25,48.6
-84.4088483403684,42.283646764745,1985-10-26,190
-84.4088483403684,42.283646764745,2017-12-24,92.2
-84.4088483403684,42.283646764745,1993-02-19,158
-84.4088483403684,42.283646764745,1994-04-23,185
-84.4088483403684,42.283646764745,2014-09-14,58.8
-84.4088483403684,42.283646764745,2004-03-03,200
-84.4088483403684,42.283646764745,1985-01-07,264
-84.4088483403684,42.283646764745,2009-10-15,106
-84.4088483403684,42.283646764745,1980-08-27,111
-84.4088483403684,42.283646764745,2015-05-02,76.7
-84.4088483403684,42.283646764745,2008-07-02,166
-84.4088483403684,42.283646764745,2001-01-31,133
-84.4088483403684,42.283646764745,1984-12-08,68.0
-84.4088483403684,42.283646764745,1988-11-27,261
-84.4088483403684,42.283646764745,2013-09-15,75.1
-84.4088483403684,42.283646764745,1994-12-04,145
-84.4088483403684,42.283646764745,1995-11-30,169
-84.4088483403684,42.283646764745,2014-01-24,145
-84.4088483403684,42.283646764745,1980-08-31,144
-84.4088483403684,42.283646764745,1985-05-22,77.0
-84.4088483403684,42.283646764745,2009-05-11,188
-84.4088483403684,42.283646764745,1979-12-29,217
-84.4088483403684,42.283646764745,1993-07-18,176
-84.4088483403684,42.283646764745,1992-05-26,97.0
-84.4088483403684,42.283646764745,2024-09-27,63.3
-84.4088483403684,42.283646764745,1996-02-18,83.0
-84.4088483403684,42.283646764745,1985-04-11,443
-84.4088483403684,42.283646764745,2002-09-10,51.0
-84.4088483403684,42.283646764745,2015-09-15,47.5
-84.4088483403684,42.283646764745,1984-12-06,75.0
-84.4088483403684,42.283646764745,2017-12-22,92.5
-84.4088483403684,42.283646764745,1991-08-31,102
-84.4088483403684,42.283646764745,1982-10-13,58.0
-84.4088483403684,42.283646764745,1980-08-20,190
-84.4088483403684,42.283646764745,2022-02-26,333
-84.4088483403684,42.283646764745,1990-02-15,182
-84.4088483403684,42.283646764745,1991-11-30,223
-84.4088483403684,42.283646764745,1983-08-09,82.0
-84.4088483403684,42.283646764745,2021-04-08,88.7
-84.4088483403684,42.283646764745,2023-12-27,110
-84.4088483403684,42.283646764745,1991-10-02,71.0
-84.4088483403684,42.283646764745,2005-08-21,67.8
-84.4088483403684,42.283646764745,2004-10-29,88.1
-84.4088483403684,42.283646764745,2004-10-31,80.6
-84.4088483403684,42.283646764745,2012-09-13,32.4
-84.4088483403684,42.283646764745,1993-12-06,200
-84.4088483403684,42.283646764745,1996-02-24,106
-84.4088483403684,42.283646764745,2025-02-26,115
-84.4088483403684,42.283646764745,2015-07-28,81.2
-84.4088483403684,42.283646764745,1998-07-09,97.0
-84.4088483403684,42.283646764745,1986-02-22,187
-84.4088483403684,42.283646764745,1990-05-07,171
-84.4088483403684,42.283646764745,2002-09-26,46.0
-84.4088483403684,42.283646764745,1996-04-23,326
-84.4088483403684,42.283646764745,2021-11-02,326
-84.4088483403684,42.283646764745,2006-11-24,176
-84.4088483403684,42.283646764745,1980-10-24,129
-84.4088483403684,42.283646764745,1981-06-01,204
-84.4088483403684,42.283646764745,1987-07-08,42.0
-84.4088483403684,42.283646764745,1994-12-11,206
-84.4088483403684,42.283646764745,1987-11-13,54.0
-84.4088483403684,42.283646764745,1990-02-21,186
-84.4088483403684,42.283646764745,1994-11-29,122
-84.4088483403684,42.283646764745,2007-06-18,93.7
-84.4088483403684,42.283646764745,1983-04-22,286
-84.4088483403684,42.283646764745,2004-10-12,45.5
-84.4088483403684,42.283646764745,2025-11-17,59.5
-84.4088483403684,42.283646764745,2006-12-04,390
-84.4088483403684,42.283646764745,2022-08-09,80.3
-84.4088483403684,42.283646764745,1981-05-30,266
-84.4088483403684,42.283646764745,2026-07-12,136
-84.4088483403684,42.283646764745,1995-06-02,166
-84.4088483403684,42.283646764745,1986-10-21,155
-84.4088483403684,42.283646764745,2003-08-26,43.3
-84.4088483403684,42.283646764745,2000-08-01,166
-84.4088483403684,42.283646764745,2023-03-07,359
-84.4088483403684,42.283646764745,1987-12-23,200
-84.4088483403684,42.283646764745,1995-12-18,99.0
-84.4088483403684,42.283646764745,1979-01-05,159
-84.4088483403684,42.283646764745,1996-04-16,179
-84.4088483403684,42.283646764745,2001-11-24,110
-84.4088483403684,42.283646764745,1990-03-29,281
-84.4088483403684,42.283646764745,1985-10-02,113
-84.4088483403684,42.283646764745,1980-09-18,199
-84.4088483403684,42.283646764745,1989-11-06,75.0
-84.4088483403684,42.283646764745,1987-05-21,109
-84.4088483403684,42.283646764745,2018-08-12,45.8
-84.4088483403684,42.283646764745,2002-11-16,60.7
-84.4088483403684,42.283646764745,2010-01-15,130
-84.4088483403684,42.283646764745,1997-01-18,97.0
-84.4088483403684,42.283646764745,1986-09-26,234
-84.4088483403684,42.283646764745,1986-12-18,156
-84.4088483403684,42.283646764745,1979-07-05,126
-84.4088483403684,42.283646764745,1984-09-26,133
-84.4088483403684,42.283646764745,2012-05-28,102
-84.4088483403684,42.283646764745,2009-07-20,70.9
-84.4088483403684,42.283646764745,2004-07-22,129
-84.4088483403684,42.283646764745,1985-08-05,75.0
-84.4088483403684,42.283646764745,2014-08-09,41.3
-84.4088483403684,42.283646764745,2010-10-17,53.1
-84.4088483403684,42.283646764745,2006-08-23,65.0
-84.4088483403684,42.283646764745,2022-07-18,121
-84.4088483403684,42.283646764745,2018-03-14,237
-84.4088483403684,42.283646764745,1996-07-22,55.0
-84.4088483403684,42.283646764745,2021-11-03,325
-84.4088483403684,42.283646764745,1986-05-01,165
-84.4088483403684,42.283646764745,2008-02-22,362
-84.4088483403684,42.283646764745,1984-08-30,24.0
-84.4088483403684,42.283646764745,2015-08-27,51.8
-84.4088483403684,42.283646764745,1980-12-05,154
-84.4088483403684,42.283646764745,2016-07-28,37.2
-84.4088483403684,42.283646764745,1999-06-10,78.0
-84.4088483403684,42.283646764745,2025-07-31,125
-84.4088483403684,42.283646764745,2018-09-24,41.6
-84.4088483403684,42.283646764745,1993-10-26,232
-84.4088483403684,42.283646764745,1986-07-07,63.0
-84.4088483403684,42.283646764745,2011-01-29,74.2
-84.4088483403684,42.283646764745,2013-10-10,139
-84.4088483403684,42.283646764745,2020-10-18,54.6
-84.4088483403684,42.283646764745,2003-12-12,123
-84.4088483403684,42.283646764745,2014-06-14,89.8
-84.4088483403684,42.283646764745,2023-04-09,271
-84.4088483403684,42.283646764745,1994-08-28,104
-84.4088483403684,42.283646764745,2021-11-21,186
-84.4088483403684,42.283646764745,1997-05-03,209
-84.4088483403684,42.283646764745,1985-02-23,318
-84.4088483403684,42.283646764745,2026-05-01,215
-84.4088483403684,42.283646764745,2006-08-07,89.0
-84.4088483403684,42.283646764745,1982-02-10,86.0
-84.4088483403684,42.283646764745,2004-01-20,71.9
-84.4088483403684,42.283646764745,2021-02-04,68.5
-84.4088483403684,42.283646764745,1995-10-20,82.0
-84.4088483403684,42.283646764745,1992-05-03,232
-84.4088483403684,42.283646764745,1997-06-28,99.0
-84.4088483403684,42.283646764745,1988-08-31,37.0
-84.4088483403684,42.283646764745,2022-12-15,95.0
-84.4088483403684,42.283646764745,2011-11-15,230
-84.4088483403684,42.283646764745,2024-04-11,218
-84.4088483403684,42.283646764745,1992-06-07,114
-84.4088483403684,42.283646764745,2019-11-11,157
-84.4088483403684,42.283646764745,1997-01-04,199
-84.4088483403684,42.283646764745,2013-11-12,97.4
-84.4088483403684,42.283646764745,2007-11-26,161
-84.4088483403684,42.283646764745,2014-08-15,43.0
-84.4088483403684,42.283646764745,2006-11-26,151
-84.4088483403684,42.283646764745,1993-11-04,160
-84.4088483403684,42.283646764745,1980-10-02,85.0
-84.4088483403684,42.283646764745,1997-11-08,138
-84.4088483403684,42.283646764745,2023-12-14,107
-84.4088483403684,42.283646764745,1983-04-10,310
-84.4088483403684,42.283646764745,1983-03-16,192
-84.4088483403684,42.283646764745,1980-03-03,63.0
-84.4088483403684,42.283646764745,2001-05-23,282
-84.4088483403684,42.283646764745,2004-10-04,50.3
-84.4088483403684,42.283646764745,1997-05-27,174
-84.4088483403684,42.283646764745,2013-04-02,77.5
-84.4088483403684,42.283646764745,1981-09-16,102
-84.4088483403684,42.283646764745,2006-01-07,216
-84.4088483403684,42.283646764745,2005-12-06,72.9
-84.4088483403684,42.283646764745,1986-03-04,164
-84.4088483403684,42.283646764745,2014-05-31,90.7
-84.4088483403684,42.283646764745,2011-10-18,78.6
-84.4088483403684,42.283646764745,1981-12-27,145
-84.4088483403684,42.283646764745,1999-01-27,336
-84.4088483403684,42.283646764745,2009-07-23,150
-84.4088483403684,42.283646764745,2026-08-05,53.8
-84.4088483403684,42.283646764745,1988-06-24,41.0
-84.4088483403684,42.283646764745,1985-06-07,65.0
-84.4088483403684,42.283646764745,1981-02-22,369
-84.4088483403684,42.283646764745,1987-04-30,80.0
-84.4088483403684,42.283646764745,1980-11-12,66.0
-84.4088483403684,42.283646764745,1991-12-25,99.0
-84.4088483403684,42.283646764745,2015-03-21,215
-84.4088483403684,42.283646764745,2000-04-28,293
-84.4088483403684,42.283646764745,2011-09-01,67.2
-84.4088483403684,42.283646764745,2006-09-24,110
-84.4088483403684,42.283646764745,2008-06-21,94.3
-84.4088483403684,42.283646764745,2020-03-23,202
-84.4088483403684,42.283646764745,2006-05-21,322
-84.4088483403684,42.283646764745,2018-06-27,199
-84.4088483403684,42.283646764745,2021-07-03,156
-84.4088483403684,42.283646764745,2005-01-17,421
-84.4088483403684,42.283646764745,2013-08-15,134
-84.4088483403684,42.283646764745,2001-03-03,374
-84.4088483403684,42.283646764745,2020-12-24,87.1
-84.4088483403684,42.283646764745,2018-03-03,509
-84.4088483403684,42.283646764745,2005-10-17,35.5
-84.4088483403684,42.283646764745,1992-04-09,151
-84.4088483403684,42.283646764745,1991-07-17,59.0
-84.4088483403684,42.283646764745,1982-06-12,109
-84.4088483403684,42.283646764745,1980-08-22,183
-84.4088483403684,42.283646764745,1990-05-04,182
-84.4088483403684,42.283646764745,1984-09-04,26.0
-84.4088483403684,42.283646764745,2019-06-20,200
-84.4088483403684,42.283646764745,1983-09-26,52.0
-84.4088483403684,42.283646764745,2019-11-28,231
-84.4088483403684,42.283646764745,1996-11-03,138
-84.4088483403684,42.283646764745,1985-11-04,82.0
-84.4088483403684,42.283646764745,2011-06-05,298
-84.4088483403684,42.283646764745,2002-06-16,74.0
-84.4088483403684,42.283646764745,2007-11-25,152
-84.4088483403684,42.283646764745,2023-02-21,103
-84.4088483403684,42.283646764745,2014-09-19,54.1
-84.4088483403684,42.283646764745,1983-10-03,48.0
-84.4088483403684,42.283646764745,2022-06-24,103
-84.4088483403684,42.283646764745,2017-02-20,211
-84.4088483403684,42.283646764745,2001-04-29,153
-84.4088483403684,42.283646764745,1991-12-12,188
-84.4088483403684,42.283646764745,1994-04-07,234
-84.4088483403684,42.283646764745,2014-05-11,167
-84.4088483403684,42.283646764745,1984-05-22,222
-84.4088483403684,42.283646764745,2019-11-21,175
-84.4088483403684,42.283646764745,1993-03-01,188
-84.4088483403684,42.283646764745,1983-05-26,236
-84.4088483403684,42.283646764745,1983-05-10,415
-84.4088483403684,42.283646764745,1999-03-21,161
-84.4088483403684,42.283646764745,2018-05-21,494
-84.4088483403684,42.283646764745,1987-05-27,71.0
-84.4088483403684,42.283646764745,2016-03-25,167
-84.4088483403684,42.283646764745,2017-08-02,48.0
-84.4088483403684,42.283646764745,2020-02-17,189
-84.4088483403684,42.283646764745,2002-09-28,44.0
-84.4088483403684,42.283646764745,1990-05-13,180
-84.4088483403684,42.283646764745,2001-01-15,120
-84.4088483403684,42.283646764745,2001-04-25,264
-84.4088483403684,42.283646764745,1996-03-20,222
-84.4088483403684,42.283646764745,1984-11-27,78.0
-84.4088483403684,42.283646764745,2002-05-06,148
-84.4088483403684,42.283646764745,2001-01-17,122
-84.4088483403684,42.283646764745,2017-03-12,151
-84.4088483403684,42.283646764745,2018-06-25,175
-84.4088483403684,42.283646764745,1979-06-13,52.0
-84.4088483403684,42.283646764745,1998-01-12,412
-84.4088483403684,42.283646764745,1996-08-15,54.0
-84.4088483403684,42.283646764745,1988-06-20,41.0
-84.4088483403684,42.283646764745,2001-10-07,116
-84.4088483403684,42.283646764745,2002-05-22,214
-84.4088483403684,42.283646764745,1998-01-30,209
-84.4088483403684,42.283646764745,1984-03-10,87.0
-84.4088483403684,42.283646764745,2013-05-18,160
-84.4088483403684,42.283646764745,2025-02-20,88.9
-84.4088483403684,42.283646764745,2020-08-03,72.7
-84.4088483403684,42.283646764745,2021-05-18,69.9
-84.4088483403684,42.283646764745,2012-02-08,224
-84.4088483403684,42.283646764745,2011-12-29,278
-84.4088483403684,42.283646764745,1987-03-30,151
-84.4088483403684,42.283646764745,1979-12-26,242
-84.4088483403684,42.283646764745,1983-01-01,192
-84.4088483403684,42.283646764745,2007-12-23,213
-84.4088483403684,42.283646764745,2026-03-12,405
-84.4088483403684,42.283646764745,2008-11-07,140
-84.4088483403684,42.283646764745,2022-12-18,79.4
-84.4088483403684,42.283646764745,2009-02-17,372
-84.4088483403684,42.283646764745,1992-05-22,100
-84.4088483403684,42.283646764745,1985-01-15,92.0
-84.4088483403684,42.283646764745,1990-12-25,184
-84.4088483403684,42.283646764745,2025-07-27,70.8
-84.4088483403684,42.283646764745,1980-01-09,82.0
-84.4088483403684,42.283646764745,1992-04-20,157
-84.4088483403684,42.283646764745,2024-04-09,173
-84.4088483403684,42.283646764745,2000-08-31,77.0
-84.4088483403684,42.283646764745,2021-06-18,88.9
-84.4088483403684,42.283646764745,2006-07-14,118
-84.4088483403684,42.283646764745,2019-12-28,98.5
-84.4088483403684,42.283646764745,2001-04-28,176
-84.4088483403684,42.283646764745,2018-04-13,169
-84.4088483403684,42.283646764745,1979-03-05,236
-84.4088483403684,42.283646764745,1991-09-30,47.0
-84.4088483403684,42.283646764745,1982-06-01,220
-84.4088483403684,42.283646764745,2023-08-18,143
-84.4088483403684,42.283646764745,2008-12-29,378
-84.4088483403684,42.283646764745,1985-02-27,481
-84.4088483403684,42.283646764745,2014-01-01,153
-84.4088483403684,42.283646764745,1984-02-01,76.0
-84.4088483403684,42.283646764745,1985-02-20,82.0
-84.4088483403684,42.283646764745,2010-07-22,89.2
-84.4088483403684,42.283646764745,1991-07-19,57.0
-84.4088483403684,42.283646764745,1983-06-28,148
-84.4088483403684,42.283646764745,2008-08-10,59.8
-84.4088483403684,42.283646764745,2000-02-09,66.0
-84.4088483403684,42.283646764745,2010-02-28,112
-84.4088483403684,42.283646764745,2018-05-23,464
-84.4088483403684,42.283646764745,1982-05-15,176
-84.4088483403684,42.283646764745,2001-01-27,107
-84.4088483403684,42.283646764745,1995-04-26,189
-84.4088483403684,42.283646764745,2017-09-13,30.8
-84.4088483403684,42.283646764745,2010-08-06,214
-84.4088483403684,42.283646764745,2020-12-20,86.8
-84.4088483403684,42.283646764745,1996-05-03,243
-84.4088483403684,42.283646764745,2011-05-05,308
-84.4088483403684,42.283646764745,1988-04-26,166
-84.4088483403684,42.283646764745,2026-06-19,80.4
-84.4088483403684,42.283646764745,1982-12-18,176
-84.4088483403684,42.283646764745,2022-09-09,57.7
-84.4088483403684,42.283646764745,1981-12-25,80.0
-84.4088483403684,42.283646764745,1985-09-11,133
-84.4088483403684,42.283646764745,1982-10-20,122
-84.4088483403684,42.283646764745,2003-06-07,78.3
-84.4088483403684,42.283646764745,1986-11-22,135
-84.4088483403684,42.283646764745,2002-06-02,118
-84.4088483403684,42.283646764745,2016-02-29,156
-84.4088483403684,42.283646764745,2003-05-12,265
-84.4088483403684,42.283646764745,1999-06-03,90.0
-84.4088483403684,42.283646764745,2023-06-22,49.4
-84.4088483403684,42.283646764745,2025-06-29,95.2
-84.4088483403684,42.283646764745,2016-09-03,41.1
-84.4088483403684,42.283646764745,2005-12-24,69.5
-84.4088483403684,42.283646764745,2000-03-15,100
-84.4088483403684,42.283646764745,2009-10-25,178
-84.4088483403684,42.283646764745,2001-03-12,293
-84.4088483403684,42.283646764745,2025-07-21,71.2
-84.4088483403684,42.283646764745,1990-02-05,150
-84.4088483403684,42.283646764745,1998-07-06,82.0
-84.4088483403684,42.283646764745,2008-01-12,552
-84.4088483403684,42.283646764745,2014-06-20,100
-84.4088483403684,42.283646764745,2014-07-29,51.6
-84.4088483403684,42.283646764745,2003-01-23,97.9
-84.4088483403684,42.283646764745,2019-05-21,218
-84.4088483403684,42.283646764745,1980-03-17,217
-84.4088483403684,42.283646764745,2004-09-12,56.4
-84.4088483403684,42.283646764745,2001-06-01,252
-84.4088483403684,42.283646764745,2008-12-10,166
-84.4088483403684,42.283646764745,2005-03-17,262
-84.4088483403684,42.283646764745,1989-06-05,569
-84.4088483403684,42.283646764745,2000-06-14,185
-84.4088483403684,42.283646764745,2023-06-11,56.4
-84.4088483403684,42.283646764745,2007-01-15,422
-84.4088483403684,42.283646764745,1997-08-20,95.0
-84.4088483403684,42.283646764745,1996-11-05,93.0
-84.4088483403684,42.283646764745,1982-01-06,160
-84.4088483403684,42.283646764745,2012-11-06,52.9
-84.4088483403684,42.283646764745,2009-09-19,73.3
-84.4088483403684,42.283646764745,2012-10-30,198
-84.4088483403684,42.283646764745,2022-10-30,68.3
-84.4088483403684,42.283646764745,1981-03-19,160
-84.4088483403684,42.283646764745,2002-01-09,123
-84.4088483403684,42.283646764745,2006-12-12,219
-84.4088483403684,42.283646764745,2022-06-05,196
-84.4088483403684,42.283646764745,2012-01-26,298
-84.4088483403684,42.283646764745,2019-10-13,170
-84.4088483403684,42.283646764745,1987-10-19,54.0
-84.4088483403684,42.283646764745,1993-05-18,117
-84.4088483403684,42.283646764745,1979-12-17,54.0
-84.4088483403684,42.283646764745,1980-06-02,190
-84.4088483403684,42.283646764745,1984-10-29,57.0
-84.4088483403684,42.283646764745,2018-08-02,55.4
-84.4088483403684,42.283646764745,2021-08-11,114
-84.4088483403684,42.283646764745,2022-03-16,243
-84.4088483403684,42.283646764745,2012-02-04,341
-84.4088483403684,42.283646764745,1984-11-21,75.0
-84.4088483403684,42.283646764745,1992-05-14,138
-84.4088483403684,42.283646764745,1995-11-24,136
-84.4088483403684,42.283646764745,1979-03-29,200
-84.4088483403684,42.283646764745,1981-08-15,85.0
-84.4088483403684,42.283646764745,1986-12-27,101
-84.4088483403684,42.283646764745,2002-08-23,154
-84.4088483403684,42.283646764745,2011-03-18,341
-84.4088483403684,42.283646764745,1995-03-11,257
-84.4088483403684,42.283646764745,2018-09-30,45.8
-84.4088483403684,42.283646764745,1983-11-03,79.0
-84.4088483403684,42.283646764745,1983-02-05,156
-84.4088483403684,42.283646764745,1985-02-28,489
-84.4088483403684,42.283646764745,2018-10-22,58.2
-84.4088483403684,42.283646764745,1986-10-25,98.0
-84.4088483403684,42.283646764745,1996-07-31,70.0
-84.4088483403684,42.283646764745,1982-05-23,119
-84.4088483403684,42.283646764745,1980-10-22,66.0
-84.4088483403684,42.283646764745,2009-08-20,141
-84.4088483403684,42.283646764745,1989-10-25,83.0
-84.4088483403684,42.283646764745,1998-12-05,84.0
-84.4088483403684,42.283646764745,2014-05-30,108
-84.4088483403684,42.283646764745,1987-01-31,80.0
-84.4088483403684,42.283646764745,1996-12-12,158
-84.4088483403684,42.283646764745,1995-12-06,128
-84.4088483403684,42.283646764745,2010-10-16,52.9
-84.4088483403684,42.283646764745,1997-02-07,159
-84.4088483403684,42.283646764745,1993-04-28,275
-84.4088483403684,42.283646764745,2015-06-08,251
-84.4088483403684,42.283646764745,1997-12-04,125
-84.4088483403684,42.283646764745,2019-01-05,200
-84.4088483403684,42.283646764745,2006-04-19,185
-84.4088483403684,42.283646764745,2004-06-16,267
-84.4088483403684,42.283646764745,1988-12-25,145
-84.4088483403684,42.283646764745,2019-11-06,238
-84.4088483403684,42.283646764745,2008-03-09,329
-84.4088483403684,42.283646764745,1994-01-16,119
-84.4088483403684,42.283646764745,2024-12-28,107
-84.4088483403684,42.283646764745,2007-12-28,173
-84.4088483403684,42.283646764745,1999-02-02,300
-84.4088483403684,42.283646764745,2023-11-17,85.9
-84.4088483403684,42.283646764745,2005-02-11,221
-84.4088483403684,42.283646764745,2009-08-23,74.2
-84.4088483403684,42.283646764745,2018-11-23,71.8
-84.4088483403684,42.283646764745,1985-12-20,98.0
-84.4088483403684,42.283646764745,1985-10-07,55.0
-84.4088483403684,42.283646764745,2022-01-04,237
-84.4088483403684,42.283646764745,1991-07-15,60.0
-84.4088483403684,42.283646764745,2011-07-19,59.1
-84.4088483403684,42.283646764745,2025-08-11,60.2
-84.4088483403684,42.283646764745,1995-08-19,253
-84.4088483403684,42.283646764745,2003-06-02,118
-84.4088483403684,42.283646764745,1997-10-26,100
-84.4088483403684,42.283646764745,2004-06-18,297
-84.4088483403684,42.283646764745,2026-06-06,82.4
-84.4088483403684,42.283646764745,1993-07-27,163
-84.4088483403684,42.283646764745,2003-10-26,70.9
-84.4088483403684,42.283646764745,2005-01-14,440
-84.4088483403684,42.283646764745,1979-02-16,70.0
-84.4088483403684,42.283646764745,1998-07-02,87.0
-84.4088483403684,42.283646764745,2014-08-05,48.0
-84.4088483403684,42.283646764745,1992-03-30,232
-84.4088483403684,42.283646764745,1993-11-17,148
-84.4088483403684,42.283646764745,1988-03-06,173
-84.4088483403684,42.283646764745,2002-02-25,267
-84.4088483403684,42.283646764745,2021-04-12,205
-84.4088483403684,42.283646764745,1996-06-14,153
-84.4088483403684,42.283646764745,2007-03-18,446
-84.4088483403684,42.283646764745,1991-10-11,99.0
-84.4088483403684,42.283646764745,2005-07-19,86.4
-84.4088483403684,42.283646764745,2015-05-17,129
-84.4088483403684,42.283646764745,1985-12-03,175
-84.4088483403684,42.283646764745,2001-06-21,150
-84.4088483403684,42.283646764745,1991-03-05,209
-84.4088483403684,42.283646764745,2018-04-04,308
-84.4088483403684,42.283646764745,1991-01-15,259
-84.4088483403684,42.283646764745,2022-11-20,72.5
-84.4088483403684,42.283646764745,1994-04-30,212
-84.4088483403684,42.283646764745,1979-06-30,98.0
-84.4088483403684,42.283646764745,2012-09-16,36.6
-84.4088483403684,42.283646764745,1981-12-19,138
-84.4088483403684,42.283646764745,2021-05-12,77.1
-84.4088483403684,42.283646764745,2011-07-04,75.0
-84.4088483403684,42.283646764745,1996-04-21,258
-84.4088483403684,42.283646764745,1996-01-06,84.0
-84.4088483403684,42.283646764745,2018-01-19,103
-84.4088483403684,42.283646764745,2021-09-07,53.5
-84.4088483403684,42.283646764745,2007-10-19,106
-84.4088483403684,42.283646764745,1987-03-27,140
-84.4088483403684,42.283646764745,1999-12-04,60.0
-84.4088483403684,42.283646764745,1994-10-03,74.0
-84.4088483403684,42.283646764745,2008-07-13,138
-84.4088483403684,42.283646764745,2002-12-21,84.8
-84.4088483403684,42.283646764745,1985-11-18,239
-84.4088483403684,42.283646764745,2022-04-06,345
-84.4088483403684,42.283646764745,1989-12-04,101
-84.4088483403684,42.283646764745,1985-12-09,183
-84.4088483403684,42.283646764745,1980-01-12,127
-84.4088483403684,42.283646764745,2020-05-15,347
-84.4088483403684,42.283646764745,1996-06-15,129
-84.4088483403684,42.283646764745,2002-09-22,44.0
-84.4088483403684,42.283646764745,1993-03-29,382
-84.4088483403684,42.283646764745,2010-02-12,94.1
-84.4088483403684,42.283646764745,2008-11-13,114
-84.4088483403684,42.283646764745,2023-05-23,77.3
-84.4088483403684,42.283646764745,1983-12-22,187
-84.4088483403684,42.283646764745,2014-02-27,156
-84.4088483403684,42.283646764745,2001-06-16,127
-84.4088483403684,42.283646764745,1984-02-04,146
-84.4088483403684,42.283646764745,1983-07-03,130
-84.4088483403684,42.283646764745,1991-08-17,106
-84.4088483403684,42.283646764745,1981-09-08,170
-84.4088483403684,42.283646764745,2022-05-03,288
-84.4088483403684,42.283646764745,1988-11-21,305
-84.4088483403684,42.283646764745,1998-07-30,70.0
-84.4088483403684,42.283646764745,2002-08-17,56.0
-84.4088483403684,42.283646764745,2009-03-13,557
-84.4088483403684,42.283646764745,2017-11-28,154
-84.4088483403684,42.283646764745,1993-04-03,471
-84.4088483403684,42.283646764745,1981-09-27,193
-84.4088483403684,42.283646764745,2022-11-15,60.9
-84.4088483403684,42.283646764745,2018-03-09,385
-84.4088483403684,42.283646764745,1997-06-12,105
-84.4088483403684,42.283646764745,1985-08-02,52.0
-84.4088483403684,42.283646764745,1980-04-20,239
-84.4088483403684,42.283646764745,2014-01-12,187
-84.4088483403684,42.283646764745,1983-09-28,54.0
-84.4088483403684,42.283646764745,1987-08-01,34.0
-84.4088483403684,42.283646764745,2019-07-05,171
-84.4088483403684,42.283646764745,1986-06-09,165
-84.4088483403684,42.283646764745,2002-07-01,58.0
-84.4088483403684,42.283646764745,2006-10-03,140
-84.4088483403684,42.283646764745,2006-08-14,67.6
-84.4088483403684,42.283646764745,2015-12-25,96.2
-84.4088483403684,42.283646764745,2021-01-25,83.4
-84.4088483403684,42.283646764745,2006-06-24,289
-84.4088483403684,42.283646764745,2006-11-05,140
-84.4088483403684,42.283646764745,2026-06-20,75.8
-84.4088483403684,42.283646764745,1998-09-30,56.0
-84.4088483403684,42.283646764745,1979-09-03,42.0
-84.4088483403684,42.283646764745,2004-12-07,262
-84.4088483403684,42.283646764745,2018-11-07,158
-84.4088483403684,42.283646764745,1980-03-26,316
-84.4088483403684,42.283646764745,1988-02-03,209
-84.4088483403684,42.283646764745,2026-08-26,59.8
-84.4088483403684,42.283646764745,1997-01-17,98.0
-84.4088483403684,42.283646764745,1983-07-09,96.0
-84.4088483403684,42.283646764745,1995-05-14,123
-84.4088483403684,42.283646764745,1997-10-07,84.0
-84.4088483403684,42.283646764745,2006-07-08,128
-84.4088483403684,42.283646764745,1988-03-29,188
-84.4088483403684,42.283646764745,1985-07-29,55.0
-84.4088483403684,42.283646764745,1980-10-20,73.0
-84.4088483403684,42.283646764745,1982-09-09,42.0
-84.4088483403684,42.283646764745,1986-09-03,47.0
-84.4088483403684,42.283646764745,1981-01-15,70.0
-84.4088483403684,42.283646764745,2009-10-09,176
-84.4088483403684,42.283646764745,1982-06-11,137
-84.4088483403684,42.283646764745,1989-11-02,79.0
-84.4088483403684,42.283646764745,1992-09-06,131
-84.4088483403684,42.283646764745,1987-01-17,115
-84.4088483403684,42.283646764745,1997-05-08,230
-84.4088483403684,42.283646764745,2004-09-28,68.3
-84.4088483403684,42.283646764745,2009-02-14,381
-84.4088483403684,42.283646764745,2012-08-06,31.0
-84.4088483403684,42.283646764745,2011-07-01,91.5
-84.4088483403684,42.283646764745,1986-06-17,149
-84.4088483403684,42.283646764745,1994-04-15,279
-84.4088483403684,42.283646764745,2001-10-11,161
-84.4088483403684,42.283646764745,2007-08-24,239
-84.4088483403684,42.283646764745,1992-02-22,160
-84.4088483403684,42.283646764745,2005-02-23,286
-84.4088483403684,42.283646764745,2000-12-07,107
-84.4088483403684,42.283646764745,2026-07-20,72.7
-84.4088483403684,42.283646764745,1996-05-29,140
-84.4088483403684,42.283646764745,2009-12-21,154
-84.4088483403684,42.283646764745,1980-01-03,183
-84.4088483403684,42.283646764745,2020-02-18,189
-84.4088483403684,42.283646764745,1983-08-26,59.0
-84.4088483403684,42.283646764745,2011-01-04,190
-84.4088483403684,42.283646764745,1984-05-13,102
-84.4088483403684,42.283646764745,2015-04-08,114
-84.4088483403684,42.283646764745,2020-07-27,69.3
-84.4088483403684,42.283646764745,2024-06-11,81.4
-84.4088483403684,42.283646764745,1995-01-30,246
-84.4088483403684,42.283646764745,1986-01-07,80.0
-84.4088483403684,42.283646764745,1997-07-16,69.0
-84.4088483403684,42.283646764745,2007-01-17,360
-84.4088483403684,42.283646764745,2005-10-15,36.5
-84.4088483403684,42.283646764745,1986-11-25,147
-84.4088483403684,42.283646764745,1986-07-10,74.0
-84.4088483403684,42.283646764745,2004-02-28,115
-84.4088483403684,42.283646764745,2005-09-05,47.5
-84.4088483403684,42.283646764745,1991-12-22,105
-84.4088483403684,42.283646764745,2019-02-03,115
-84.4088483403684,42.283646764745,2025-03-11,190
-84.4088483403684,42.283646764745,2013-12-09,76.4
-84.4088483403684,42.283646764745,1981-10-30,191
-84.4088483403684,42.283646764745,2015-10-29,66.6
-84.4088483403684,42.283646764745,2018-04-24,263
-84.4088483403684,42.283646764745,2020-01-12,434
-84.4088483403684,42.283646764745,1984-01-17,88.0
-84.4088483403684,42.283646764745,2015-06-05,313
-84.4088483403684,42.283646764745,1982-01-20,92.0
-84.4088483403684,42.283646764745,1983-02-25,184
-84.4088483403684,42.283646764745,2014-04-08,375
-84.4088483403684,42.283646764745,2007-03-28,343
-84.4088483403684,42.283646764745,1983-07-22,120
-84.4088483403684,42.283646764745,2012-10-28,66.1
-84.4088483403684,42.283646764745,1993-07-04,174
-84.4088483403684,42.283646764745,2010-11-20,70.4
-84.4088483403684,42.283646764745,1980-04-25,202
-84.4088483403684,42.283646764745,1991-03-26,176
-84.4088483403684,42.283646764745,1984-11-14,165
-84.4088483403684,42.283646764745,2024-04-27,155
-84.4088483403684,42.283646764745,2010-01-22,106
-84.4088483403684,42.283646764745,2006-09-02,85.0
-84.4088483403684,42.283646764745,2014-09-29,64.7
-84.4088483403684,42.283646764745,1995-01-31,175
-84.4088483403684,42.283646764745,1980-08-15,144
-84.4088483403684,42.283646764745,2015-08-31,50.8
-84.4088483403684,42.283646764745,1995-03-24,184
-84.4088483403684,42.283646764745,1985-05-30,144
-84.4088483403684,42.283646764745,1998-10-23,67.0
-84.4088483403684,42.283646764745,2017-11-08,84.2
-84.4088483403684,42.283646764745,1997-12-19,75.0
-84.4088483403684,42.283646764745,1990-04-09,219
-84.4088483403684,42.283646764745,1999-08-04,59.0
-84.4088483403684,42.283646764745,1988-08-21,36.0
-84.4088483403684,42.283646764745,2021-12-25,215
-84.4088483403684,42.283646764745,2021-07-02,168
-84.4088483403684,42.283646764745,2003-04-06,337
-84.4088483403684,42.283646764745,2010-12-22,78.2
-84.4088483403684,42.283646764745,2022-05-29,421
-84.4088483403684,42.283646764745,1979-06-06,64.0
-84.4088483403684,42.283646764745,2008-11-03,101
-84.4088483403684,42.283646764745,2005-04-08,168
-84.4088483403684,42.283646764745,1987-05-31,108
-84.4088483403684,42.283646764745,1988-11-29,204
-84.4088483403684,42.283646764745,2009-06-09,201
-84.4088483403684,42.283646764745,1993-02-12,164
-84.4088483403684,42.283646764745,2015-06-07,310
-84.4088483403684,42.283646764745,2010-10-04,64.3
-84.4088483403684,42.283646764745,2024-08-18,128
-84.4088483403684,42.283646764745,2015-10-08,41.6
-84.4088483403684,42.283646764745,2000-10-14,93.0
-84.4088483403684,42.283646764745,2007-11-24,150
-84.4088483403684,42.283646764745,2013-10-25,54.1
-84.4088483403684,42.283646764745,1997-02-11,144
-84.4088483403684,42.283646764745,1995-04-14,264
-84.4088483403684,42.283646764745,1989-04-27,168
-84.4088483403684,42.283646764745,1992-11-15,317
-84.4088483403684,42.283646764745,2015-06-24,384
-84.4088483403684,42.283646764745,2008-09-06,42.6
-84.4088483403684,42.283646764745,2025-01-16,126
-84.4088483403684,42.283646764745,2015-03-14,158
-84.4088483403684,42.283646764745,1981-10-12,137
-84.4088483403684,42.283646764745,1981-03-26,118
-84.4088483403684,42.283646764745,2006-03-18,313
-84.4088483403684,42.283646764745,1990-06-13,108
-84.4088483403684,42.283646764745,2018-02-12,101
-84.4088483403684,42.283646764745,1983-12-27,90.0
-84.4088483403684,42.283646764745,2025-07-15,74.3
-84.4088483403684,42.283646764745,2016-07-16,38.3
-84.4088483403684,42.283646764745,2013-09-24,59.6
-84.4088483403684,42.283646764745,2008-08-18,51.6
-84.4088483403684,42.283646764745,1980-06-08,206
-84.4088483403684,42.283646764745,2003-08-21,50.1
-84.4088483403684,42.283646764745,2003-08-06,51.8
-84.4088483403684,42.283646764745,2014-03-14,189
-84.4088483403684,42.283646764745,2005-07-03,49.4
-84.4088483403684,42.283646764745,2021-05-15,75.9
-84.4088483403684,42.283646764745,1980-05-28,80.0
-84.4088483403684,42.283646764745,2016-01-28,77.2
-84.4088483403684,42.283646764745,1991-04-27,331
-84.4088483403684,42.283646764745,2019-02-07,213
-84.4088483403684,42.283646764745,1996-09-08,50.0
-84.4088483403684,42.283646764745,1994-07-15,92.0
-84.4088483403684,42.283646764745,2006-08-30,98.0
-84.4088483403684,42.283646764745,1987-07-14,37.0
-84.4088483403684,42.283646764745,2015-04-19,85.9
-84.4088483403684,42.283646764745,2008-08-12,56.3
-84.4088483403684,42.283646764745,1980-12-28,60.0
-84.4088483403684,42.283646764745,1995-12-23,94.0
-84.4088483403684,42.283646764745,1980-12-25,131
-84.4088483403684,42.283646764745,1987-04-29,84.0
-84.4088483403684,42.283646764745,1979-07-10,73.0
-84.4088483403684,42.283646764745,2007-09-03,77.0
-84.4088483403684,42.283646764745,1999-10-17,47.0
-84.4088483403684,42.283646764745,2017-11-23,179
-84.4088483403684,42.283646764745,2003-03-20,199
-84.4088483403684,42.283646764745,1999-07-28,64.0
-84.4088483403684,42.283646764745,2022-12-30,96.4
-84.4088483403684,42.283646764745,2024-02-16,160
-84.4088483403684,42.283646764745,1982-12-10,199
-84.4088483403684,42.283646764745,2017-06-15,67.7
-84.4088483403684,42.283646764745,2004-01-16,80.4
-84.4088483403684,42.283646764745,2026-07-31,53.1
-84.4088483403684,42.283646764745,1982-08-30,53.0
-84.4088483403684,42.283646764745,1998-02-17,306
-84.4088483403684,42.283646764745,2002-10-29,51.9
-84.4088483403684,42.283646764745,1991-10-10,97.0
-84.4088483403684,42.283646764745,1992-04-29,264
-84.4088483403684,42.283646764745,2005-10-26,37.2
-84.4088483403684,42.283646764745,1988-06-23,48.0
-84.4088483403684,42.283646764745,2011-11-30,487
-84.4088483403684,42.283646764745,2015-09-28,45.8
-84.4088483403684,42.283646764745,2019-04-02,292
-84.4088483403684,42.283646764745,1984-08-23,24.0
-84.4088483403684,42.283646764745,2003-02-21,58.5
-84.4088483403684,42.283646764745,2010-06-14,462
-84.4088483403684,42.283646764745,1986-07-08,90.0
-84.4088483403684,42.283646764745,2025-05-27,162
-84.4088483403684,42.283646764745,1992-05-27,89.0
-84.4088483403684,42.283646764745,2002-07-18,60.0
-84.4088483403684,42.283646764745,2003-09-09,43.2
-84.4088483403684,42.283646764745,1997-02-20,204
-84.4088483403684,42.283646764745,1993-10-25,236
-84.4088483403684,42.283646764745,2003-02-23,54.5
-84.4088483403684,42.283646764745,2004-04-08,147
-84.4088483403684,42.283646764745,2017-04-28,231
-84.4088483403684,42.283646764745,2017-12-02,123
-84.4088483403684,42.283646764745,2017-09-10,29.4
-84.4088483403684,42.283646764745,2024-08-12,140
-84.4088483403684,42.283646764745,1981-10-26,117
-84.4088483403684,42.283646764745,2022-11-11,57.6
-84.4088483403684,42.283646764745,2025-07-29,135
-84.4088483403684,42.283646764745,1997-12-02,145
-84.4088483403684,42.283646764745,1997-05-07,209
-84.4088483403684,42.283646764745,2023-01-23,119
-84.4088483403684,42.283646764745,1980-04-17,326
-84.4088483403684,42.283646764745,2002-04-21,235
-84.4088483403684,42.283646764745,1991-02-18,198
-84.4088483403684,42.283646764745,2001-01-12,112
-84.4088483403684,42.283646764745,1982-11-03,223
-84.4088483403684,42.283646764745,1986-03-16,364
-84.4088483403684,42.283646764745,1984-10-24,123
-84.4088483403684,42.283646764745,1984-09-16,38.0
-84.4088483403684,42.283646764745,2004-08-03,125
-84.4088483403684,42.283646764745,1988-10-06,86.0
-84.4088483403684,42.283646764745,2025-12-21,102
-84.4088483403684,42.283646764745,2024-11-21,117
-84.4088483403684,42.283646764745,2003-11-12,139
-84.4088483403684,42.283646764745,2024-02-29,126
-84.4088483403684,42.283646764745,2016-04-19,173
-84.4088483403684,42.283646764745,1997-03-03,433
-84.4088483403684,42.283646764745,2007-10-28,65.2
-84.4088483403684,42.283646764745,2010-05-19,334
-84.4088483403684,42.283646764745,2023-03-18,261
-84.4088483403684,42.283646764745,2025-04-05,298
-84.4088483403684,42.283646764745,2004-12-15,223
-84.4088483403684,42.283646764745,2009-02-20,331
-84.4088483403684,42.283646764745,1980-01-28,70.0
-84.4088483403684,42.283646764745,2002-11-07,47.2
-84.4088483403684,42.283646764745,1993-11-14,140
-84.4088483403684,42.283646764745,1986-10-03,319
-84.4088483403684,42.283646764745,2011-06-11,179
-84.4088483403684,42.283646764745,2026-02-02,88.5
-84.4088483403684,42.283646764745,2012-10-16,51.8
-84.4088483403684,42.283646764745,2018-12-05,162
-84.4088483403684,42.283646764745,1984-05-28,373
-84.4088483403684,42.283646764745,1999-04-23,347
-84.4088483403684,42.283646764745,1990-05-21,316
-84.4088483403684,42.283646764745,1993-10-31,189
-84.4088483403684,42.283646764745,1998-04-22,167
-84.4088483403684,42.283646764745,2019-05-11,344
-84.4088483403684,42.283646764745,2000-10-29,91.0
-84.4088483403684,42.283646764745,2024-11-06,108
-84.4088483403684,42.283646764745,2026-07-22,64.2
-84.4088483403684,42.283646764745,2026-02-05,86.1
-84.4088483403684,42.283646764745,1983-07-15,70.0
-84.4088483403684,42.283646764745,1984-01-08,99.0
-84.4088483403684,42.283646764745,2006-03-21,271
-84.4088483403684,42.283646764745,2015-06-26,341
-84.4088483403684,42.283646764745,1979-10-23,58.0
-84.4088483403684,42.283646764745,1991-10-29,217
-84.4088483403684,42.283646764745,2003-07-17,43.4
-84.4088483403684,42.283646764745,1997-10-10,73.0
-84.4088483403684,42.283646764745,2001-04-19,164
-84.4088483403684,42.283646764745,2014-07-21,118
-84.4088483403684,42.283646764745,2017-04-20,244
-84.4088483403684,42.283646764745,2013-12-16,63.4
-84.4088483403684,42.283646764745,1993-12-09,231
-84.4088483403684,42.283646764745,1999-03-06,125
-84.4088483403684,42.283646764745,2026-05-27,169
-84.4088483403684,42.283646764745,2024-07-15,588
-84.4088483403684,42.283646764745,2024-06-19,192
-84.4088483403684,42.283646764745,1989-03-20,193
-84.4088483403684,42.283646764745,1980-02-16,47.0
-84.4088483403684,42.283646764745,2018-01-08,81.7
-84.4088483403684,42.283646764745,2000-12-02,153
-84.4088483403684,42.283646764745,1995-07-01,199
-84.4088483403684,42.283646764745,2011-09-05,103
-84.4088483403684,42.283646764745,2004-02-25,90.8
-84.4088483403684,42.283646764745,2019-04-05,267
-84.4088483403684,42.283646764745,2008-02-26,262
-84.4088483403684,42.283646764745,1989-05-11,100
-84.4088483403684,42.283646764745,2001-12-16,228
-84.4088483403684,42.283646764745,2009-12-19,159
-84.4088483403684,42.283646764745,2014-12-31,81.0
-84.4088483403684,42.283646764745,2002-01-08,105
-84.4088483403684,42.283646764745,2020-01-06,299
-84.4088483403684,42.283646764745,1989-12-19,82.0
-84.4088483403684,42.283646764745,1982-03-19,547
-84.4088483403684,42.283646764745,1988-02-08,155
-84.4088483403684,42.283646764745,2004-10-15,65.3
-84.4088483403684,42.283646764745,1979-01-19,116
-84.4088483403684,42.283646764745,1986-01-17,140
-84.4088483403684,42.283646764745,1994-01-22,115
-84.4088483403684,42.283646764745,2014-05-21,298
-84.4088483403684,42.283646764745,2000-10-25,101
-84.4088483403684,42.283646764745,1979-11-13,116
-84.4088483403684,42.283646764745,2012-06-13,48.6
-84.4088483403684,42.283646764745,2003-01-08,88.1
-84.4088483403684,42.283646764745,1985-11-26,250
-84.4088483403684,42.283646764745,2002-05-31,143
-84.4088483403684,42.283646764745,1989-09-01,118
-84.4088483403684,42.283646764745,1979-04-10,257
-84.4088483403684,42.283646764745,2025-12-30,168
-84.4088483403684,42.283646764745,1996-02-09,107
-84.4088483403684,42.283646764745,2017-09-14,30.2
-84.4088483403684,42.283646764745,2013-08-07,80.5
-84.4088483403684,42.283646764745,2003-11-17,69.7
-84.4088483403684,42.283646764745,1979-08-22,137
-84.4088483403684,42.283646764745,2019-02-10,201
-84.4088483403684,42.283646764745,2007-07-19,78.4
-84.4088483403684,42.283646764745,1998-01-05,194
-84.4088483403684,42.283646764745,1993-02-26,202
-84.4088483403684,42.283646764745,1991-04-23,262
-84.4088483403684,42.283646764745,1988-12-15,142
-84.4088483403684,42.283646764745,2011-09-24,69.1
-84.4088483403684,42.283646764745,2002-06-12,118
-84.4088483403684,42.283646764745,2018-11-21,122
-84.4088483403684,42.283646764745,2011-08-28,70.8
-84.4088483403684,42.283646764745,1989-11-24,188
-84.4088483403684,42.283646764745,2003-11-05,98.1
-84.4088483403684,42.283646764745,2025-11-29,81.8
-84.4088483403684,42.283646764745,2006-11-01,153
-84.4088483403684,42.283646764745,2017-01-28,244
-84.4088483403684,42.283646764745,1997-08-14,74.0
-84.4088483403684,42.283646764745,1982-08-21,52.0
-84.4088483403684,42.283646764745,2025-10-02,50.0
-84.4088483403684,42.283646764745,2010-04-06,162
-84.4088483403684,42.283646764745,1988-07-09,31.0
-84.4088483403684,42.283646764745,1991-04-19,207
-84.4088483403684,42.283646764745,2010-04-24,82.0
-84.4088483403684,42.283646764745,2025-11-30,85.3
-84.4088483403684,42.283646764745,2015-09-03,54.1
-84.4088483403684,42.283646764745,1995-12-30,86.0
-84.4088483403684,42.283646764745,1999-04-03,126
-84.4088483403684,42.283646764745,1983-11-17,99.0
-84.4088483403684,42.283646764745,2011-08-04,245
-84.4088483403684,42.283646764745,1990-02-07,200
-84.4088483403684,42.283646764745,1990-01-25,211
-84.4088483403684,42.283646764745,1999-03-24,208
-84.4088483403684,42.283646764745,2004-05-11,264
-84.4088483403684,42.283646764745,2012-01-05,246
-84.4088483403684,42.283646764745,2021-12-03,184
-84.4088483403684,42.283646764745,1996-04-22,328
-84.4088483403684,42.283646764745,2022-05-25,143
-84.4088483403684,42.283646764745,1987-05-02,79.0
-84.4088483403684,42.283646764745,2015-10-18,36.1
-84.4088483403684,42.283646764745,2017-10-30,81.2
-84.4088483403684,42.283646764745,2009-11-14,93.4
-84.4088483403684,42.283646764745,1987-09-06,58.0
-84.4088483403684,42.283646764745,2011-04-15,259
-84.4088483403684,42.283646764745,1993-11-22,131
-84.4088483403684,42.283646764745,2011-11-09,236
-84.4088483403684,42.283646764745,2023-12-29,119
-84.4088483403684,42.283646764745,1980-04-26,186
-84.4088483403684,42.283646764745,2023-03-06,366
-84.4088483403684,42.283646764745,1986-12-20,128
-84.4088483403684,42.283646764745,2002-06-09,112
-84.4088483403684,42.283646764745,1979-07-30,68.0
-84.4088483403684,42.283646764745,1988-12-13,146
-84.4088483403684,42.283646764745,1979-05-10,203
-84.4088483403684,42.283646764745,2019-12-04,214
-84.4088483403684,42.283646764745,2003-05-17,235
-84.4088483403684,42.283646764745,2008-05-13,115
-84.4088483403684,42.283646764745,2002-05-17,352
-84.4088483403684,42.283646764745,2005-04-24,110
-84.4088483403684,42.283646764745,2023-01-03,144
-84.4088483403684,42.283646764745,1990-12-28,124
-84.4088483403684,42.283646764745,1986-03-10,220
-84.4088483403684,42.283646764745,1980-01-07,72.0
-84.4088483403684,42.283646764745,2000-07-29,126
-84.4088483403684,42.283646764745,2011-08-19,116
-84.4088483403684,42.283646764745,1995-07-27,99.0
-84.4088483403684,42.283646764745,1996-03-29,202
-84.4088483403684,42.283646764745,1996-12-27,135
-84.4088483403684,42.283646764745,2011-03-15,373
-84.4088483403684,42.283646764745,1981-07-10,80.0
-84.4088483403684,42.283646764745,1988-09-13,46.0
-84.4088483403684,42.283646764745,1984-08-01,43.0
-84.4088483403684,42.283646764745,1999-03-23,211
-84.4088483403684,42.283646764745,1979-11-28,171
-84.4088483403684,42.283646764745,2005-04-12,195
-84.4088483403684,42.283646764745,2004-02-08,72.4
-84.4088483403684,42.283646764745,2000-10-26,97.0
-84.4088483403684,42.283646764745,2011-07-28,180
-84.4088483403684,42.283646764745,2009-10-20,88.9
-84.4088483403684,42.283646764745,1981-02-20,338
-84.4088483403684,42.283646764745,1991-09-10,79.0
-84.4088483403684,42.283646764745,1990-03-08,296
-84.4088483403684,42.283646764745,2012-12-18,50.2
-84.4088483403684,42.283646764745,2013-09-21,73.6
-84.4088483403684,42.283646764745,2024-07-06,187
-84.4088483403684,42.283646764745,2022-02-14,107
-84.4088483403684,42.283646764745,1994-05-31,99.0
-84.4088483403684,42.283646764745,1983-03-08,218
-84.4088483403684,42.283646764745,1998-06-05,88.0
-84.4088483403684,42.283646764745,1986-04-19,186
-84.4088483403684,42.283646764745,2003-09-16,42.9
-84.4088483403684,42.283646764745,1995-08-02,175
-84.4088483403684,42.283646764745,2008-11-20,167
-84.4088483403684,42.283646764745,2018-10-02,69.6
-84.4088483403684,42.283646764745,1984-12-31,204
-84.4088483403684,42.283646764745,2015-09-10,60.4
-84.4088483403684,42.283646764745,2000-02-28,174
-84.4088483403684,42.283646764745,2016-11-16,59.5
-84.4088483403684,42.283646764745,2022-04-10,246
-84.4088483403684,42.283646764745,2015-01-19,79.4
-84.4088483403684,42.283646764745,1984-08-19,32.0
-84.4088483403684,42.283646764745,1990-11-18,169
-84.4088483403684,42.283646764745,1980-06-24,147
-84.4088483403684,42.283646764745,1984-12-02,75.0
-84.4088483403684,42.283646764745,2021-04-18,91.1
-84.4088483403684,42.283646764745,2015-12-30,138
-84.4088483403684,42.283646764745,2004-06-30,87.5
-84.4088483403684,42.283646764745,2002-09-08,42.0
-84.4088483403684,42.283646764745,1993-12-28,138
-84.4088483403684,42.283646764745,2013-01-27,58.9
-84.4088483403684,42.283646764745,2007-03-02,271
-84.4088483403684,42.283646764745,1988-01-19,115
-84.4088483403684,42.283646764745,1997-01-26,150
-84.4088483403684,42.283646764745,1994-03-06,191
-84.4088483403684,42.283646764745,2016-01-02,179
-84.4088483403684,42.283646764745,2017-01-14,156
-84.4088483403684,42.283646764745,1996-12-22,94.0
-84.4088483403684,42.283646764745,2024-02-13,186
-84.4088483403684,42.283646764745,2003-09-20,36.7
-84.4088483403684,42.283646764745,1992-04-14,141
-84.4088483403684,42.283646764745,1993-10-05,186
-84.4088483403684,42.283646764745,1996-07-07,66.0
-84.4088483403684,42.283646764745,2025-07-14,76.4
-84.4088483403684,42.283646764745,1982-12-02,200
-84.4088483403684,42.283646764745,2005-10-09,40.0
-84.4088483403684,42.283646764745,1986-03-14,353
-84.4088483403684,42.283646764745,2002-01-31,182
-84.4088483403684,42.283646764745,2017-09-22,38.6
-84.4088483403684,42.283646764745,1987-06-27,42.0
-84.4088483403684,42.283646764745,2019-09-17,75.6
-84.4088483403684,42.283646764745,2001-03-24,179
-84.4088483403684,42.283646764745,2002-04-17,246
-84.4088483403684,42.283646764745,1981-11-09,105
-84.4088483403684,42.283646764745,2017-11-20,183
-84.4088483403684,42.283646764745,1985-04-09,447
-84.4088483403684,42.283646764745,1986-10-29,156
-84.4088483403684,42.283646764745,2006-07-31,98.7
-84.4088483403684,42.283646764745,1984-06-28,62.0
-84.4088483403684,42.283646764745,1986-07-30,113
-84.4088483403684,42.283646764745,2001-07-01,79.0
-84.4088483403684,42.283646764745,1983-08-04,173
-84.4088483403684,42.283646764745,1985-08-08,98.0
-84.4088483403684,42.283646764745,2007-07-11,49.9
-84.4088483403684,42.283646764745,1988-05-01,150
-84.4088483403684,42.283646764745,1982-07-03,125
-84.4088483403684,42.283646764745,2016-01-04,169
-84.4088483403684,42.283646764745,2008-06-27,95.4
-84.4088483403684,42.283646764745,2003-04-02,185
-84.4088483403684,42.283646764745,1994-10-23,92.0
-84.4088483403684,42.283646764745,2005-08-23,63.9
-84.4088483403684,42.283646764745,1981-10-17,117
-84.4088483403684,42.283646764745,1986-02-23,222
-84.4088483403684,42.283646764745,2014-10-24,64.7
-84.4088483403684,42.283646764745,2001-11-05,157
-84.4088483403684,42.283646764745,1998-05-18,137
-84.4088483403684,42.283646764745,2022-12-14,66.1
-84.4088483403684,42.283646764745,2016-01-29,77.9
-84.4088483403684,42.283646764745,1982-05-05,117
-84.4088483403684,42.283646764745,2025-01-05,177
-84.4088483403684,42.283646764745,1979-05-03,177
-84.4088483403684,42.283646764745,2012-02-28,246
-84.4088483403684,42.283646764745,2005-02-06,175
-84.4088483403684,42.283646764745,2008-04-06,417
-84.4088483403684,42.283646764745,2025-06-18,172
-84.4088483403684,42.283646764745,2007-10-04,62.7
-84.4088483403684,42.283646764745,2004-03-08,261
-84.4088483403684,42.283646764745,2021-03-17,92.8
-84.4088483403684,42.283646764745,1993-02-08,213
-84.4088483403684,42.283646764745,1980-12-03,93.0
-84.4088483403684,42.283646764745,2007-11-30,96.0
-84.4088483403684,42.283646764745,1991-05-18,162
-84.4088483403684,42.283646764745,2008-01-29,198
-84.4088483403684,42.283646764745,1997-09-04,71.0
-84.4088483403684,42.283646764745,1998-05-03,424
-84.4088483403684,42.283646764745,1992-06-02,91.0
-84.4088483403684,42.283646764745,2004-10-23,64.8
-84.4088483403684,42.283646764745,2012-09-23,38.0
-84.4088483403684,42.283646764745,2017-04-14,430
-84.4088483403684,42.283646764745,2023-10-29,100
-84.4088483403684,42.283646764745,2002-04-24,169
-84.4088483403684,42.283646764745,2018-02-23,622
-84.4088483403684,42.283646764745,1989-09-03,89.0
-84.4088483403684,42.283646764745,1990-08-16,72.0
-84.4088483403684,42.283646764745,1997-03-26,260
-84.4088483403684,42.283646764745,2026-03-09,383
-84.4088483403684,42.283646764745,2019-08-17,59.7
-84.4088483403684,42.283646764745,1998-07-29,74.0
-84.4088483403684,42.283646764745,1979-04-01,236
-84.4088483403684,42.283646764745,2006-09-19,127
-84.4088483403684,42.283646764745,2001-08-31,68.0
-84.4088483403684,42.283646764745,2007-08-01,47.2
-84.4088483403684,42.283646764745,2014-08-23,55.0
-84.4088483403684,42.283646764745,1988-10-17,126
-84.4088483403684,42.283646764745,2024-11-28,97.7
-84.4088483403684,42.283646764745,2004-04-06,160
-84.4088483403684,42.283646764745,2001-09-02,57.0
-84.4088483403684,42.283646764745,1985-06-04,85.0
-84.4088483403684,42.283646764745,2021-06-22,179
-84.4088483403684,42.283646764745,2011-04-23,283
-84.4088483403684,42.283646764745,2008-04-11,410
-84.4088483403684,42.283646764745,2002-06-22,67.0
-84.4088483403684,42.283646764745,2013-06-01,161
-84.4088483403684,42.283646764745,2001-05-02,124
-84.4088483403684,42.283646764745,1980-01-25,143
-84.4088483403684,42.283646764745,2016-03-28,219
-84.4088483403684,42.283646764745,2012-11-17,51.7
-84.4088483403684,42.283646764745,2014-08-22,58.4
-84.4088483403684,42.283646764745,2013-11-04,105
-84.4088483403684,42.283646764745,1989-03-08,136
-84.4088483403684,42.283646764745,1991-02-03,151
-84.4088483403684,42.283646764745,2002-10-19,51.9
-84.4088483403684,42.283646764745,1985-03-23,213
-84.4088483403684,42.283646764745,1987-06-03,130
-84.4088483403684,42.283646764745,2018-12-26,88.5
-84.4088483403684,42.283646764745,2000-09-20,123
-84.4088483403684,42.283646764745,2002-11-10,76.5
-84.4088483403684,42.283646764745,1999-11-03,49.0
-84.4088483403684,42.283646764745,1992-04-10,149
-84.4088483403684,42.283646764745,2021-01-27,77.0
-84.4088483403684,42.283646764745,1998-03-17,334
-84.4088483403684,42.283646764745,1996-11-16,126
-84.4088483403684,42.283646764745,2013-12-24,163
-84.4088483403684,42.283646764745,2017-11-06,85.0
-84.4088483403684,42.283646764745,2008-08-11,58.2
-84.4088483403684,42.283646764745,1991-01-13,270
-84.4088483403684,42.283646764745,2009-06-07,175
-84.4088483403684,42.283646764745,2026-02-24,147
-84.4088483403684,42.283646764745,2023-12-18,104
-84.4088483403684,42.283646764745,2006-08-10,79.5
-84.4088483403684,42.283646764745,2025-05-10,290
-84.4088483403684,42.283646764745,1998-02-06,195
-84.4088483403684,42.283646764745,1986-07-19,142
-84.4088483403684,42.283646764745,1987-08-16,26.0
-84.4088483403684,42.283646764745,1989-06-16,223
-84.4088483403684,42.283646764745,2024-04-19,240
-84.4088483403684,42.283646764745,1986-03-22,369
-84.4088483403684,42.283646764745,1993-08-31,137
-84.4088483403684,42.283646764745,1996-07-14,59.0
-84.4088483403684,42.283646764745,2015-05-03,75.1
-84.4088483403684,42.283646764745,2022-03-25,488
-84.4088483403684,42.283646764745,2018-06-10,214
-84.4088483403684,42.283646764745,1996-12-16,152
-84.4088483403684,42.283646764745,1987-10-04,52.0
-84.4088483403684,42.283646764745,2017-07-24,58.4
-84.4088483403684,42.283646764745,2007-02-28,124
-84.4088483403684,42.283646764745,2007-09-30,52.8
-84.4088483403684,42.283646764745,1985-12-23,90.0
-84.4088483403684,42.283646764745,1979-09-11,43.0
-84.4088483403684,42.283646764745,1994-09-24,53.0
-84.4088483403684,42.283646764745,2004-05-18,153
-84.4088483403684,42.283646764745,2019-10-03,187
-84.4088483403684,42.283646764745,1979-01-20,136
-84.4088483403684,42.283646764745,2003-12-25,119
-84.4088483403684,42.283646764745,2004-03-27,226
-84.4088483403684,42.283646764745,2005-02-03,180
-84.4088483403684,42.283646764745,2020-02-14,196
-84.4088483403684,42.283646764745,2003-09-13,37.9
-84.4088483403684,42.283646764745,2017-07-26,57.6
-84.4088483403684,42.283646764745,2012-07-15,33.6
-84.4088483403684,42.283646764745,2015-08-28,51.2
-84.4088483403684,42.283646764745,1992-08-28,186
-84.4088483403684,42.283646764745,1999-03-07,123
-84.4088483403684,42.283646764745,2010-09-11,67.0
-84.4088483403684,42.283646764745,2015-05-15,140
-84.4088483403684,42.283646764745,1982-04-28,202
-84.4088483403684,42.283646764745,2024-04-10,162
-84.4088483403684,42.283646764745,2024-05-24,86.2
-84.4088483403684,42.283646764745,2017-04-30,294
-84.4088483403684,42.283646764745,2011-07-09,62.2
-84.4088483403684,42.283646764745,2001-12-12,202
-84.4088483403684,42.283646764745,2015-12-18,61.1
-84.4088483403684,42.283646764745,2019-09-08,58.9
-84.4088483403684,42.283646764745,2012-12-27,61.9
-84.4088483403684,42.283646764745,2004-12-14,230
-84.4088483403684,42.283646764745,2020-07-25,72.0
-84.4088483403684,42.283646764745,2016-05-03,232
-84.4088483403684,42.283646764745,1980-11-29,127
-84.4088483403684,42.283646764745,2019-08-24,63.5
-84.4088483403684,42.283646764745,1991-02-14,177
-84.4088483403684,42.283646764745,2009-06-01,294
-84.4088483403684,42.283646764745,2017-04-23,285
-84.4088483403684,42.283646764745,1986-10-22,152
-84.4088483403684,42.283646764745,2024-04-12,215
-84.4088483403684,42.283646764745,2020-10-25,126
-84.4088483403684,42.283646764745,2020-09-21,57.9
-84.4088483403684,42.283646764745,2012-07-31,40.5
-84.4088483403684,42.283646764745,1983-04-16,325
-84.4088483403684,42.283646764745,1992-07-17,141
-84.4088483403684,42.283646764745,2018-12-19,77.5
-84.4088483403684,42.283646764745,1996-01-09,83.0
-84.4088483403684,42.283646764745,2008-03-19,379
-84.4088483403684,42.283646764745,2017-07-09,50.6
-84.4088483403684,42.283646764745,2017-07-17,57.9
-84.4088483403684,42.283646764745,2015-07-22,173
-84.4088483403684,42.283646764745,2003-12-15,119
-84.4088483403684,42.283646764745,2008-02-10,394
-84.4088483403684,42.283646764745,2003-05-18,225
-84.4088483403684,42.283646764745,2020-01-08,203
-84.4088483403684,42.283646764745,1994-11-16,155
-84.4088483403684,42.283646764745,1991-06-29,59.0
-84.4088483403684,42.283646764745,1999-03-19,148
-84.4088483403684,42.283646764745,1984-03-24,400
-84.4088483403684,42.283646764745,2024-01-14,132
-84.4088483403684,42.283646764745,2006-09-05,108
-84.4088483403684,42.283646764745,2022-01-21,109
-84.4088483403684,42.283646764745,2018-04-22,285
-84.4088483403684,42.283646764745,2019-03-28,125
-84.4088483403684,42.283646764745,1998-10-05,53.0
-84.4088483403684,42.283646764745,2024-09-26,63.7
-84.4088483403684,42.283646764745,1997-06-01,129
-84.4088483403684,42.283646764745,2023-07-13,68.2
-84.4088483403684,42.283646764745,2021-02-23,82.5
-84.4088483403684,42.283646764745,1983-09-27,55.0
-84.4088483403684,42.283646764745,2004-03-16,199
-84.4088483403684,42.283646764745,2001-08-27,75.0
-84.4088483403684,42.283646764745,1986-08-29,48.0
-84.4088483403684,42.283646764745,2019-10-27,163
-84.4088483403684,42.283646764745,2021-11-07,288
-84.4088483403684,42.283646764745,1992-12-22,228
-84.4088483403684,42.283646764745,2000-03-09,96.0
-84.4088483403684,42.283646764745,1981-04-19,275
-84.4088483403684,42.283646764745,2019-12-07,170
-84.4088483403684,42.283646764745,2017-02-03,109
-84.4088483403684,42.283646764745,2018-12-30,93.4
-84.4088483403684,42.283646764745,2003-09-10,42.5
-84.4088483403684,42.283646764745,1993-08-15,66.0
-84.4088483403684,42.283646764745,1999-11-23,61.0
-84.4088483403684,42.283646764745,2024-12-10,95.5
-84.4088483403684,42.283646764745,2023-11-10,93.8
-84.4088483403684,42.283646764745,1995-07-14,71.0
-84.4088483403684,42.283646764745,1987-02-07,113
-84.4088483403684,42.283646764745,2026-03-29,161
-84.4088483403684,42.283646764745,2026-09-12,93.7
-84.4088483403684,42.283646764745,1990-05-14,172
-84.4088483403684,42.283646764745,2002-09-29,43.0
-84.4088483403684,42.283646764745,2023-11-19,80.8
-84.4088483403684,42.283646764745,1997-02-08,159
-84.4088483403684,42.283646764745,2001-05-10,105
-84.4088483403684,42.283646764745,1982-04-03,500
-84.4088483403684,42.283646764745,2008-12-30,371
-84.4088483403684,42.283646764745,1999-03-20,152
-84.4088483403684,42.283646764745,2007-07-12,47.1
-84.4088483403684,42.283646764745,1989-09-04,83.0
-84.4088483403684,42.283646764745,2010-07-03,200
-84.4088483403684,42.283646764745,2026-04-11,255
-84.4088483403684,42.283646764745,2004-04-04,184
-84.4088483403684,42.283646764745,2023-04-04,384
-84.4088483403684,42.283646764745,1987-09-21,94.0
-84.4088483403684,42.283646764745,2001-04-23,270
-84.4088483403684,42.283646764745,2013-05-08,165
-84.4088483403684,42.283646764745,2010-07-02,264
-84.4088483403684,42.283646764745,2003-08-17,58.4
-84.4088483403684,42.283646764745,1995-11-12,277
-84.4088483403684,42.283646764745,1999-02-05,258
-84.4088483403684,42.283646764745,1996-09-06,52.0
-84.4088483403684,42.283646764745,2008-06-18,104
-84.4088483403684,42.283646764745,1990-06-26,91.0
-84.4088483403684,42.283646764745,1993-06-27,290
-84.4088483403684,42.283646764745,2023-12-04,147
-84.4088483403684,42.283646764745,1983-04-17,350
-84.4088483403684,42.283646764745,1986-04-09,130
-84.4088483403684,42.283646764745,2010-12-10,91.2
-84.4088483403684,42.283646764745,2005-03-09,210
-84.4088483403684,42.283646764745,1995-06-06,105
-84.4088483403684,42.283646764745,2004-09-03,68.6
-84.4088483403684,42.283646764745,2010-10-26,107
-84.4088483403684,42.283646764745,1981-01-01,78.0
-84.4088483403684,42.283646764745,2012-01-19,360
-84.4088483403684,42.283646764745,1988-02-01,197
-84.4088483403684,42.283646764745,2010-03-03,137
-84.4088483403684,42.283646764745,2004-11-24,120
-84.4088483403684,42.283646764745,2013-09-18,67.8
-84.4088483403684,42.283646764745,1994-01-03,86.0
-84.4088483403684,42.283646764745,1995-05-04,123
-84.4088483403684,42.283646764745,2014-12-27,98.3
-84.4088483403684,42.283646764745,2013-01-23,71.4
-84.4088483403684,42.283646764745,1979-08-13,64.0
-84.4088483403684,42.283646764745,2007-04-13,279
-84.4088483403684,42.283646764745,1993-10-04,228
-84.4088483403684,42.283646764745,1982-06-06,203
-84.4088483403684,42.283646764745,1980-09-15,92.0
-84.4088483403684,42.283646764745,1994-01-15,109
-84.4088483403684,42.283646764745,2023-05-15,92.4
-84.4088483403684,42.283646764745,2020-04-07,353
-84.4088483403684,42.283646764745,2013-05-14,123
-84.4088483403684,42.283646764745,2003-03-27,197
-84.4088483403684,42.283646764745,2008-07-15,128
-84.4088483403684,42.283646764745,2017-01-19,413
-84.4088483403684,42.283646764745,1998-03-07,220
-84.4088483403684,42.283646764745,2004-10-11,46.1
-84.4088483403684,42.283646764745,1991-03-24,168
-84.4088483403684,42.283646764745,2002-08-28,61.0
-84.4088483403684,42.283646764745,2000-09-03,65.0
-84.4088483403684,42.283646764745,2005-03-10,189
-84.4088483403684,42.283646764745,2002-05-18,346
-84.4088483403684,42.283646764745,1984-02-22,271
-84.4088483403684,42.283646764745,1981-11-06,175
-84.4088483403684,42.283646764745,2009-08-24,74.6
-84.4088483403684,42.283646764745,1995-11-06,172
-84.4088483403684,42.283646764745,2012-08-02,35.5
-84.4088483403684,42.283646764745,1996-04-25,330
-84.4088483403684,42.283646764745,1998-06-09,89.0
-84.4088483403684,42.283646764745,2009-07-18,70.5
-84.4088483403684,42.283646764745,1998-01-17,262
-84.4088483403684,42.283646764745,2009-12-22,149
-84.4088483403684,42.283646764745,1987-10-11,58.0
-84.4088483403684,42.283646764745,2023-02-02,92.8
-84.4088483403684,42.283646764745,2003-11-14,71.0
-84.4088483403684,42.283646764745,2009-08-09,112
-84.4088483403684,42.283646764745,2006-09-23,124
-84.4088483403684,42.283646764745,2002-12-19,91.4
-84.4088483403684,42.283646764745,1987-03-29,140
-84.4088483403684,42.283646764745,1990-01-01,96.0
-84.4088483403684,42.283646764745,2020-06-14,167
-84.4088483403684,42.283646764745,1999-01-08,74.0
-84.4088483403684,42.283646764745,2016-10-17,65.8
-84.4088483403684,42.283646764745,2018-05-26,241
-84.4088483403684,42.283646764745,1991-01-09,334
-84.4088483403684,42.283646764745,1991-01-21,267
-84.4088483403684,42.283646764745,2004-04-30,74.4
-84.4088483403684,42.283646764745,1979-05-22,66.0
-84.4088483403684,42.283646764745,2009-05-14,299
-84.4088483403684,42.283646764745,2017-06-07,82.2
-84.4088483403684,42.283646764745,1986-11-08,116
-84.4088483403684,42.283646764745,2004-09-26,44.7
-84.4088483403684,42.283646764745,2005-01-29,132
-84.4088483403684,42.283646764745,1985-11-25,232
-84.4088483403684,42.283646764745,1979-11-29,164
-84.4088483403684,42.283646764745,2026-09-07,118
-84.4088483403684,42.283646764745,1988-01-05,134
-84.4088483403684,42.283646764745,2017-06-28,54.8
-84.4088483403684,42.283646764745,1980-05-02,203
-84.4088483403684,42.283646764745,2002-08-07,60.0
-84.4088483403684,42.283646764745,1999-10-23,47.0
-84.4088483403684,42.283646764745,1997-09-18,154
-84.4088483403684,42.283646764745,1991-07-05,77.0
-84.4088483403684,42.283646764745,2011-10-31,133
-84.4088483403684,42.283646764745,2000-11-09,117
-84.4088483403684,42.283646764745,2005-02-02,182
-84.4088483403684,42.283646764745,2017-07-29,53.1
-84.4088483403684,42.283646764745,1980-05-10,150
-84.4088483403684,42.283646764745,2016-08-27,71.1
-84.4088483403684,42.283646764745,2010-03-04,138
-84.4088483403684,42.283646764745,1986-01-04,73.0
-84.4088483403684,42.283646764745,2014-04-16,323
-84.4088483403684,42.283646764745,2015-07-19,221
-84.4088483403684,42.283646764745,1993-02-06,201
-84.4088483403684,42.283646764745,2020-12-22,86.0
-84.4088483403684,42.283646764745,1989-07-02,161
-84.4088483403684,42.283646764745,1992-08-09,206
-84.4088483403684,42.283646764745,1982-11-23,242
-84.4088483403684,42.283646764745,1997-09-26,130
-84.4088483403684,42.283646764745,1998-06-26,133
-84.4088483403684,42.283646764745,2001-06-24,221
-84.4088483403684,42.283646764745,1992-12-06,210
-84.4088483403684,42.283646764745,2018-06-23,160
-84.4088483403684,42.283646764745,1991-11-07,130
-84.4088483403684,42.283646764745,2022-06-04,217
-84.4088483403684,42.283646764745,1995-11-15,279
-84.4088483403684,42.283646764745,2016-02-19,80.3
-84.4088483403684,42.283646764745,2004-03-28,223
-84.4088483403684,42.283646764745,1998-08-03,63.0
-84.4088483403684,42.283646764745,2016-07-07,41.0
-84.4088483403684,42.283646764745,1999-10-14,55.0
-84.4088483403684,42.283646764745,1996-10-09,71.0
-84.4088483403684,42.283646764745,1992-04-18,150
-84.4088483403684,42.283646764745,2018-01-29,121
-84.4088483403684,42.283646764745,2011-11-03,112
-84.4088483403684,42.283646764745,1982-08-01,59.0
-84.4088483403684,42.283646764745,1981-09-23,179
-84.4088483403684,42.283646764745,1992-12-19,239
-84.4088483403684,42.283646764745,1991-06-20,94.0
-84.4088483403684,42.283646764745,1998-10-13,80.0
-84.4088483403684,42.283646764745,1997-08-26,91.0
-84.4088483403684,42.283646764745,1984-10-22,67.0
-84.4088483403684,42.283646764745,2001-03-14,291
-84.4088483403684,42.283646764745,2020-09-15,68.9
-84.4088483403684,42.283646764745,2012-01-27,297
-84.4088483403684,42.283646764745,2008-04-01,434
-84.4088483403684,42.283646764745,1992-12-18,241
-84.4088483403684,42.283646764745,2021-05-11,79.9
-84.4088483403684,42.283646764745,1979-10-13,37.0
-84.4088483403684,42.283646764745,1981-06-15,226
-84.4088483403684,42.283646764745,1992-05-01,252
-84.4088483403684,42.283646764745,1980-08-18,84.0
-84.4088483403684,42.283646764745,2018-10-18,107
-84.4088483403684,42.283646764745,1991-02-13,184
-84.4088483403684,42.283646764745,2026-06-18,122
-84.4088483403684,42.283646764745,1979-04-09,219
-84.4088483403684,42.283646764745,1986-09-07,45.0
-84.4088483403684,42.283646764745,1992-08-24,75.0
-84.4088483403684,42.283646764745,2021-12-10,228
-84.4088483403684,42.283646764745,1990-01-29,191
-84.4088483403684,42.283646764745,1981-08-05,217
-84.4088483403684,42.283646764745,2014-02-08,73.4
-84.4088483403684,42.283646764745,2006-06-26,296
-84.4088483403684,42.283646764745,1979-08-30,62.0
-84.4088483403684,42.283646764745,2025-06-16,108
-84.4088483403684,42.283646764745,2025-12-24,92.7
-84.4088483403684,42.283646764745,2008-09-02,43.9
-84.4088483403684,42.283646764745,1999-11-21,54.0
-84.4088483403684,42.283646764745,1986-03-24,348
-84.4088483403684,42.283646764745,2001-10-20,321
-84.4088483403684,42.283646764745,1995-08-16,177
-84.4088483403684,42.283646764745,2016-11-29,120
-84.4088483403684,42.283646764745,2024-12-17,102
-84.4088483403684,42.283646764745,2022-03-14,255
-84.4088483403684,42.283646764745,2020-12-26,64.0
-84.4088483403684,42.283646764745,1989-09-27,79.0
-84.4088483403684,42.283646764745,1992-10-03,146
-84.4088483403684,42.283646764745,2001-05-19,305
-84.4088483403684,42.283646764745,1996-10-31,145
-84.4088483403684,42.283646764745,2015-11-17,65.3
-84.4088483403684,42.283646764745,1981-07-08,140
-84.4088483403684,42.283646764745,2017-04-07,487
-84.4088483403684,42.283646764745,1999-09-16,36.0
-84.4088483403684,42.283646764745,2016-02-09,96.6
-84.4088483403684,42.283646764745,1988-08-19,52.0
-84.4088483403684,42.283646764745,2005-12-27,136
-84.4088483403684,42.283646764745,2021-08-05,55.3
-84.4088483403684,42.283646764745,2002-11-06,48.2
-84.4088483403684,42.283646764745,2000-11-17,116
-84.4088483403684,42.283646764745,2015-03-30,117
-84.4088483403684,42.283646764745,2004-08-28,82.6
-84.4088483403684,42.283646764745,2010-09-20,71.0
-84.4088483403684,42.283646764745,2016-11-05,186
-84.4088483403684,42.283646764745,1982-09-25,114
-84.4088483403684,42.283646764745,2018-04-17,295
-84.4088483403684,42.283646764745,2007-04-30,239
-84.4088483403684,42.283646764745,2005-01-27,139
-84.4088483403684,42.283646764745,1991-01-24,222
-84.4088483403684,42.283646764745,1983-02-09,95.0
-84.4088483403684,42.283646764745,1980-07-24,56.0
-84.4088483403684,42.283646764745,2000-11-11,103
-84.4088483403684,42.283646764745,2020-09-20,58.8
-84.4088483403684,42.283646764745,1986-03-09,185
-84.4088483403684,42.283646764745,1994-04-26,176
-84.4088483403684,42.283646764745,2006-04-24,157
-84.4088483403684,42.283646764745,2024-08-22,93.0
-84.4088483403684,42.283646764745,1986-02-18,153
-84.4088483403684,42.283646764745,2003-06-15,66.2
-84.4088483403684,42.283646764745,1995-08-26,122
-84.4088483403684,42.283646764745,1999-11-08,47.0
-84.4088483403684,42.283646764745,1997-11-03,146
-84.4088483403684,42.283646764745,1999-07-10,100
-84.4088483403684,42.283646764745,1990-12-19,162
-84.4088483403684,42.283646764745,1992-02-11,111
-84.4088483403684,42.283646764745,1980-01-29,64.0
-84.4088483403684,42.283646764745,1992-08-20,82.0
-84.4088483403684,42.283646764745,2022-02-02,122
-84.4088483403684,42.283646764745,2017-06-02,156
-84.4088483403684,42.283646764745,2010-02-05,101
-84.4088483403684,42.283646764745,2012-04-07,141
-84.4088483403684,42.283646764745,1990-04-14,237
-84.4088483403684,42.283646764745,1994-06-25,146
-84.4088483403684,42.283646764745,1990-06-25,90.0
-84.4088483403684,42.283646764745,2011-12-07,533
-84.4088483403684,42.283646764745,2011-07-20,56.1
-84.4088483403684,42.283646764745,2011-01-01,148
-84.4088483403684,42.283646764745,2001-12-15,229
-84.4088483403684,42.283646764745,2007-10-01,108
-84.4088483403684,42.283646764745,1985-11-21,249
-84.4088483403684,42.283646764745,2003-01-01,80.2
-84.4088483403684,42.283646764745,2007-06-02,107
-84.4088483403684,42.283646764745,2025-09-22,61.4
-84.4088483403684,42.283646764745,1989-06-26,229
-84.4088483403684,42.283646764745,2024-07-01,210
-84.4088483403684,42.283646764745,2002-06-05,168
-84.4088483403684,42.283646764745,2007-01-09,372
-84.4088483403684,42.283646764745,1993-01-08,475
-84.4088483403684,42.283646764745,1986-06-18,108
-84.4088483403684,42.283646764745,2004-11-25,130
-84.4088483403684,42.283646764745,1996-06-21,218
-84.4088483403684,42.283646764745,2000-04-29,215
-84.4088483403684,42.283646764745,2006-04-27,101
-84.4088483403684,42.283646764745,2016-08-01,44.4
-84.4088483403684,42.283646764745,2011-07-13,62.9
-84.4088483403684,42.283646764745,2021-03-14,114
-84.4088483403684,42.283646764745,2015-09-04,61.5
-84.4088483403684,42.283646764745,1982-10-27,53.0
-84.4088483403684,42.283646764745,1997-02-13,99.0
-84.4088483403684,42.283646764745,2016-03-24,183
-84.4088483403684,42.283646764745,2000-03-21,150
-84.4088483403684,42.283646764745,2014-03-07,91.1
-84.4088483403684,42.283646764745,2002-06-04,186
-84.4088483403684,42.283646764745,2026-06-11,78.1
-84.4088483403684,42.283646764745,2026-02-03,87.1
-84.4088483403684,42.283646764745,2018-01-13,107
-84.4088483403684,42.283646764745,2005-04-26,115
-84.4088483403684,42.283646764745,1980-01-14,146
-84.4088483403684,42.283646764745,2020-11-02,69.1
-84.4088483403684,42.283646764745,2008-06-12,142
-84.4088483403684,42.283646764745,1982-06-04,258
-84.4088483403684,42.283646764745,1996-09-09,91.0
-84.4088483403684,42.283646764745,2025-11-19,63.2
-84.4088483403684,42.283646764745,1980-11-03,135
-84.4088483403684,42.283646764745,1984-03-23,430
-84.4088483403684,42.283646764745,2010-03-22,294
-84.4088483403684,42.283646764745,1992-01-02,135
-84.4088483403684,42.283646764745,1981-07-01,90.0
-84.4088483403684,42.283646764745,1981-05-18,245
-84.4088483403684,42.283646764745,1994-05-20,116
-84.4088483403684,42.283646764745,1994-11-02,100
-84.4088483403684,42.283646764745,2020-08-26,49.5
-84.4088483403684,42.283646764745,2005-02-07,200
-84.4088483403684,42.283646764745,2025-11-05,57.1
-84.4088483403684,42.283646764745,1983-12-13,181
-84.4088483403684,42.283646764745,1985-01-19,90.0
-84.4088483403684,42.283646764745,2021-07-21,86.3
-84.4088483403684,42.283646764745,2025-06-30,92.5
-84.4088483403684,42.283646764745,2018-04-12,173
-84.4088483403684,42.283646764745,2024-04-04,244
-84.4088483403684,42.283646764745,1993-03-14,236
-84.4088483403684,42.283646764745,1993-10-07,158
-84.4088483403684,42.283646764745,1996-04-01,175
-84.4088483403684,42.283646764745,2013-06-30,188
-84.4088483403684,42.283646764745,2010-07-01,289
-84.4088483403684,42.283646764745,1991-05-24,137
-84.4088483403684,42.283646764745,1991-02-27,236
-84.4088483403684,42.283646764745,1981-10-19,106
-84.4088483403684,42.283646764745,2018-02-14,103
-84.4088483403684,42.283646764745,2011-07-08,65.8
-84.4088483403684,42.283646764745,1999-09-19,32.0
-84.4088483403684,42.283646764745,2006-05-04,163
-84.4088483403684,42.283646764745,2007-04-15,228
-84.4088483403684,42.283646764745,1992-09-17,216
-84.4088483403684,42.283646764745,1986-06-06,166
-84.4088483403684,42.283646764745,2020-12-21,85.9
-84.4088483403684,42.283646764745,2009-12-12,160
-84.4088483403684,42.283646764745,2006-03-28,160
-84.4088483403684,42.283646764745,2016-03-07,240
-84.4088483403684,42.283646764745,2002-04-26,151
-84.4088483403684,42.283646764745,1994-05-19,100
-84.4088483403684,42.283646764745,1989-03-13,127
-84.4088483403684,42.283646764745,2016-10-09,57.6
-84.4088483403684,42.283646764745,1992-12-15,239
-84.4088483403684,42.283646764745,1994-01-04,89.0
-84.4088483403684,42.283646764745,2019-09-14,79.7
-84.4088483403684,42.283646764745,1988-03-19,164
-84.4088483403684,42.283646764745,2025-09-13,45.1
-84.4088483403684,42.283646764745,1988-08-09,38.0
-84.4088483403684,42.283646764745,1979-06-03,67.0
-84.4088483403684,42.283646764745,2015-09-16,45.1
-84.4088483403684,42.283646764745,2016-12-20,66.1
-84.4088483403684,42.283646764745,2012-09-26,39.0
-84.4088483403684,42.283646764745,1984-12-19,86.0
-84.4088483403684,42.283646764745,2013-11-08,217
-84.4088483403684,42.283646764745,2009-01-24,138
-84.4088483403684,42.283646764745,2007-01-20,333
-84.4088483403684,42.283646764745,2006-09-26,105
-84.4088483403684,42.283646764745,1981-04-22,241
-84.4088483403684,42.283646764745,1988-08-10,39.0
-84.4088483403684,42.283646764745,1994-07-06,200
-84.4088483403684,42.283646764745,2020-05-17,344
-84.4088483403684,42.283646764745,1991-03-03,217
-84.4088483403684,42.283646764745,2007-09-25,56.0
-84.4088483403684,42.283646764745,2016-09-27,37.3
-84.4088483403684,42.283646764745,2005-04-27,122
-84.4088483403684,42.283646764745,2016-05-18,204
-84.4088483403684,42.283646764745,2018-03-13,273
-84.4088483403684,42.283646764745,1988-02-26,121
-84.4088483403684,42.283646764745,1979-01-06,87.0
-84.4088483403684,42.283646764745,1998-07-08,94.0
-84.4088483403684,42.283646764745,1994-06-08,68.0
-84.4088483403684,42.283646764745,1980-12-12,213
-84.4088483403684,42.283646764745,1993-10-28,226
-84.4088483403684,42.283646764745,2011-08-23,72.2
-84.4088483403684,42.283646764745,2022-02-21,308
-84.4088483403684,42.283646764745,2024-06-18,198
-84.4088483403684,42.283646764745,2008-08-13,55.3
-84.4088483403684,42.283646764745,1980-01-18,98.0
-84.4088483403684,42.283646764745,2012-07-16,33.4
-84.4088483403684,42.283646764745,2010-12-05,116
-84.4088483403684,42.283646764745,1997-07-01,88.0
-84.4088483403684,42.283646764745,1990-04-29,236
-84.4088483403684,42.283646764745,1990-01-14,162
-84.4088483403684,42.283646764745,1982-07-27,74.0
-84.4088483403684,42.283646764745,1995-11-08,163
-84.4088483403684,42.283646764745,1983-12-29,87.0
-84.4088483403684,42.283646764745,1983-06-17,101
-84.4088483403684,42.283646764745,2019-03-10,205
-84.4088483403684,42.283646764745,2018-03-29,173
-84.4088483403684,42.283646764745,1983-09-02,54.0
-84.4088483403684,42.283646764745,1994-08-17,159
-84.4088483403684,42.283646764745,2017-01-27,254
-84.4088483403684,42.283646764745,1986-12-16,157
-84.4088483403684,42.283646764745,2006-05-18,329
-84.4088483403684,42.283646764745,2001-06-17,114
-84.4088483403684,42.283646764745,2022-03-15,248
-84.4088483403684,42.283646764745,2015-04-26,86.4
-84.4088483403684,42.283646764745,2019-03-31,277
-84.4088483403684,42.283646764745,1985-03-16,327
-84.4088483403684,42.283646764745,2016-07-22,39.8
-84.4088483403684,42.283646764745,1989-04-30,153
-84.4088483403684,42.283646764745,1983-08-18,81.0
-84.4088483403684,42.283646764745,1996-12-08,140
-84.4088483403684,42.283646764745,1997-01-12,110
-84.4088483403684,42.283646764745,2019-08-14,55.7
-84.4088483403684,42.283646764745,2022-10-18,53.1
-84.4088483403684,42.283646764745,2009-01-17,163
-84.4088483403684,42.283646764745,1994-10-08,103
-84.4088483403684,42.283646764745,2000-07-14,110
-84.4088483403684,42.283646764745,2020-06-05,229
-84.4088483403684,42.283646764745,1983-07-18,95.0
-84.4088483403684,42.283646764745,1995-09-14,58.0
-84.4088483403684,42.283646764745,2025-06-25,150
-84.4088483403684,42.283646764745,2017-05-09,221
-84.4088483403684,42.283646764745,2024-06-05,128
-84.4088483403684,42.283646764745,2011-05-26,465
-84.4088483403684,42.283646764745,2010-02-11,100
-84.4088483403684,42.283646764745,1998-06-23,143
-84.4088483403684,42.283646764745,2020-10-08,51.9
-84.4088483403684,42.283646764745,2023-07-26,155
-84.4088483403684,42.283646764745,1995-12-16,100
-84.4088483403684,42.283646764745,1992-04-17,150
-84.4088483403684,42.283646764745,2020-07-01,107
-84.4088483403684,42.283646764745,1999-01-12,74.0
-84.4088483403684,42.283646764745,2019-05-19,284
-84.4088483403684,42.283646764745,1994-02-19,152
-84.4088483403684,42.283646764745,2003-02-16,52.4
-84.4088483403684,42.283646764745,2013-06-13,196
-84.4088483403684,42.283646764745,1992-10-06,107
-84.4088483403684,42.283646764745,2005-03-20,205
-84.4088483403684,42.283646764745,2016-03-22,145
-84.4088483403684,42.283646764745,2012-08-27,46.2
-84.4088483403684,42.283646764745,2000-02-22,115
-84.4088483403684,42.283646764745,2018-03-31,175
-84.4088483403684,42.283646764745,1988-11-11,216
-84.4088483403684,42.283646764745,1994-09-21,55.0
-84.4088483403684,42.283646764745,2002-01-19,119
-84.4088483403684,42.283646764745,2002-02-01,221
-84.4088483403684,42.283646764745,2021-02-03,68.3
-84.4088483403684,42.283646764745,2009-08-08,224
-84.4088483403684,42.283646764745,1989-11-01,103
-84.4088483403684,42.283646764745,2007-02-03,107
-84.4088483403684,42.283646764745,1998-08-25,70.0
-84.4088483403684,42.283646764745,1987-03-08,178
-84.4088483403684,42.283646764745,1981-06-18,224
-84.4088483403684,42.283646764745,1983-10-14,129
-84.4088483403684,42.283646764745,1981-03-13,116
-84.4088483403684,42.283646764745,2003-07-27,41.9
-84.4088483403684,42.283646764745,2020-08-29,69.7
-84.4088483403684,42.283646764745,2003-05-11,251
-84.4088483403684,42.283646764745,1982-10-07,62.0
-84.4088483403684,42.283646764745,1981-06-20,221
-84.4088483403684,42.283646764745,2019-08-16,50.8
-84.4088483403684,42.283646764745,1994-04-22,203
-84.4088483403684,42.283646764745,2009-07-31,82.5
-84.4088483403684,42.283646764745,2019-06-12,254
-84.4088483403684,42.283646764745,2015-06-04,315
-84.4088483403684,42.283646764745,2016-02-27,93.5
-84.4088483403684,42.283646764745,2010-03-30,223
-84.4088483403684,42.283646764745,1979-07-01,82.0
-84.4088483403684,42.283646764745,1980-07-22,62.0
-84.4088483403684,42.283646764745,2005-01-15,427
-84.4088483403684,42.283646764745,2001-10-25,284
-84.4088483403684,42.283646764745,1988-06-03,56.0
-84.4088483403684,42.283646764745,2020-08-31,55.8
-84.4088483403684,42.283646764745,1980-12-09,249
-84.4088483403684,42.283646764745,2006-10-12,142
-84.4088483403684,42.283646764745,2009-04-25,329
-84.4088483403684,42.283646764745,1996-12-11,151
-84.4088483403684,42.283646764745,1996-12-06,112
-84.4088483403684,42.283646764745,2007-01-29,238
-84.4088483403684,42.283646764745,1998-07-05,80.0
-84.4088483403684,42.283646764745,2001-11-11,169
-84.4088483403684,42.283646764745,2021-02-05,69.8
-84.4088483403684,42.283646764745,2011-08-12,115
-84.4088483403684,42.283646764745,2005-04-30,112
-84.4088483403684,42.283646764745,2007-05-27,156
-84.4088483403684,42.283646764745,1994-07-20,112
-84.4088483403684,42.283646764745,1979-06-12,53.0
-84.4088483403684,42.283646764745,1990-11-01,122
-84.4088483403684,42.283646764745,2019-10-08,207
-84.4088483403684,42.283646764745,1998-09-21,63.0
-84.4088483403684,42.283646764745,2000-11-10,113
-84.4088483403684,42.283646764745,2013-09-13,86.3
-84.4088483403684,42.283646764745,1990-03-03,353
-84.4088483403684,42.283646764745,2023-02-04,83.6
-84.4088483403684,42.283646764745,1998-12-15,90.0
-84.4088483403684,42.283646764745,1979-05-31,145
-84.4088483403684,42.283646764745,1999-05-17,105
-84.4088483403684,42.283646764745,2022-08-15,78.0
-84.4088483403684,42.283646764745,2017-06-24,59.6
-84.4088483403684,42.283646764745,1985-06-14,86.0
-84.4088483403684,42.283646764745,2020-06-09,148
-84.4088483403684,42.283646764745,1988-02-28,115
-84.4088483403684,42.283646764745,2014-04-07,365
-84.4088483403684,42.283646764745,2000-01-18,69.0
-84.4088483403684,42.283646764745,2006-09-20,120
-84.4088483403684,42.283646764745,2022-04-30,246
-84.4088483403684,42.283646764745,1996-09-24,64.0
-84.4088483403684,42.283646764745,1997-10-01,112
-84.4088483403684,42.283646764745,2000-08-30,76.0
-84.4088483403684,42.283646764745,1998-02-15,214
-84.4088483403684,42.283646764745,1995-09-26,97.0
-84.4088483403684,42.283646764745,2021-10-30,462
-84.4088483403684,42.283646764745,2021-03-02,118
-84.4088483403684,42.283646764745,1993-02-15,159
-84.4088483403684,42.283646764745,1981-07-22,148
-84.4088483403684,42.283646764745,1997-01-10,110
-84.4088483403684,42.283646764745,2016-04-23,122
-84.4088483403684,42.283646764745,2012-08-19,43.2
-84.4088483403684,42.283646764745,2012-12-06,162
-84.4088483403684,42.283646764745,1979-07-28,35.0
-84.4088483403684,42.283646764745,2012-10-06,36.1
-84.4088483403684,42.283646764745,1985-03-15,331
-84.4088483403684,42.283646764745,2025-09-14,45.5
-84.4088483403684,42.283646764745,2019-12-14,209
-84.4088483403684,42.283646764745,2002-11-04,48.7
-84.4088483403684,42.283646764745,1985-12-01,235
-84.4088483403684,42.283646764745,2018-08-16,51.8
-84.4088483403684,42.283646764745,1988-08-16,35.0
-84.4088483403684,42.283646764745,1980-12-01,132
-84.4088483403684,42.283646764745,1990-12-09,184
-84.4088483403684,42.283646764745,1995-05-29,205
-84.4088483403684,42.283646764745,1984-10-16,54.0
-84.4088483403684,42.283646764745,1992-12-04,239
-84.4088483403684,42.283646764745,1979-10-26,41.0
-84.4088483403684,42.283646764745,2018-12-10,151
-84.4088483403684,42.283646764745,2011-08-24,110
-84.4088483403684,42.283646764745,1979-11-24,129
-84.4088483403684,42.283646764745,1986-06-20,105
-84.4088483403684,42.283646764745,2023-08-12,92.2
-84.4088483403684,42.283646764745,1994-06-24,172
-84.4088483403684,42.283646764745,1990-06-20,97.0
-84.4088483403684,42.283646764745,1987-10-15,56.0
-84.4088483403684,42.283646764745,2018-05-24,332
-84.4088483403684,42.283646764745,1981-05-22,226
-84.4088483403684,42.283646764745,2003-01-21,63.9
-84.4088483403684,42.283646764745,2003-04-11,333
-84.4088483403684,42.283646764745,2011-08-02,258
-84.4088483403684,42.283646764745,1986-12-02,176
-84.4088483403684,42.283646764745,2001-01-21,122
-84.4088483403684,42.283646764745,2005-05-23,108
-84.4088483403684,42.283646764745,2025-04-13,208
-84.4088483403684,42.283646764745,1983-04-23,268
-84.4088483403684,42.283646764745,2003-03-08,85.2
-84.4088483403684,42.283646764745,2012-01-13,176
-84.4088483403684,42.283646764745,2024-10-24,84.5
-84.4088483403684,42.283646764745,1986-05-12,112
-84.4088483403684,42.283646764745,1984-08-22,26.0
-84.4088483403684,42.283646764745,2016-02-10,91.7
-84.4088483403684,42.283646764745,1981-09-17,161
-84.4088483403684,42.283646764745,2021-10-11,266
-84.4088483403684,42.283646764745,2009-09-03,83.0
-84.4088483403684,42.283646764745,2018-12-02,137
-84.4088483403684,42.283646764745,1999-05-20,147
-84.4088483403684,42.283646764745,2015-06-12,130
-84.4088483403684,42.283646764745,1988-12-04,171
-84.4088483403684,42.283646764745,2012-07-18,36.6
-84.4088483403684,42.283646764745,2006-10-21,223
-84.4088483403684,42.283646764745,2024-10-18,87.6
-84.4088483403684,42.283646764745,1989-05-25,155
-84.4088483403684,42.283646764745,1982-06-07,204
-84.4088483403684,42.283646764745,2010-04-03,145
-84.4088483403684,42.283646764745,1994-05-06,235
-84.4088483403684,42.283646764745,2010-11-24,243
-84.4088483403684,42.283646764745,2024-12-19,105
-84.4088483403684,42.283646764745,1992-06-06,108
-84.4088483403684,42.283646764745,1993-04-29,286
-84.4088483403684,42.283646764745,2012-07-22,33.4
-84.4088483403684,42.283646764745,2016-03-03,265
-84.4088483403684,42.283646764745,1993-06-14,219
-84.4088483403684,42.283646764745,2005-09-30,52.1
-84.4088483403684,42.283646764745,2003-01-22,105
-84.4088483403684,42.283646764745,2013-09-04,92.3
-84.4088483403684,42.283646764745,1981-05-02,216
-84.4088483403684,42.283646764745,2004-04-02,203
-84.4088483403684,42.283646764745,2009-12-03,140
-84.4088483403684,42.283646764745,2012-11-01,174
-84.4088483403684,42.283646764745,1997-03-31,331
-84.4088483403684,42.283646764745,1985-02-06,75.0
-84.4088483403684,42.283646764745,2001-01-16,120
-84.4088483403684,42.283646764745,2013-04-22,498
-84.4088483403684,42.283646764745,2021-10-18,217
-84.4088483403684,42.283646764745,2000-03-07,96.0
-84.4088483403684,42.283646764745,2019-10-23,81.7
-84.4088483403684,42.283646764745,1999-07-02,151
-84.4088483403684,42.283646764745,1994-07-24,108
-84.4088483403684,42.283646764745,2004-05-02,127
-84.4088483403684,42.283646764745,1981-08-04,223
-84.4088483403684,42.283646764745,1997-02-09,155
-84.4088483403684,42.283646764745,1999-12-24,74.0
-84.4088483403684,42.283646764745,1989-01-29,149
-84.4088483403684,42.283646764745,2023-10-31,97.4
-84.4088483403684,42.283646764745,2012-02-22,186
-84.4088483403684,42.283646764745,2005-03-06,208
-84.4088483403684,42.283646764745,2014-03-08,89.4
-84.4088483403684,42.283646764745,2000-05-17,103
-84.4088483403684,42.283646764745,2019-02-15,151
-84.4088483403684,42.283646764745,1987-11-11,54.0
-84.4088483403684,42.283646764745,2002-08-01,118
-84.4088483403684,42.283646764745,1985-03-28,297
-84.4088483403684,42.283646764745,2002-03-06,255
-84.4088483403684,42.283646764745,1995-05-07,170
-84.4088483403684,42.283646764745,2006-04-26,104
-84.4088483403684,42.283646764745,1996-05-15,246
-84.4088483403684,42.283646764745,1999-09-29,102
-84.4088483403684,42.283646764745,2000-06-08,155
-84.4088483403684,42.283646764745,1996-10-15,68.0
-84.4088483403684,42.283646764745,1980-12-02,120
-84.4088483403684,42.283646764745,1993-05-07,282
-84.4088483403684,42.283646764745,2007-02-16,114
-84.4088483403684,42.283646764745,1991-02-12,185
-84.4088483403684,42.283646764745,2019-10-22,126
-84.4088483403684,42.283646764745,1993-04-30,235
-84.4088483403684,42.283646764745,2001-02-10,394
-84.4088483403684,42.283646764745,2018-08-06,60.1
-84.4088483403684,42.283646764745,1988-07-06,37.0
-84.4088483403684,42.283646764745,1981-05-20,242
-84.4088483403684,42.283646764745,1993-11-18,143
-84.4088483403684,42.283646764745,2016-07-15,40.1
-84.4088483403684,42.283646764745,2021-05-07,89.0
-84.4088483403684,42.283646764745,2003-06-24,56.4
-84.4088483403684,42.283646764745,1985-05-01,122
-84.4088483403684,42.283646764745,1991-08-23,76.0
-84.4088483403684,42.283646764745,2007-12-15,154
-84.4088483403684,42.283646764745,2001-07-14,60.0
-84.4088483403684,42.283646764745,2026-05-25,169
-84.4088483403684,42.283646764745,1985-08-03,47.0
-84.4088483403684,42.283646764745,2014-11-13,69.1
-84.4088483403684,42.283646764745,2001-12-18,274
-84.4088483403684,42.283646764745,1986-02-21,163
-84.4088483403684,42.283646764745,1981-08-25,57.0
-84.4088483403684,42.283646764745,1983-04-01,243
-84.4088483403684,42.283646764745,1980-01-27,118
-84.4088483403684,42.283646764745,2014-03-20,391
-84.4088483403684,42.283646764745,1980-06-03,297
-84.4088483403684,42.283646764745,1997-01-11,101
-84.4088483403684,42.283646764745,1996-08-08,75.0
-84.4088483403684,42.283646764745,1984-10-12,57.0
-84.4088483403684,42.283646764745,1983-06-13,155
-84.4088483403684,42.283646764745,1985-10-27,188
-84.4088483403684,42.283646764745,1991-07-18,58.0
-84.4088483403684,42.283646764745,1988-12-18,130
-84.4088483403684,42.283646764745,2023-01-11,128
-84.4088483403684,42.283646764745,2011-01-30,74.8
-84.4088483403684,42.283646764745,2008-10-22,86.1
-84.4088483403684,42.283646764745,2024-08-07,232
-84.4088483403684,42.283646764745,1993-06-03,107
-84.4088483403684,42.283646764745,1986-01-11,113
-84.4088483403684,42.283646764745,2005-12-08,70.7
-84.4088483403684,42.283646764745,2009-02-13,379
-84.4088483403684,42.283646764745,1994-02-22,253
-84.4088483403684,42.283646764745,2001-10-03,68.0
-84.4088483403684,42.283646764745,2025-05-22,255
-84.4088483403684,42.283646764745,1989-09-20,125
-84.4088483403684,42.283646764745,1983-11-25,193
-84.4088483403684,42.283646764745,1991-04-22,258
-84.4088483403684,42.283646764745,2005-04-21,90.9
-84.4088483403684,42.283646764745,2009-05-19,461
-84.4088483403684,42.283646764745,2025-12-13,84.4
-84.4088483403684,42.283646764745,2026-06-02,87.3
-84.4088483403684,42.283646764745,1982-09-15,90.0
-84.4088483403684,42.283646764745,1983-10-02,43.0
-84.4088483403684,42.283646764745,2012-09-15,39.5
-84.4088483403684,42.283646764745,2010-04-30,226
-84.4088483403684,42.283646764745,2023-01-30,106
-84.4088483403684,42.283646764745,2022-04-25,328
-84.4088483403684,42.283646764745,2005-08-13,67.8
-84.4088483403684,42.283646764745,2010-09-05,61.2
-84.4088483403684,42.283646764745,1983-12-01,227
-84.4088483403684,42.283646764745,1986-04-13,110
-84.4088483403684,42.283646764745,2005-02-27,235
-84.4088483403684,42.283646764745,2006-07-12,181
-84.4088483403684,42.283646764745,2000-04-24,324
-84.4088483403684,42.283646764745,1982-09-01,53.0
-84.4088483403684,42.283646764745,2018-03-11,345
-84.4088483403684,42.283646764745,1989-11-05,67.0
-84.4088483403684,42.283646764745,2003-05-27,92.2
-84.4088483403684,42.283646764745,2009-12-02,113
-84.4088483403684,42.283646764745,2008-05-05,107
-84.4088483403684,42.283646764745,2018-06-02,268
-84.4088483403684,42.283646764745,2020-11-01,70.5
-84.4088483403684,42.283646764745,2016-12-21,63.7
-84.4088483403684,42.283646764745,2009-12-26,141
-84.4088483403684,42.283646764745,2013-09-26,55.8
-84.4088483403684,42.283646764745,1989-03-23,207
-84.4088483403684,42.283646764745,2017-04-25,170
-84.4088483403684,42.283646764745,2004-10-22,57.1
-84.4088483403684,42.283646764745,2008-01-07,225
-84.4088483403684,42.283646764745,1979-11-27,155
-84.4088483403684,42.283646764745,2008-05-26,116
-84.4088483403684,42.283646764745,1992-03-07,150
-84.4088483403684,42.283646764745,1980-05-29,78.0
-84.4088483403684,42.283646764745,1992-07-29,150
-84.4088483403684,42.283646764745,2001-09-19,117
-84.4088483403684,42.283646764745,1980-08-19,83.0
-84.4088483403684,42.283646764745,2022-03-19,324
-84.4088483403684,42.283646764745,1988-10-07,73.0
-84.4088483403684,42.283646764745,1992-11-01,183
-84.4088483403684,42.283646764745,2025-05-08,361
-84.4088483403684,42.283646764745,2018-12-25,88.0
-84.4088483403684,42.283646764745,2011-03-28,312
-84.4088483403684,42.283646764745,1984-12-01,127
-84.4088483403684,42.283646764745,2025-12-06,83.3
-84.4088483403684,42.283646764745,1990-09-17,87.0
-84.4088483403684,42.283646764745,2012-05-12,102
-84.4088483403684,42.283646764745,2019-03-21,250
-84.4088483403684,42.283646764745,2013-09-22,63.4
-84.4088483403684,42.283646764745,1990-04-12,231
-84.4088483403684,42.283646764745,2014-09-02,45.9
-84.4088483403684,42.283646764745,2018-10-07,111
-84.4088483403684,42.283646764745,2002-07-16,45.0
-84.4088483403684,42.283646764745,1985-03-14,331
-84.4088483403684,42.283646764745,1984-08-24,23.0
-84.4088483403684,42.283646764745,1995-08-06,263
-84.4088483403684,42.283646764745,1989-07-10,82.0
-84.4088483403684,42.283646764745,2009-07-01,159
-84.4088483403684,42.283646764745,1986-10-28,147
-84.4088483403684,42.283646764745,2013-08-10,57.5
-84.4088483403684,42.283646764745,1980-07-26,45.0
-84.4088483403684,42.283646764745,2004-04-11,130
-84.4088483403684,42.283646764745,1999-05-12,107
-84.4088483403684,42.283646764745,2023-02-16,122
-84.4088483403684,42.283646764745,2001-08-18,58.0
-84.4088483403684,42.283646764745,2016-06-29,40.5
-84.4088483403684,42.283646764745,2024-09-10,67.6
-84.4088483403684,42.283646764745,2009-12-14,171
-84.4088483403684,42.283646764745,1998-05-27,97.0
-84.4088483403684,42.283646764745,2008-08-09,69.3
-84.4088483403684,42.283646764745,2025-09-18,46.0
-84.4088483403684,42.283646764745,2010-02-15,93.6
-84.4088483403684,42.283646764745,2004-04-25,82.0
-84.4088483403684,42.283646764745,2025-01-01,220
-84.4088483403684,42.283646764745,1985-02-11,131
-84.4088483403684,42.283646764745,2003-02-02,53.0
-84.4088483403684,42.283646764745,2010-02-27,113
-84.4088483403684,42.283646764745,2006-03-24,217
-84.4088483403684,42.283646764745,2021-03-20,66.7
-84.4088483403684,42.283646764745,2007-12-03,144
-84.4088483403684,42.283646764745,1992-01-27,136
-84.4088483403684,42.283646764745,2015-02-16,70.6
-84.4088483403684,42.283646764745,2017-12-18,90.0
-84.4088483403684,42.283646764745,2006-10-14,124
-84.4088483403684,42.283646764745,1980-08-05,193
-84.4088483403684,42.283646764745,2005-05-02,113
-84.4088483403684,42.283646764745,2004-11-23,106
-84.4088483403684,42.283646764745,1990-09-18,85.0
-84.4088483403684,42.283646764745,2014-05-03,180
-84.4088483403684,42.283646764745,1979-04-07,144
-84.4088483403684,42.283646764745,2012-04-16,329
-84.4088483403684,42.283646764745,2019-03-17,260
-84.4088483403684,42.283646764745,2007-04-11,204
-84.4088483403684,42.283646764745,1989-01-20,124
-84.4088483403684,42.283646764745,2010-03-17,388
-84.4088483403684,42.283646764745,1980-11-20,67.0
-84.4088483403684,42.283646764745,1989-03-15,150
-84.4088483403684,42.283646764745,2007-06-20,83.3
-84.4088483403684,42.283646764745,2021-01-08,117
-84.4088483403684,42.283646764745,2011-06-06,261
-84.4088483403684,42.283646764745,1991-05-27,143
-84.4088483403684,42.283646764745,1998-04-01,370
-84.4088483403684,42.283646764745,2003-07-07,95.1
-84.4088483403684,42.283646764745,1982-06-05,228
-84.4088483403684,42.283646764745,1983-09-22,120
-84.4088483403684,42.283646764745,1979-01-09,70.0
-84.4088483403684,42.283646764745,2000-03-16,110
-84.4088483403684,42.283646764745,2012-04-03,190
-84.4088483403684,42.283646764745,2010-04-07,234
-84.4088483403684,42.283646764745,2011-01-11,149
-84.4088483403684,42.283646764745,1984-02-24,246
-84.4088483403684,42.283646764745,2013-04-18,422
-84.4088483403684,42.283646764745,2022-06-19,117
-84.4088483403684,42.283646764745,2020-12-29,81.9
-84.4088483403684,42.283646764745,1989-06-11,351
-84.4088483403684,42.283646764745,1984-09-11,82.0
-84.4088483403684,42.283646764745,2024-10-25,85.1
-84.4088483403684,42.283646764745,2013-11-07,225
-84.4088483403684,42.283646764745,1980-09-09,159
-84.4088483403684,42.283646764745,2025-01-19,109
-84.4088483403684,42.283646764745,1981-08-31,141
-84.4088483403684,42.283646764745,1998-08-18,87.0
-84.4088483403684,42.283646764745,2002-01-11,155
-84.4088483403684,42.283646764745,1989-11-22,201
-84.4088483403684,42.283646764745,2019-03-01,119
-84.4088483403684,42.283646764745,2025-03-27,149
-84.4088483403684,42.283646764745,2010-07-29,336
-84.4088483403684,42.283646764745,2014-01-15,187
-84.4088483403684,42.283646764745,1995-06-18,57.0
-84.4088483403684,42.283646764745,2015-03-26,213
-84.4088483403684,42.283646764745,2003-06-12,74.6
-84.4088483403684,42.283646764745,2025-08-12,60.8
-84.4088483403684,42.283646764745,1993-05-13,217
-84.4088483403684,42.283646764745,1981-08-08,155
-84.4088483403684,42.283646764745,1991-10-24,72.0
-84.4088483403684,42.283646764745,2007-04-07,153
-84.4088483403684,42.283646764745,1988-01-27,149
-84.4088483403684,42.283646764745,2007-10-13,53.8
-84.4088483403684,42.283646764745,2020-08-15,63.8
-84.4088483403684,42.283646764745,2009-03-07,282
-84.4088483403684,42.283646764745,2017-07-07,56.7
-84.4088483403684,42.283646764745,2007-12-10,135
-84.4088483403684,42.283646764745,1979-12-13,142
-84.4088483403684,42.283646764745,2018-06-15,177
-84.4088483403684,42.283646764745,1996-03-06,179
-84.4088483403684,42.283646764745,2012-02-03,351
-84.4088483403684,42.283646764745,2003-10-22,78.3
-84.4088483403684,42.283646764745,2003-01-16,112
-84.4088483403684,42.283646764745,2013-07-03,113
-84.4088483403684,42.283646764745,2016-11-27,72.1
-84.4088483403684,42.283646764745,1979-10-22,106
-84.4088483403684,42.283646764745,2026-07-19,75.6
-84.4088483403684,42.283646764745,2017-04-26,162
-84.4088483403684,42.283646764745,2005-03-25,240
-84.4088483403684,42.283646764745,1985-11-29,229
-84.4088483403684,42.283646764745,1987-11-20,52.0
-84.4088483403684,42.283646764745,1995-07-03,147
-84.4088483403684,42.283646764745,1985-10-22,189
-84.4088483403684,42.283646764745,2007-02-13,107
-84.4088483403684,42.283646764745,2020-02-12,194
-84.4088483403684,42.283646764745,1982-03-09,97.0
-84.4088483403684,42.283646764745,2008-11-02,89.4
-84.4088483403684,42.283646764745,1990-07-09,82.0
-84.4088483403684,42.283646764745,2008-06-08,154
-84.4088483403684,42.283646764745,2014-10-09,134
-84.4088483403684,42.283646764745,2024-06-26,148
-84.4088483403684,42.283646764745,2015-07-31,70.1
-84.4088483403684,42.283646764745,2008-08-19,50.5
-84.4088483403684,42.283646764745,2024-01-13,172
-84.4088483403684,42.283646764745,1984-10-17,55.0
-84.4088483403684,42.283646764745,2013-10-24,56.1
-84.4088483403684,42.283646764745,1999-09-04,42.0
-84.4088483403684,42.283646764745,2014-09-09,49.1
-84.4088483403684,42.283646764745,2017-08-17,44.6
-84.4088483403684,42.283646764745,2013-03-11,148
-84.4088483403684,42.283646764745,2007-10-07,60.4
-84.4088483403684,42.283646764745,2012-12-23,65.2
-84.4088483403684,42.283646764745,1986-10-02,261
-84.4088483403684,42.283646764745,2007-10-23,83.2
-84.4088483403684,42.283646764745,1996-04-27,314
-84.4088483403684,42.283646764745,2026-08-15,70.5
-84.4088483403684,42.283646764745,2002-05-15,271
-84.4088483403684,42.283646764745,2006-05-01,90.2
-84.4088483403684,42.283646764745,2013-04-26,483
-84.4088483403684,42.283646764745,1996-05-25,171
-84.4088483403684,42.283646764745,1979-10-02,41.0
-84.4088483403684,42.283646764745,2003-09-30,85.6
-84.4088483403684,42.283646764745,2017-06-14,62.8
-84.4088483403684,42.283646764745,1982-04-24,237
-84.4088483403684,42.283646764745,2025-11-10,65.4
-84.4088483403684,42.283646764745,2012-05-23,69.5
-84.4088483403684,42.283646764745,1981-09-09,160
-84.4088483403684,42.283646764745,1994-01-30,187
-84.4088483403684,42.283646764745,2012-08-12,48.3
-84.4088483403684,42.283646764745,1979-12-05,85.0
-84.4088483403684,42.283646764745,2008-11-28,104
-84.4088483403684,42.283646764745,2012-01-03,225
-84.4088483403684,42.283646764745,1980-02-24,144
-84.4088483403684,42.283646764745,2016-09-26,38.9
-84.4088483403684,42.283646764745,1992-01-11,166
-84.4088483403684,42.283646764745,1998-01-10,472
-84.4088483403684,42.283646764745,2017-02-08,277
-84.4088483403684,42.283646764745,2017-01-30,228
-84.4088483403684,42.283646764745,2018-10-11,124
-84.4088483403684,42.283646764745,2025-05-14,231
-84.4088483403684,42.283646764745,2014-08-16,41.8
-84.4088483403684,42.283646764745,1995-10-11,74.0
-84.4088483403684,42.283646764745,2025-09-08,46.6
-84.4088483403684,42.283646764745,2002-01-05,108
-84.4088483403684,42.283646764745,2013-04-06,72.3
-84.4088483403684,42.283646764745,1994-08-27,104
-84.4088483403684,42.283646764745,2004-03-22,182
-84.4088483403684,42.283646764745,1990-03-02,403
-84.4088483403684,42.283646764745,2006-09-07,80.6
-84.4088483403684,42.283646764745,2010-01-10,131
-84.4088483403684,42.283646764745,2008-05-18,109
-84.4088483403684,42.283646764745,2016-06-23,46.3
-84.4088483403684,42.283646764745,2009-04-16,385
-84.4088483403684,42.283646764745,1990-05-08,173
-84.4088483403684,42.283646764745,2012-12-02,76.9
-84.4088483403684,42.283646764745,2020-02-16,195
-84.4088483403684,42.283646764745,2007-12-17,136
-84.4088483403684,42.283646764745,1984-06-27,65.0
-84.4088483403684,42.283646764745,2019-05-13,228
-84.4088483403684,42.283646764745,2018-03-10,365
-84.4088483403684,42.283646764745,1980-09-27,146
-84.4088483403684,42.283646764745,1989-10-12,88.0
-84.4088483403684,42.283646764745,2015-09-27,44.1
-84.4088483403684,42.283646764745,2014-12-30,92.9
-84.4088483403684,42.283646764745,2020-03-21,194
-84.4088483403684,42.283646764745,2022-03-31,355
-84.4088483403684,42.283646764745,2024-05-27,110
-84.4088483403684,42.283646764745,1996-01-13,83.0
-84.4088483403684,42.283646764745,2008-01-18,412
-84.4088483403684,42.283646764745,2019-03-12,220
-84.4088483403684,42.283646764745,2013-12-06,75.6
-84.4088483403684,42.283646764745,1982-08-26,56.0
-84.4088483403684,42.283646764745,1993-07-03,195
-84.4088483403684,42.283646764745,2012-09-14,67.1
-84.4088483403684,42.283646764745,2001-09-09,105
-84.4088483403684,42.283646764745,2003-02-17,56.2
-84.4088483403684,42.283646764745,2009-04-07,384
-84.4088483403684,42.283646764745,2013-07-07,82.8
-84.4088483403684,42.283646764745,1980-08-25,165
-84.4088483403684,42.283646764745,2016-09-12,43.8
-84.4088483403684,42.283646764745,2025-07-02,83.4
-84.4088483403684,42.283646764745,1982-08-17,56.0
-84.4088483403684,42.283646764745,2003-03-28,204
-84.4088483403684,42.283646764745,1980-09-17,200
-84.4088483403684,42.283646764745,2007-11-12,62.0
-84.4088483403684,42.283646764745,2006-01-02,191
-84.4088483403684,42.283646764745,2017-05-19,117
-84.4088483403684,42.283646764745,2008-09-14,384
-84.4088483403684,42.283646764745,1982-04-02,485
-84.4088483403684,42.283646764745,1992-06-09,103
-84.4088483403684,42.283646764745,1983-03-17,185
-84.4088483403684,42.283646764745,1984-10-28,55.0
-84.4088483403684,42.283646764745,1983-11-07,84.0
-84.4088483403684,42.283646764745,2013-08-04,52.2
-84.4088483403684,42.283646764745,1999-04-28,294
-84.4088483403684,42.283646764745,2021-06-15,46.4
-84.4088483403684,42.283646764745,1979-07-27,42.0
-84.4088483403684,42.283646764745,2011-09-09,77.0
-84.4088483403684,42.283646764745,2021-12-14,255
-84.4088483403684,42.283646764745,1979-03-21,194
-84.4088483403684,42.283646764745,2019-06-29,140
-84.4088483403684,42.283646764745,2007-07-02,69.8
-84.4088483403684,42.283646764745,2017-04-17,235
-84.4088483403684,42.283646764745,2006-06-08,82.9
-84.4088483403684,42.283646764745,1989-01-01,153
-84.4088483403684,42.283646764745,1990-03-11,400
-84.4088483403684,42.283646764745,2025-10-23,77.9
-84.4088483403684,42.283646764745,2018-06-14,187
-84.4088483403684,42.283646764745,2019-09-30,199
-84.4088483403684,42.283646764745,1985-04-20,234
-84.4088483403684,42.283646764745,2024-11-29,95.9
-84.4088483403684,42.283646764745,1980-07-18,81.0
-84.4088483403684,42.283646764745,1997-05-15,209
-84.4088483403684,42.283646764745,2000-10-13,100
-84.4088483403684,42.283646764745,1990-01-22,146
-84.4088483403684,42.283646764745,1987-06-26,49.0
-84.4088483403684,42.283646764745,1987-07-31,32.0
-84.4088483403684,42.283646764745,2024-09-03,75.8
-84.4088483403684,42.283646764745,2022-04-14,263
-84.4088483403684,42.283646764745,2011-05-04,329
-84.4088483403684,42.283646764745,1996-06-06,129
-84.4088483403684,42.283646764745,2007-10-21,90.1
-84.4088483403684,42.283646764745,1996-03-05,156
-84.4088483403684,42.283646764745,1982-01-16,139
-84.4088483403684,42.283646764745,1991-10-12,106
-84.4088483403684,42.283646764745,1980-03-06,64.0
-84.4088483403684,42.283646764745,1987-03-22,134
-84.4088483403684,42.283646764745,2015-09-02,52.4
-84.4088483403684,42.283646764745,1997-01-08,226
-84.4088483403684,42.283646764745,2019-12-10,155
-84.4088483403684,42.283646764745,1985-01-08,239
-84.4088483403684,42.283646764745,2017-02-24,201
-84.4088483403684,42.283646764745,1991-12-03,235
-84.4088483403684,42.283646764745,2001-08-06,50.0
-84.4088483403684,42.283646764745,2024-05-11,192
-84.4088483403684,42.283646764745,1999-06-06,79.0
-84.4088483403684,42.283646764745,1989-11-18,174
-84.4088483403684,42.283646764745,2010-05-06,135
-84.4088483403684,42.283646764745,2016-10-20,97.6
-84.4088483403684,42.283646764745,1998-07-17,76.0
-84.4088483403684,42.283646764745,2001-02-27,452
-84.4088483403684,42.283646764745,1984-09-08,30.0
-84.4088483403684,42.283646764745,2003-08-22,49.1
-84.4088483403684,42.283646764745,2002-03-26,186
-84.4088483403684,42.283646764745,2005-07-21,191
-84.4088483403684,42.283646764745,2020-01-09,156
-84.4088483403684,42.283646764745,1984-08-11,42.0
-84.4088483403684,42.283646764745,1981-04-24,311
-84.4088483403684,42.283646764745,2024-12-08,87.9
-84.4088483403684,42.283646764745,2010-07-18,151
-84.4088483403684,42.283646764745,1995-04-19,248
-84.4088483403684,42.283646764745,2005-06-19,63.6
-84.4088483403684,42.283646764745,1987-02-18,101
-84.4088483403684,42.283646764745,2003-02-15,53.2
-84.4088483403684,42.283646764745,1983-11-23,235
-84.4088483403684,42.283646764745,2017-12-03,89.2
-84.4088483403684,42.283646764745,2014-10-05,68.4
-84.4088483403684,42.283646764745,2019-09-18,74.9
-84.4088483403684,42.283646764745,1996-09-22,70.0
-84.4088483403684,42.283646764745,2004-07-02,79.9
-84.4088483403684,42.283646764745,2003-06-20,62.8
-84.4088483403684,42.283646764745,2023-04-26,138
-84.4088483403684,42.283646764745,2016-11-15,60.6
-84.4088483403684,42.283646764745,2007-09-13,71.6
-84.4088483403684,42.283646764745,2002-11-28,59.6
-84.4088483403684,42.283646764745,1984-12-28,198
-84.4088483403684,42.283646764745,2000-08-25,107
-84.4088483403684,42.283646764745,1979-10-16,43.0
-84.4088483403684,42.283646764745,1996-04-14,154
-84.4088483403684,42.283646764745,1996-08-31,55.0
-84.4088483403684,42.283646764745,2020-08-27,49.5
-84.4088483403684,42.283646764745,1997-05-02,172
-84.4088483403684,42.283646764745,1991-12-31,138
-84.4088483403684,42.283646764745,2004-03-07,263
-84.4088483403684,42.283646764745,2004-09-04,66.8
-84.4088483403684,42.283646764745,2007-03-23,386
-84.4088483403684,42.283646764745,2025-06-21,193
-84.4088483403684,42.283646764745,2016-11-07,176
-84.4088483403684,42.283646764745,2008-11-10,124
-84.4088483403684,42.283646764745,1989-09-08,153
-84.4088483403684,42.283646764745,2005-07-15,87.7
-84.4088483403684,42.283646764745,2003-04-27,115
-84.4088483403684,42.283646764745,2015-03-02,65.2
-84.4088483403684,42.283646764745,2017-05-05,203
-84.4088483403684,42.283646764745,2018-03-15,217
-84.4088483403684,42.283646764745,2003-10-02,72.4
-84.4088483403684,42.283646764745,1997-09-14,93.0
-84.4088483403684,42.283646764745,2019-06-26,175
-84.4088483403684,42.283646764745,1988-02-10,141
-84.4088483403684,42.283646764745,2005-11-15,112
-84.4088483403684,42.283646764745,2020-03-18,144
-84.4088483403684,42.283646764745,2022-02-25,355
-84.4088483403684,42.283646764745,2005-05-25,137
-84.4088483403684,42.283646764745,1991-12-15,214
-84.4088483403684,42.283646764745,1985-09-02,38.0
-84.4088483403684,42.283646764745,2013-04-17,355
-84.4088483403684,42.283646764745,1991-06-17,107
-84.4088483403684,42.283646764745,2022-01-10,129
-84.4088483403684,42.283646764745,2016-08-03,39.0
-84.4088483403684,42.283646764745,2004-07-11,87.1
-84.4088483403684,42.283646764745,1979-01-07,72.0
-84.4088483403684,42.283646764745,2021-12-13,305
-84.4088483403684,42.283646764745,2024-01-24,158
-84.4088483403684,42.283646764745,2023-02-13,151
-84.4088483403684,42.283646764745,2007-09-02,80.9
-84.4088483403684,42.283646764745,1997-07-04,72.0
-84.4088483403684,42.283646764745,2020-01-30,239
-84.4088483403684,42.283646764745,1992-06-13,115
-84.4088483403684,42.283646764745,2017-03-29,315
-84.4088483403684,42.283646764745,2023-10-19,109
-84.4088483403684,42.283646764745,1979-01-27,61.0
-84.4088483403684,42.283646764745,2006-10-10,130
-84.4088483403684,42.283646764745,1996-04-03,166
-84.4088483403684,42.283646764745,1980-06-04,246
-84.4088483403684,42.283646764745,1997-10-11,68.0
-84.4088483403684,42.283646764745,1986-02-26,213
-84.4088483403684,42.283646764745,2019-04-19,255
-84.4088483403684,42.283646764745,2001-11-02,197
-84.4088483403684,42.283646764745,2008-03-27,388
-84.4088483403684,42.283646764745,1983-05-14,320
-84.4088483403684,42.283646764745,2022-06-07,296
-84.4088483403684,42.283646764745,2021-06-24,94.0
-84.4088483403684,42.283646764745,1991-11-24,161
-84.4088483403684,42.283646764745,2018-03-25,122
-84.4088483403684,42.283646764745,2015-09-13,51.2
-84.4088483403684,42.283646764745,1979-03-13,304
-84.4088483403684,42.283646764745,2002-04-09,265
-84.4088483403684,42.283646764745,2014-12-04,151
-84.4088483403684,42.283646764745,2015-05-22,69.5
-84.4088483403684,42.283646764745,2022-12-20,85.2
-84.4088483403684,42.283646764745,1992-11-12,345
-84.4088483403684,42.283646764745,1990-03-18,532
-84.4088483403684,42.283646764745,2024-02-21,128
-84.4088483403684,42.283646764745,2006-09-28,94.6
-84.4088483403684,42.283646764745,2008-10-30,93.6
-84.4088483403684,42.283646764745,2018-05-31,377
-84.4088483403684,42.283646764745,1980-09-23,115
-84.4088483403684,42.283646764745,1985-04-12,408
-84.4088483403684,42.283646764745,1987-07-02,43.0
-84.4088483403684,42.283646764745,2019-02-20,112
-84.4088483403684,42.283646764745,1990-02-16,211
-84.4088483403684,42.283646764745,2002-03-03,277
-84.4088483403684,42.283646764745,2026-02-26,126
-84.4088483403684,42.283646764745,1983-10-20,61.0
-84.4088483403684,42.283646764745,1982-04-19,337
-84.4088483403684,42.283646764745,2009-07-08,142
-84.4088483403684,42.283646764745,1984-08-18,35.0
-84.4088483403684,42.283646764745,1988-02-20,174
-84.4088483403684,42.283646764745,2022-02-16,142
-84.4088483403684,42.283646764745,1982-08-27,56.0
-84.4088483403684,42.283646764745,2025-08-09,61.9
-84.4088483403684,42.283646764745,2018-11-20,127
-84.4088483403684,42.283646764745,2001-12-10,156
-84.4088483403684,42.283646764745,2004-03-30,220
-84.4088483403684,42.283646764745,2006-09-09,81.1
-84.4088483403684,42.283646764745,2012-12-12,56.2
-84.4088483403684,42.283646764745,2017-03-26,279
-84.4088483403684,42.283646764745,2017-10-26,122
-84.4088483403684,42.283646764745,1982-10-25,49.0
-84.4088483403684,42.283646764745,2007-01-21,241
-84.4088483403684,42.283646764745,2013-02-17,183
-84.4088483403684,42.283646764745,2019-05-31,165
-84.4088483403684,42.283646764745,2004-07-26,77.9
-84.4088483403684,42.283646764745,2026-06-09,81.0
-84.4088483403684,42.283646764745,1981-11-25,227
-84.4088483403684,42.283646764745,1987-05-14,79.0
-84.4088483403684,42.283646764745,1983-11-19,171
-84.4088483403684,42.283646764745,2020-11-09,74.5
-84.4088483403684,42.283646764745,2004-08-30,76.5
-84.4088483403684,42.283646764745,1982-04-15,363
-84.4088483403684,42.283646764745,1982-07-16,77.0
-84.4088483403684,42.283646764745,2015-02-10,72.6
-84.4088483403684,42.283646764745,2002-04-05,226
-84.4088483403684,42.283646764745,1997-01-24,170
-84.4088483403684,42.283646764745,2010-07-04,169
-84.4088483403684,42.283646764745,1997-10-27,98.0
-84.4088483403684,42.283646764745,2017-06-18,61.0
-84.4088483403684,42.283646764745,2000-02-24,140
-84.4088483403684,42.283646764745,2005-07-31,113
-84.4088483403684,42.283646764745,1990-03-30,281
-84.4088483403684,42.283646764745,1985-07-13,61.0
-84.4088483403684,42.283646764745,2006-04-09,229
-84.4088483403684,42.283646764745,2004-11-02,114
-84.4088483403684,42.283646764745,2024-08-19,108
-84.4088483403684,42.283646764745,1992-05-10,110
-84.4088483403684,42.283646764745,2023-04-10,262
-84.4088483403684,42.283646764745,2011-10-07,99.8
-84.4088483403684,42.283646764745,2013-10-02,51.7
-84.4088483403684,42.283646764745,1992-11-03,265
-84.4088483403684,42.283646764745,1992-10-30,187
-84.4088483403684,42.283646764745,1984-05-25,284
-84.4088483403684,42.283646764745,2026-07-01,69.4
-84.4088483403684,42.283646764745,1998-05-12,288
-84.4088483403684,42.283646764745,2022-02-09,132
-84.4088483403684,42.283646764745,1988-06-21,42.0
-84.4088483403684,42.283646764745,2012-02-07,306
-84.4088483403684,42.283646764745,1996-10-29,111
-84.4088483403684,42.283646764745,2014-03-12,153
-84.4088483403684,42.283646764745,2008-08-17,49.9
-84.4088483403684,42.283646764745,2001-01-14,110
-84.4088483403684,42.283646764745,1993-02-05,136
-84.4088483403684,42.283646764745,1999-05-23,151
-84.4088483403684,42.283646764745,2000-12-11,93.0
-84.4088483403684,42.283646764745,1988-06-11,42.0
-84.4088483403684,42.283646764745,2006-04-05,145
-84.4088483403684,42.283646764745,2012-09-11,34.5
-84.4088483403684,42.283646764745,2020-03-15,223
-84.4088483403684,42.283646764745,2020-05-12,141
-84.4088483403684,42.283646764745,2013-01-26,61.4
-84.4088483403684,42.283646764745,1980-08-17,80.0
-84.4088483403684,42.283646764745,1989-06-10,421
-84.4088483403684,42.283646764745,1997-12-26,177
-84.4088483403684,42.283646764745,2013-05-22,75.4
-84.4088483403684,42.283646764745,1990-05-16,225
-84.4088483403684,42.283646764745,2016-07-26,38.6
-84.4088483403684,42.283646764745,2020-06-23,166
-84.4088483403684,42.283646764745,2017-11-26,168
-84.4088483403684,42.283646764745,2026-01-09,142
-84.4088483403684,42.283646764745,2020-04-02,459
-84.4088483403684,42.283646764745,2005-10-21,35.8
-84.4088483403684,42.283646764745,1991-06-07,146
-84.4088483403684,42.283646764745,1991-04-24,278
-84.4088483403684,42.283646764745,1980-10-21,67.0
-84.4088483403684,42.283646764745,1979-06-21,58.0
-84.4088483403684,42.283646764745,2016-04-24,120
-84.4088483403684,42.283646764745,2008-02-16,289
-84.4088483403684,42.283646764745,1996-11-01,140
-84.4088483403684,42.283646764745,2017-04-11,490
-84.4088483403684,42.283646764745,1984-07-30,39.0
-84.4088483403684,42.283646764745,2015-02-05,77.9
-84.4088483403684,42.283646764745,2014-02-21,189
-84.4088483403684,42.283646764745,2021-05-30,93.3
-84.4088483403684,42.283646764745,2013-07-26,61.9
-84.4088483403684,42.283646764745,1987-05-25,94.0
-84.4088483403684,42.283646764745,2015-12-17,62.5
-84.4088483403684,42.283646764745,2017-12-05,86.2
-84.4088483403684,42.283646764745,1999-08-28,52.0
-84.4088483403684,42.283646764745,1997-09-21,161
-84.4088483403684,42.283646764745,1990-12-16,157
-84.4088483403684,42.283646764745,2016-04-09,197
-84.4088483403684,42.283646764745,2025-10-04,41.4
-84.4088483403684,42.283646764745,1993-07-05,160
-84.4088483403684,42.283646764745,2023-09-04,62.4
-84.4088483403684,42.283646764745,2008-03-03,298
-84.4088483403684,42.283646764745,1983-06-11,175
-84.4088483403684,42.283646764745,1998-05-06,400
-84.4088483403684,42.283646764745,2010-06-07,525
-84.4088483403684,42.283646764745,2022-05-13,212
-84.4088483403684,42.283646764745,2008-07-23,101
-84.4088483403684,42.283646764745,2010-04-01,160
-84.4088483403684,42.283646764745,1985-08-24,47.0
-84.4088483403684,42.283646764745,1998-10-01,56.0
-84.4088483403684,42.283646764745,2011-04-21,229
-84.4088483403684,42.283646764745,2016-08-25,56.1
-84.4088483403684,42.283646764745,1983-07-02,183
-84.4088483403684,42.283646764745,2017-09-02,27.2
-84.4088483403684,42.283646764745,1993-05-19,104
-84.4088483403684,42.283646764745,1991-09-18,60.0
-84.4088483403684,42.283646764745,2005-02-20,353
-84.4088483403684,42.283646764745,1998-06-10,148
-84.4088483403684,42.283646764745,2009-08-12,84.5
-84.4088483403684,42.283646764745,2026-08-23,70.8
-84.4088483403684,42.283646764745,2018-12-15,133
-84.4088483403684,42.283646764745,2013-01-28,96.5
-84.4088483403684,42.283646764745,1994-02-18,126
-84.4088483403684,42.283646764745,2004-11-15,110
-84.4088483403684,42.283646764745,2014-09-24,73.7
-84.4088483403684,42.283646764745,2020-06-26,103
-84.4088483403684,42.283646764745,2011-07-27,84.3
-84.4088483403684,42.283646764745,1985-05-17,128
-84.4088483403684,42.283646764745,1987-01-11,115
-84.4088483403684,42.283646764745,2026-07-14,102
-84.4088483403684,42.283646764745,2008-07-29,75.2
-84.4088483403684,42.283646764745,2023-03-04,283
-84.4088483403684,42.283646764745,2006-12-01,368
-84.4088483403684,42.283646764745,1998-06-27,104
-84.4088483403684,42.283646764745,1989-09-11,132
-84.4088483403684,42.283646764745,2021-07-24,99.4
-84.4088483403684,42.283646764745,2007-10-24,68.2
-84.4088483403684,42.283646764745,1982-11-05,228
-84.4088483403684,42.283646764745,2026-02-04,87.1
-84.4088483403684,42.283646764745,2012-07-06,44.1
-84.4088483403684,42.283646764745,1999-09-09,41.0
-84.4088483403684,42.283646764745,1988-10-11,69.0
-84.4088483403684,42.283646764745,2022-02-19,303
-84.4088483403684,42.283646764745,2026-06-30,72.3
-84.4088483403684,42.283646764745,2015-08-22,54.7
-84.4088483403684,42.283646764745,2018-02-26,614
-84.4088483403684,42.283646764745,2002-12-07,57.7
-84.4088483403684,42.283646764745,1989-05-09,103
-84.4088483403684,42.283646764745,2025-09-15,48.5
-84.4088483403684,42.283646764745,2020-03-20,200
-84.4088483403684,42.283646764745,1983-03-09,214
-84.4088483403684,42.283646764745,1994-07-18,84.0
-84.4088483403684,42.283646764745,2008-06-06,159
-84.4088483403684,42.283646764745,1995-02-13,89.0
-84.4088483403684,42.283646764745,1989-03-17,161
-84.4088483403684,42.283646764745,2021-11-09,231
-84.4088483403684,42.283646764745,1994-09-15,61.0
-84.4088483403684,42.283646764745,2006-04-04,201
-84.4088483403684,42.283646764745,1981-09-14,87.0
-84.4088483403684,42.283646764745,2020-08-20,54.2
-84.4088483403684,42.283646764745,2022-05-07,335
-84.4088483403684,42.283646764745,2012-05-03,174
-84.4088483403684,42.283646764745,1980-04-15,353
-84.4088483403684,42.283646764745,1994-03-27,318
-84.4088483403684,42.283646764745,1990-01-30,179
-84.4088483403684,42.283646764745,1988-05-19,76.0
-84.4088483403684,42.283646764745,2016-09-14,41.7
-84.4088483403684,42.283646764745,2026-07-27,58.8
-84.4088483403684,42.283646764745,1990-01-16,157
-84.4088483403684,42.283646764745,1990-08-09,62.0
-84.4088483403684,42.283646764745,2000-07-19,124
-84.4088483403684,42.283646764745,1987-07-05,39.0
-84.4088483403684,42.283646764745,2025-06-24,159
-84.4088483403684,42.283646764745,1995-07-07,110
-84.4088483403684,42.283646764745,2009-11-15,91.4
-84.4088483403684,42.283646764745,2026-08-10,167
-84.4088483403684,42.283646764745,2014-04-19,220
-84.4088483403684,42.283646764745,2015-11-22,72.0
-84.4088483403684,42.283646764745,2024-03-28,131
-84.4088483403684,42.283646764745,2003-07-29,42.0
-84.4088483403684,42.283646764745,2010-11-15,59.0
-84.4088483403684,42.283646764745,2015-02-24,64.7
-84.4088483403684,42.283646764745,1998-11-07,118
-84.4088483403684,42.283646764745,1980-08-01,55.0
-84.4088483403684,42.283646764745,1986-01-06,73.0
-84.4088483403684,42.283646764745,2019-12-06,235
-84.4088483403684,42.283646764745,2023-04-15,202
-84.4088483403684,42.283646764745,1993-06-30,252
-84.4088483403684,42.283646764745,1985-12-16,103
-84.4088483403684,42.283646764745,2004-10-21,54.7
-84.4088483403684,42.283646764745,1999-09-23,33.0
-84.4088483403684,42.283646764745,2007-04-24,184
-84.4088483403684,42.283646764745,2021-05-14,78.5
-84.4088483403684,42.283646764745,2021-04-04,139
-84.4088483403684,42.283646764745,1994-12-19,191
-84.4088483403684,42.283646764745,1987-06-28,37.0
-84.4088483403684,42.283646764745,1983-12-07,152
-84.4088483403684,42.283646764745,1990-04-19,268
-84.4088483403684,42.283646764745,2013-11-03,98.8
-84.4088483403684,42.283646764745,2017-03-15,125
-84.4088483403684,42.283646764745,1982-01-19,140
-84.4088483403684,42.283646764745,1984-05-08,149
-84.4088483403684,42.283646764745,2023-10-17,74.2
-84.4088483403684,42.283646764745,2006-02-16,236
-84.4088483403684,42.283646764745,2018-08-27,50.1
-84.4088483403684,42.283646764745,2008-06-03,159
-84.4088483403684,42.283646764745,1984-11-23,63.0
-84.4088483403684,42.283646764745,2001-04-12,185
-84.4088483403684,42.283646764745,2007-11-29,143
-84.4088483403684,42.283646764745,1984-03-15,110
-84.4088483403684,42.283646764745,2024-03-31,128
-84.4088483403684,42.283646764745,2011-02-02,66.8
-84.4088483403684,42.283646764745,2005-12-04,147
-84.4088483403684,42.283646764745,2006-03-09,177
-84.4088483403684,42.283646764745,1989-11-04,69.0
-84.4088483403684,42.283646764745,1988-03-01,123
-84.4088483403684,42.283646764745,2025-02-24,101
-84.4088483403684,42.283646764745,1985-12-02,228
-84.4088483403684,42.283646764745,1996-10-08,68.0
-84.4088483403684,42.283646764745,2025-04-21,143
-84.4088483403684,42.283646764745,2012-01-25,365
-84.4088483403684,42.283646764745,2025-01-04,210
-84.4088483403684,42.283646764745,1993-11-27,142
-84.4088483403684,42.283646764745,1989-06-04,551
-84.4088483403684,42.283646764745,2023-08-17,159
-84.4088483403684,42.283646764745,1987-11-09,55.0
-84.4088483403684,42.283646764745,1995-10-17,69.0
-84.4088483403684,42.283646764745,2011-02-05,81.1
-84.4088483403684,42.283646764745,1996-04-11,139
-84.4088483403684,42.283646764745,1986-05-07,165
-84.4088483403684,42.283646764745,2024-09-25,65.5
-84.4088483403684,42.283646764745,1988-06-28,35.0
-84.4088483403684,42.283646764745,2017-05-11,247
-84.4088483403684,42.283646764745,2005-03-04,204
-84.4088483403684,42.283646764745,2000-09-13,141
-84.4088483403684,42.283646764745,2026-09-20,189
-84.4088483403684,42.283646764745,1989-09-22,130
-84.4088483403684,42.283646764745,1991-11-14,84.0
-84.4088483403684,42.283646764745,2001-12-08,167
-84.4088483403684,42.283646764745,2011-03-24,362
-84.4088483403684,42.283646764745,2020-08-05,67.7
-84.4088483403684,42.283646764745,2003-03-13,125
-84.4088483403684,42.283646764745,2021-12-19,287
-84.4088483403684,42.283646764745,2020-02-29,192
-84.4088483403684,42.283646764745,2019-05-08,388
-84.4088483403684,42.283646764745,1995-08-13,152
-84.4088483403684,42.283646764745,2013-01-09,55.4
-84.4088483403684,42.283646764745,2014-04-09,398
-84.4088483403684,42.283646764745,2011-03-17,360
-84.4088483403684,42.283646764745,2020-09-14,69.9
-84.4088483403684,42.283646764745,1988-05-27,62.0
-84.4088483403684,42.283646764745,1992-02-02,122
-84.4088483403684,42.283646764745,2023-11-02,95.0
-84.4088483403684,42.283646764745,1993-10-03,235
-84.4088483403684,42.283646764745,2007-02-01,166
-84.4088483403684,42.283646764745,1997-08-31,89.0
-84.4088483403684,42.283646764745,1986-01-14,129
-84.4088483403684,42.283646764745,1994-10-05,69.0
-84.4088483403684,42.283646764745,2023-06-02,63.8
-84.4088483403684,42.283646764745,1999-07-26,68.0
-84.4088483403684,42.283646764745,1985-05-03,102
-84.4088483403684,42.283646764745,2012-05-02,161
-84.4088483403684,42.283646764745,2001-11-30,265
-84.4088483403684,42.283646764745,1989-06-18,223
-84.4088483403684,42.283646764745,1984-10-23,119
-84.4088483403684,42.283646764745,2008-02-06,434
-84.4088483403684,42.283646764745,2005-09-02,52.6
-84.4088483403684,42.283646764745,2022-07-21,94.3
-84.4088483403684,42.283646764745,1991-07-06,61.0
-84.4088483403684,42.283646764745,2017-03-22,197
-84.4088483403684,42.283646764745,1981-05-06,201
-84.4088483403684,42.283646764745,1989-04-28,161
